battery_power,blue,clock_speed,dual_sim,fc,four_g,int_memory,m_dep,mobile_wt,n_cores,pc,px_height,px_width,ram,sc_h,sc_w,talk_time,three_g,touch_screen,wifi,price_range,total_camera_mp,screen_area,aspect_ratio,pixel_density,ram_per_core,battery_wt_ratio,storage_ram_ratio,connectivity_score,performance_score,ram_category,battery_category
842,0,2.2,0,1,0,7,0.6,188,2,2,20.0,756,2549,9,7,19,0,0,1,1,3,63,36.0,75.63,1274.5,4.48,2.7,1,11.22,2,0
1021,1,0.5,1,0,1,53,0.7,136,3,6,905.0,1988,2631,17,3,7,1,1,0,2,6,51,2.194,121.35,877.0,7.51,19.86,5,3.95,2,1
563,1,0.5,1,2,1,41,0.9,145,5,6,1263.0,1716,2603,11,2,9,1,1,0,2,8,22,1.358,177.56,520.6,3.88,15.52,5,6.51,2,0
615,1,2.5,0,0,0,10,0.8,131,6,9,1216.0,1786,2769,16,8,11,1,0,0,2,9,128,1.468,127.1,461.5,4.69,3.57,2,41.54,2,0
1821,1,1.2,0,13,1,44,0.6,141,2,14,1208.0,1212,1411,8,2,15,1,1,0,1,27,16,1.002,190.13,705.5,12.91,29.77,4,3.39,1,2
1859,0,0.5,1,3,0,22,0.7,164,1,7,1004.0,1654,1067,17,1,10,1,0,0,1,10,17,1.646,107.49,1067.0,11.34,19.26,2,0.53,1,2
1821,0,1.7,0,4,1,10,0.8,139,8,10,381.0,1018,3220,13,8,18,1,0,1,3,14,104,2.665,77.64,402.5,13.1,3.08,3,43.79,3,2
1954,0,0.5,1,0,0,24,0.8,187,4,0,512.0,1149,700,16,3,5,1,1,1,0,0,48,2.24,73.99,175.0,10.45,30.63,4,1.4,0,2
1445,1,0.5,0,0,0,53,0.7,174,7,14,386.0,836,1099,17,1,20,1,0,0,0,14,17,2.16,51.16,157.0,8.3,45.17,2,3.85,1,1
509,1,0.6,1,2,1,9,0.1,93,5,15,1137.0,1224,513,19,10,12,1,0,0,0,17,190,1.076,83.53,102.6,5.47,14.98,4,1.54,0,0
769,1,2.9,1,0,0,9,0.1,182,5,1,248.0,874,3946,5,2,7,0,0,0,3,1,10,3.51,151.42,789.2,4.23,2.28,2,57.22,3,0
1520,1,2.2,0,5,1,33,0.5,177,8,18,151.0,1005,3826,14,9,13,1,1,1,3,23,126,6.612,67.75,478.25,8.59,8.6,5,67.34,3,2
1815,0,2.8,0,2,0,33,0.6,159,4,17,607.0,748,1482,18,6,2,1,0,0,1,19,108,1.23,50.7,370.5,11.42,21.33,1,16.6,1,2
803,1,2.1,0,7,0,17,1.0,198,4,11,344.0,1440,2680,7,1,4,1,0,1,2,18,7,4.174,185.06,670.0,4.06,6.26,3,22.51,2,0
1866,0,0.5,0,13,1,52,0.7,185,1,17,356.0,563,373,14,9,3,1,0,1,0,30,126,1.577,44.41,373.0,10.09,112.01,3,0.19,0,2
775,0,1.0,0,3,0,46,0.7,159,2,16,862.0,1864,568,17,15,11,1,1,1,0,19,255,2.16,114.09,284.0,4.87,70.26,3,1.14,0,0
838,0,0.5,0,1,1,13,0.1,196,8,4,984.0,1850,3554,10,9,19,1,0,1,3,5,90,1.878,190.49,444.25,4.28,3.64,3,14.22,3,0
595,0,0.9,1,7,1,23,0.1,121,3,17,441.0,810,3752,10,2,18,1,1,0,3,24,20,1.833,83.84,1250.67,4.92,6.11,4,10.13,3,0
1131,1,0.5,1,11,0,49,0.6,101,5,18,658.0,878,1835,19,13,16,1,1,0,1,29,247,1.332,54.86,367.0,11.2,25.9,4,4.59,1,1
682,1,0.5,0,4,0,19,1.0,121,4,11,902.0,1064,2337,11,1,18,0,1,1,1,15,11,1.178,116.24,584.25,5.64,7.98,3,4.67,2,0
772,0,1.1,1,12,0,39,0.8,81,7,14,1314.0,1854,2819,17,15,3,1,1,0,3,26,255,1.41,126.25,402.71,9.53,13.67,3,21.71,2,0
1709,1,2.1,0,1,0,13,1.0,156,2,2,974.0,1385,3283,17,1,15,1,0,0,3,3,17,1.421,94.07,1641.5,10.96,3.93,2,13.79,3,2
1949,0,2.6,1,4,0,47,0.3,199,4,7,407.0,822,1433,11,5,20,0,0,1,1,11,55,2.015,76.44,358.25,9.79,31.35,2,14.9,1,2
1602,1,2.8,1,4,1,38,0.7,114,3,20,466.0,788,1037,8,7,20,1,0,0,0,24,56,1.687,101.72,345.67,14.05,34.15,4,8.71,1,2
503,0,1.2,1,5,1,8,0.4,111,3,13,201.0,1245,2583,11,6,12,1,0,0,1,18,66,6.163,105.09,861.0,4.53,3.05,3,9.3,2,0
961,1,1.4,1,0,1,57,0.6,114,8,3,291.0,1434,2782,18,9,7,1,1,1,2,3,162,4.911,77.01,347.75,8.43,20.24,6,31.16,2,0
519,1,1.6,1,7,1,51,0.3,132,4,19,550.0,645,3763,16,1,4,1,0,1,3,26,16,1.171,49.86,940.75,3.93,13.51,5,24.08,3,0
956,0,0.5,0,1,1,41,1.0,143,7,6,511.0,1075,3286,17,8,12,1,1,0,3,7,136,2.1,66.13,469.43,6.69,12.39,3,11.5,3,0
1453,0,1.6,1,12,1,52,0.3,96,2,18,187.0,1311,2373,10,1,10,1,1,1,2,30,10,6.973,120.39,1186.5,15.14,21.51,5,7.59,2,1
851,0,0.5,0,3,0,21,0.4,200,5,7,1171.0,1263,478,12,7,10,1,0,1,0,10,84,1.078,132.49,95.6,4.26,37.05,2,1.2,0,0
1579,1,0.5,1,0,0,5,0.2,88,7,9,1358.0,1739,3532,17,11,12,0,0,1,3,9,187,1.28,122.58,504.57,17.94,1.41,3,12.36,3,2
1568,1,0.5,0,16,0,33,1.0,150,8,20,413.0,654,508,5,1,6,1,1,1,0,36,5,1.58,128.91,63.5,10.45,55.36,4,2.03,0,2
1319,1,0.9,0,3,1,41,0.9,107,1,18,85.0,1152,2227,18,5,3,1,1,1,1,21,90,13.395,60.8,2227.0,12.33,18.02,5,2.0,2,1
1310,1,2.2,1,0,1,51,0.6,100,4,0,178.0,1919,3845,7,6,12,1,1,0,3,0,42,10.721,240.9,961.25,13.1,13.23,5,33.84,3,1
644,1,2.7,0,0,0,22,0.7,157,8,3,311.0,881,1262,12,1,15,1,0,0,0,3,12,2.824,71.87,157.75,4.1,16.51,2,27.26,1,0
725,0,1.3,1,16,0,60,0.4,160,8,17,1134.0,1249,1326,10,4,15,1,0,0,1,33,40,1.1,153.36,165.75,4.53,43.01,2,13.79,1,0
589,1,2.3,1,1,0,61,0.6,160,4,10,429.0,815,2113,13,7,2,1,0,1,1,11,91,1.895,65.79,528.25,3.68,28.2,4,19.44,2,0
1725,1,1.6,1,6,1,6,0.5,119,2,18,609.0,1307,3429,6,5,4,1,1,0,3,24,30,2.143,205.99,1714.5,14.5,1.74,5,10.97,3,2
790,0,2.0,1,16,1,11,0.3,87,6,17,347.0,730,3169,6,1,2,1,0,1,2,33,6,2.098,115.47,528.17,9.08,3.44,4,38.03,3,0
560,0,0.5,1,15,0,50,0.3,159,2,20,1448.0,1613,2150,18,12,11,1,1,0,2,35,216,1.113,114.08,1075.0,3.52,22.73,3,2.15,2,0
1347,0,2.9,0,5,0,44,0.6,132,1,14,434.0,967,2484,18,2,11,1,0,1,2,19,36,2.223,55.79,2484.0,10.2,17.42,2,7.2,2,1
1646,1,2.3,0,8,1,41,0.2,185,2,10,1725.0,1932,3339,18,10,19,1,1,0,3,18,180,1.119,136.32,1669.5,8.9,12.2,4,15.36,3,2
1253,1,0.5,1,5,1,5,0.2,152,2,19,685.0,714,1878,15,6,4,1,1,0,1,24,90,1.041,61.84,939.0,8.24,2.59,5,1.88,1,1
1656,0,1.0,0,5,1,34,0.1,166,3,7,880.0,1456,1629,15,12,14,1,1,0,1,12,180,1.653,106.33,543.0,9.98,20.11,3,4.89,1,2
1195,1,2.8,0,1,1,20,0.8,110,2,14,1580.0,1652,504,9,3,12,1,1,0,0,15,27,1.045,228.59,252.0,10.86,33.77,4,2.82,0,1
1514,0,2.9,0,0,0,27,0.2,118,3,1,186.0,1810,1152,8,3,20,0,1,1,1,1,24,9.679,202.17,384.0,12.83,22.04,2,10.02,1,2
1723,1,1.1,1,1,0,42,1.0,164,8,14,202.0,1791,3587,10,5,3,1,0,0,3,15,50,8.823,163.85,448.38,10.51,11.66,3,31.57,3,2
1054,1,1.8,1,3,1,40,0.8,196,7,10,27.0,774,2296,16,12,12,1,0,1,1,13,192,27.643,45.56,328.0,5.38,17.08,5,28.93,2,1
578,1,2.6,1,2,1,57,0.2,162,8,8,1025.0,1433,1270,15,3,5,1,0,1,0,10,45,1.397,110.12,158.75,3.57,42.53,5,26.42,1,0
596,0,2.1,1,9,0,64,0.8,111,8,15,885.0,1854,3238,16,13,10,0,0,0,3,24,208,2.093,120.85,404.75,5.37,19.62,1,54.4,3,0
1547,1,3.0,1,2,1,14,0.7,198,3,19,1042.0,1832,2059,5,6,15,1,0,1,2,21,30,1.756,351.27,686.33,7.81,6.63,5,18.53,2,2
1760,0,1.4,1,5,0,63,0.8,127,8,19,1382.0,1383,2053,19,12,16,0,1,0,2,24,228,1.0,97.76,256.62,13.86,29.93,2,22.99,2,2
1654,1,1.5,1,0,1,43,0.3,109,2,0,546.0,629,3112,12,5,10,1,1,0,3,0,60,1.15,64.07,1556.0,15.17,13.7,5,9.34,3,2
1457,0,1.9,1,1,1,16,0.3,102,3,10,1013.0,1287,1440,17,8,12,1,0,1,1,11,136,1.269,90.99,480.0,14.28,10.62,4,8.21,1,1
1073,1,0.5,1,0,0,51,0.5,145,7,0,690.0,804,2908,6,6,18,0,1,0,2,0,36,1.164,151.36,415.43,7.4,17.35,3,10.18,2,1
1936,0,2.1,1,10,1,46,0.6,104,3,20,667.0,1036,2552,14,7,13,1,0,0,2,30,98,1.551,82.14,850.67,18.62,17.75,3,16.08,2,2
823,1,2.7,1,13,0,60,0.5,148,8,19,822.0,1449,905,14,11,17,1,1,1,0,32,154,1.761,111.06,113.12,5.56,60.99,5,19.55,0,0
987,0,1.3,1,0,1,61,0.4,107,3,9,581.0,820,3963,9,4,20,1,0,1,3,9,36,1.409,100.5,1321.0,9.22,15.36,4,15.46,3,0
1757,0,0.5,0,8,0,49,0.5,180,6,14,265.0,713,2056,7,5,4,0,0,0,1,22,35,2.68,95.08,342.67,9.76,23.25,0,6.17,2,2
1063,0,1.4,1,2,1,48,1.0,128,5,4,127.0,683,2910,15,13,9,1,1,1,2,6,195,5.336,43.42,582.0,8.3,16.32,5,20.37,2,1
1484,0,3.0,0,3,0,12,0.6,134,3,5,916.0,969,1457,14,4,20,1,1,0,1,8,56,1.057,88.89,485.67,11.07,7.88,2,13.11,1,1
799,1,2.3,0,1,1,63,0.8,144,8,6,361.0,975,431,15,6,6,1,1,1,0,7,90,2.693,64.98,53.88,5.55,120.94,5,7.93,0,0
1156,1,1.2,1,0,1,50,0.8,159,2,0,322.0,547,470,7,6,15,1,1,0,0,0,42,1.693,79.34,235.0,7.27,89.45,5,1.13,0,1
1720,0,2.0,0,15,1,55,0.5,168,2,18,753.0,1353,2148,14,2,5,1,1,1,2,33,28,1.794,103.23,1074.0,10.24,25.03,4,8.59,2,2
702,0,2.6,1,2,1,9,0.7,141,3,3,504.0,1570,2955,10,4,19,1,0,0,2,5,40,3.109,149.9,985.0,4.98,3.01,3,23.05,2,0
616,0,1.9,1,13,1,44,0.8,81,3,17,651.0,1618,3366,18,8,13,1,1,0,3,30,144,2.482,91.79,1122.0,7.6,12.99,4,19.19,3,0
1358,1,0.5,0,11,1,36,0.3,155,4,14,1565.0,1858,3068,9,4,4,1,1,0,3,25,36,1.186,242.93,767.0,8.76,11.63,4,6.14,3,1
1866,0,1.4,0,0,0,30,0.5,182,3,0,108.0,1781,3834,16,11,8,0,0,0,3,0,176,16.339,104.96,1278.0,10.25,7.8,0,16.1,3,2
1242,0,1.1,1,0,0,10,0.6,165,2,1,459.0,1225,1050,11,1,4,1,0,1,0,1,11,2.663,109.01,525.0,7.53,8.89,3,2.31,1,1
1166,0,1.5,1,0,1,43,0.8,80,4,1,205.0,603,3993,7,1,7,1,1,0,3,1,7,2.927,79.61,998.25,14.58,10.75,4,23.96,3,1
1448,1,0.5,1,6,1,45,0.8,138,7,11,570.0,1724,3378,13,11,2,1,1,1,3,17,143,3.019,129.7,482.57,10.49,13.24,6,11.82,3,1
1407,1,2.4,0,1,1,22,0.7,104,4,4,1172.0,1217,2192,9,7,13,1,0,1,2,5,63,1.038,168.96,548.0,13.53,9.82,4,21.04,2,1
605,0,1.0,0,8,1,9,0.1,142,3,16,160.0,1026,392,15,6,4,1,0,0,0,24,90,6.373,64.9,130.67,4.26,18.64,2,1.18,0,0
1038,0,1.2,0,3,0,43,0.7,141,1,5,4.0,638,3709,11,6,12,1,1,1,3,8,66,127.6,53.17,3709.0,7.36,11.55,3,4.45,3,1
797,1,2.9,1,4,0,38,0.5,90,4,6,763.0,1413,590,9,2,6,0,1,0,0,10,18,1.849,160.58,147.5,8.86,56.2,3,6.84,0,0
819,0,0.6,1,8,1,42,0.9,188,6,20,339.0,1242,1814,5,4,13,1,0,1,1,28,20,3.653,214.57,302.33,4.36,22.44,4,6.53,1,0
1114,0,2.8,0,4,1,9,0.4,197,3,15,1040.0,1071,907,10,7,17,1,1,0,0,19,70,1.029,135.71,302.33,5.65,9.13,3,7.62,0,1
1234,1,1.6,1,1,0,33,0.6,172,1,3,166.0,778,1449,11,7,6,0,0,1,0,4,77,4.659,66.29,1449.0,7.17,21.78,3,2.32,1,1
1199,1,2.5,1,15,1,16,0.2,116,4,20,1168.0,1552,3448,17,13,10,1,0,1,3,35,221,1.328,107.91,862.0,10.34,4.61,5,34.48,3,1
1103,0,1.0,1,6,0,29,0.7,111,6,8,990.0,1486,1837,8,7,16,0,1,1,1,14,56,1.499,198.4,306.17,9.94,15.31,3,11.02,1,1
1589,1,0.6,1,0,1,58,0.9,85,7,7,319.0,1206,3464,19,10,6,1,1,1,3,7,190,3.769,62.37,494.86,18.69,16.65,6,14.55,3,2
999,0,2.9,1,11,1,64,0.2,199,4,19,1397.0,1616,2593,14,11,16,1,1,0,2,30,154,1.156,142.41,648.25,5.02,24.31,4,30.08,2,0
1510,1,0.9,1,2,0,45,0.9,180,5,3,708.0,1752,3484,9,6,11,0,1,1,3,5,54,2.471,188.96,696.8,8.39,12.85,4,15.68,3,2
1008,0,0.8,0,11,0,61,1.0,114,3,15,1077.0,1122,2009,10,3,11,1,0,0,1,26,30,1.041,141.39,669.67,8.84,29.58,1,4.82,2,1
1127,1,2.9,1,5,1,57,0.8,163,1,13,928.0,1049,2048,11,5,17,1,1,1,1,18,55,1.129,116.71,2048.0,6.91,27.14,6,5.94,2,1
1412,1,2.4,0,5,0,25,0.8,96,8,17,516.0,1894,837,15,9,4,0,0,1,1,22,135,3.663,122.69,104.62,14.71,27.25,2,16.07,0,1
1496,1,2.0,1,4,0,42,0.5,182,5,5,96.0,741,854,16,6,7,0,1,1,0,9,96,7.639,43.95,170.8,8.22,44.97,4,8.54,0,1
1083,1,2.9,1,1,1,64,0.8,178,3,11,1025.0,1118,3210,13,3,4,1,0,0,3,12,39,1.09,108.34,1070.0,6.08,19.79,4,27.93,3,1
668,0,0.5,1,0,0,3,0.1,155,5,13,666.0,1203,2746,9,5,8,1,1,1,2,13,45,1.804,137.51,549.2,4.31,1.08,4,6.86,2,0
1309,0,1.1,1,0,0,33,0.5,100,4,14,557.0,1402,2334,10,1,11,1,0,1,2,14,10,2.513,137.14,583.5,13.09,13.87,3,10.27,2,1
1724,0,2.0,1,2,1,57,0.5,177,3,5,1605.0,1924,2822,19,3,16,1,1,0,3,7,57,1.198,125.28,940.67,9.74,19.96,4,16.93,2,2
1977,1,2.0,1,7,1,54,1.0,171,7,18,1226.0,1242,1971,18,7,14,1,1,0,2,25,126,1.012,91.85,281.57,11.56,26.67,5,27.59,1,2
885,0,2.3,1,0,1,15,0.4,103,7,0,769.0,802,1410,16,10,5,1,1,1,0,0,160,1.042,65.36,201.43,8.59,10.16,5,22.7,1,0
879,1,2.5,0,11,1,14,0.7,83,6,15,403.0,1105,349,16,10,2,1,0,1,0,26,160,2.735,69.19,58.17,10.59,31.76,4,5.24,0,0
1322,0,1.7,1,6,0,7,0.8,140,3,9,177.0,1990,1418,19,17,12,0,1,0,1,15,323,11.18,99.89,472.67,9.44,4.71,2,7.23,1,1
1137,1,1.0,0,16,0,7,1.0,196,3,19,942.0,1179,3616,13,5,12,1,1,1,3,35,65,1.25,107.79,1205.33,5.8,1.93,4,10.85,3,1
1355,0,2.3,0,10,1,23,0.2,132,5,16,651.0,891,880,19,4,8,1,1,0,0,26,76,1.367,55.17,176.0,10.27,23.97,3,10.12,0,1
1665,1,0.5,0,3,1,60,0.2,194,6,18,1572.0,1684,1601,18,17,14,1,0,0,2,21,306,1.071,121.25,266.83,8.58,36.07,3,4.8,1,2
657,0,2.5,0,0,0,37,0.7,141,2,1,476.0,961,1412,14,3,18,0,1,0,0,1,42,2.015,71.5,706.0,4.66,25.02,1,7.06,1,0
593,0,0.5,0,6,0,31,0.4,156,7,7,1233.0,1317,1692,6,2,7,1,0,0,1,13,12,1.067,257.73,241.71,3.8,17.69,1,5.92,1,0
1883,1,0.5,0,3,1,10,0.3,146,6,13,836.0,1739,2600,16,8,20,1,0,0,3,16,128,2.078,113.5,433.33,12.9,3.79,3,7.8,2,2
1732,1,1.1,0,4,1,12,0.8,119,8,9,824.0,881,1308,16,7,11,1,0,1,1,13,112,1.068,70.96,163.5,14.55,8.71,4,11.51,1,2
543,0,0.5,0,0,0,57,0.7,192,5,4,391.0,984,2413,17,14,15,1,0,0,1,4,238,2.51,58.82,482.6,2.83,23.2,1,6.03,2,0
1939,1,2.8,1,0,1,55,0.6,199,4,10,320.0,520,1047,14,10,18,1,1,0,0,10,140,1.62,40.7,261.75,9.74,49.0,5,11.73,1,2
553,0,2.4,1,1,1,8,0.5,121,7,3,325.0,902,1204,11,4,8,1,1,1,0,4,44,2.767,79.9,172.0,4.57,6.27,5,20.23,1,0
832,0,0.7,1,2,1,39,0.7,103,4,3,125.0,1504,1799,5,2,11,1,0,1,1,5,10,11.937,251.53,449.75,8.08,21.0,4,5.04,1,0
1661,0,1.9,1,5,0,23,1.0,172,5,10,846.0,1634,2676,12,6,11,0,1,1,3,15,72,1.929,141.54,535.2,9.66,8.48,3,25.42,2,2
1657,1,2.4,0,3,0,42,0.1,198,5,16,1770.0,1796,2597,18,1,14,1,0,0,3,19,18,1.014,132.72,519.4,8.37,15.93,2,31.16,2,2
1135,1,2.0,1,0,0,46,0.3,83,1,4,293.0,1846,3029,19,17,9,1,1,1,3,4,323,6.279,93.46,3029.0,13.67,15.04,5,6.06,3,1
1775,1,1.5,0,3,0,41,0.1,163,1,7,1633.0,1869,2343,19,13,14,1,1,1,3,10,247,1.144,124.1,2343.0,10.89,17.17,4,3.51,2,2
783,0,1.8,1,0,1,43,1.0,106,3,4,1198.0,1471,2016,16,4,18,1,1,0,1,4,64,1.227,111.59,672.0,7.39,20.79,4,10.89,2,0
617,1,2.3,0,0,0,32,0.5,199,7,20,768.0,874,2213,18,13,7,0,0,0,1,20,234,1.137,61.24,316.14,3.1,14.15,1,35.63,2,0
867,0,1.4,1,0,1,4,0.7,135,6,1,70.0,1974,790,13,6,3,1,1,0,0,1,78,27.803,141.09,131.67,6.42,4.59,4,6.64,0,0
1310,1,1.1,1,13,0,7,1.0,194,5,14,117.0,513,3182,8,4,5,1,1,0,2,27,32,4.347,58.46,636.4,6.75,2.18,4,17.5,3,1
1804,0,0.5,0,9,1,22,0.6,153,7,19,1158.0,1244,3472,9,1,20,1,0,1,3,28,9,1.073,169.96,496.0,11.79,6.3,3,12.15,3,2
1900,1,2.3,0,1,1,18,0.2,89,7,9,1055.0,1661,2871,12,1,13,1,1,1,3,10,12,1.573,151.36,410.14,21.35,6.2,5,46.22,2,2
909,1,1.4,0,0,0,53,0.3,82,8,0,635.0,973,3187,12,9,4,1,0,0,2,0,108,1.53,89.38,398.38,11.09,16.5,2,35.69,3,0
1084,1,2.6,0,3,1,40,0.9,107,3,11,322.0,771,1945,15,4,10,1,1,0,1,14,60,2.387,52.22,648.33,10.13,20.01,4,15.17,1,1
1308,0,1.3,1,8,0,46,0.9,199,1,12,275.0,989,488,5,3,9,0,1,0,0,20,15,3.583,171.09,488.0,6.57,79.78,2,0.63,0,1
1778,0,0.5,0,0,0,15,0.5,102,3,0,1445.0,1954,1214,5,6,14,1,0,0,1,0,30,1.351,405.04,404.67,17.43,11.67,1,1.82,1,2
1701,1,1.6,1,3,0,10,0.3,194,8,7,550.0,1338,2598,12,9,6,0,1,0,2,10,108,2.428,111.28,324.75,8.77,3.79,3,33.25,2,2
772,1,2.4,1,1,1,10,0.5,80,4,2,1242.0,1712,3242,18,11,4,1,1,0,3,3,198,1.377,111.32,810.5,9.65,3.06,5,31.12,3,0
825,1,0.5,1,7,0,52,0.9,130,3,10,597.0,863,3534,10,4,6,0,1,0,3,17,40,1.443,95.4,1178.0,6.35,14.64,3,5.3,3,0
1379,0,1.1,0,5,1,36,0.8,200,2,7,538.0,1376,3426,5,4,17,1,1,1,3,12,20,2.553,246.24,1713.0,6.9,10.45,4,7.54,3,1
1166,0,2.0,0,3,1,25,0.8,198,5,4,59.0,1203,2488,13,5,15,1,0,0,2,7,65,20.05,86.03,497.6,5.89,9.88,2,24.88,2,1
1659,0,2.8,0,5,0,16,0.6,89,1,20,819.0,902,3255,19,14,9,0,0,1,3,25,266,1.1,60.92,3255.0,18.64,4.88,1,9.11,3,2
826,1,2.4,1,0,1,58,0.3,88,4,1,179.0,786,2863,9,3,18,1,0,1,2,1,27,4.367,80.61,715.75,9.39,20.03,5,27.48,2,0
1564,0,2.3,0,4,1,25,0.5,189,6,17,1259.0,1965,1496,6,4,7,1,1,1,1,21,24,1.56,333.39,249.33,8.28,16.02,4,20.64,1,2
1957,0,0.9,1,11,0,31,0.6,181,3,16,396.0,1732,3801,12,6,7,1,0,1,3,27,72,4.363,136.67,1267.0,10.81,8.13,3,10.26,3,2
1571,0,1.4,0,0,1,19,0.1,100,6,1,713.0,1398,666,12,10,13,1,1,0,0,1,120,1.958,120.72,111.0,15.71,25.32,3,5.59,0,2
1414,0,2.0,1,2,0,54,0.8,99,7,3,262.0,829,3799,17,7,7,1,0,1,3,5,119,3.152,48.3,542.71,14.28,14.17,3,53.19,3,1
1790,0,2.5,1,9,0,2,0.1,184,1,14,622.0,792,1366,7,6,20,1,1,1,1,23,42,1.271,125.88,1366.0,9.73,1.39,4,3.42,1,2
645,0,0.5,0,1,0,41,1.0,197,7,10,327.0,580,2962,12,9,4,1,1,1,2,11,108,1.768,51.22,423.14,3.27,13.7,3,10.37,2,0
668,0,2.9,1,7,0,30,0.2,195,8,12,522.0,1056,2399,10,5,7,1,1,1,1,19,50,2.019,107.09,299.88,3.43,12.28,4,55.66,2,0
1652,1,1.1,1,1,0,36,0.7,89,4,5,313.0,1264,2338,12,8,20,0,0,0,2,6,96,4.025,100.17,584.5,18.56,15.11,2,10.29,2,2
1213,1,0.5,0,0,0,16,0.5,108,5,0,226.0,1248,2700,12,3,9,0,0,1,2,0,36,5.498,97.56,540.0,11.23,5.85,2,6.75,2,1
1272,1,2.5,1,0,0,22,0.9,133,6,8,605.0,669,2235,19,4,4,1,0,0,1,8,76,1.104,45.1,372.5,9.56,9.64,3,33.52,2,1
866,0,0.5,1,5,1,46,0.5,179,8,7,692.0,1686,3825,12,11,2,1,1,1,3,12,132,2.433,140.19,478.12,4.84,11.99,5,15.3,3,0
536,0,2.4,1,12,1,3,0.3,182,7,14,1386.0,1539,284,12,9,4,1,1,0,0,26,108,1.11,159.32,40.57,2.95,7.95,4,4.77,0,0
523,0,2.6,1,1,0,14,0.1,155,8,2,304.0,1042,1427,9,1,9,0,1,0,0,3,9,3.416,108.54,178.38,3.37,9.37,2,29.68,1,0
1753,0,0.5,1,0,1,31,0.1,134,1,18,1590.0,1926,1324,17,6,17,1,0,1,2,18,102,1.211,138.75,1324.0,13.08,22.25,4,0.66,1,2
1218,0,1.8,1,1,1,14,0.5,147,3,4,229.0,616,398,17,6,5,1,0,0,0,5,102,2.678,36.51,132.67,8.29,28.65,3,2.15,0,1
1537,1,2.5,0,4,1,43,0.3,137,1,5,839.0,1131,3685,18,17,17,1,1,1,3,9,306,1.346,74.12,3685.0,11.22,11.63,5,9.21,3,2
786,0,2.2,1,0,0,33,0.5,141,7,6,507.0,1697,2390,12,11,5,1,0,1,2,6,132,3.341,136.24,341.43,5.57,13.56,3,36.81,2,0
1678,0,2.1,0,3,1,64,0.9,134,3,11,436.0,536,278,19,6,10,1,1,0,0,14,114,1.227,34.55,92.67,12.52,172.28,3,1.75,0,2
1814,0,1.4,1,1,1,9,0.4,141,2,2,756.0,786,3556,18,12,16,1,0,0,3,3,216,1.038,57.4,1778.0,12.87,2.52,3,9.96,3,2
1101,0,1.8,0,0,0,31,0.2,148,2,7,387.0,1269,2196,12,6,19,0,1,1,1,7,72,3.271,102.05,1098.0,7.44,13.81,2,7.91,2,1
1461,0,2.4,1,3,1,40,0.5,141,7,4,1265.0,1298,3799,16,1,4,1,0,0,3,7,16,1.025,106.62,542.71,10.36,10.5,3,63.82,3,1
1216,0,3.0,0,4,0,47,0.4,199,3,7,1852.0,1967,2268,13,5,4,0,1,1,2,11,65,1.062,192.98,756.0,6.11,20.3,2,20.41,2,1
506,0,1.6,0,6,1,41,0.8,159,1,7,875.0,1025,2965,13,10,15,1,0,0,2,13,130,1.17,96.26,2965.0,3.18,13.69,2,4.74,2,0
843,1,0.5,0,1,1,56,0.1,147,5,17,140.0,800,2341,10,1,20,1,1,1,1,18,10,5.674,73.83,468.2,5.73,23.47,5,5.85,2,0
742,0,2.2,1,4,0,56,0.2,190,7,14,577.0,1359,3557,16,11,12,0,1,1,3,18,176,2.351,86.85,508.14,3.91,15.67,3,54.78,3,0
1692,1,2.1,0,3,1,61,0.9,176,6,12,975.0,1996,1354,16,7,19,1,0,0,1,15,112,2.045,130.67,225.67,9.61,42.89,3,17.06,1,2
1485,0,1.0,0,2,1,32,0.7,84,2,9,510.0,1013,2147,19,1,11,1,1,0,2,11,19,1.982,56.71,1073.5,17.68,14.57,3,4.29,2,1
1547,0,2.9,1,6,0,45,0.7,166,2,8,583.0,590,505,12,2,3,0,1,1,0,14,24,1.01,63.8,252.5,9.32,75.86,3,2.93,0,2
1692,0,2.3,1,4,1,46,0.9,139,1,6,674.0,1925,1394,16,10,6,1,1,0,1,10,160,2.852,119.98,1394.0,12.17,31.48,4,3.21,1,2
637,0,2.3,0,3,1,60,0.8,97,4,4,1125.0,1989,374,18,4,8,1,0,1,0,7,72,1.766,120.27,93.5,6.57,128.97,3,3.44,0,0
1224,0,0.5,0,16,1,6,0.4,109,6,18,747.0,826,506,10,6,11,1,1,1,0,34,60,1.104,101.24,84.33,11.23,10.1,4,1.52,0,1
1356,0,2.8,0,0,0,29,0.5,198,6,0,1612.0,1983,3702,17,6,19,0,0,0,3,0,102,1.229,141.97,617.0,6.85,7.81,0,62.19,3,1
1840,0,0.5,1,12,0,34,0.7,142,1,16,311.0,1545,1078,8,6,10,0,0,0,1,28,48,4.952,175.11,1078.0,12.96,29.5,1,0.54,1,2
1481,1,0.7,1,4,1,37,0.6,96,5,13,116.0,1533,2945,10,5,16,1,1,1,2,17,50,13.103,139.76,589.0,15.43,12.43,6,10.31,2,1
961,1,1.5,1,10,0,51,0.3,152,6,16,554.0,621,2981,15,6,7,1,1,1,2,26,90,1.119,52.01,496.83,6.32,16.94,5,26.83,2,0
1296,0,0.9,1,0,1,14,0.5,124,5,3,811.0,1272,490,7,1,4,1,1,1,0,3,7,1.567,188.57,98.0,10.45,24.2,5,2.2,0,1
1193,0,0.9,0,11,0,26,0.5,166,1,20,730.0,1729,536,17,14,4,1,0,1,0,31,238,2.365,104.27,536.0,7.19,41.7,2,0.48,0,1
1441,0,2.1,1,11,1,3,0.1,118,8,17,577.0,1071,2317,16,4,7,1,0,1,2,28,64,1.853,71.56,289.62,12.21,1.27,4,38.93,2,1
517,0,1.4,1,3,1,33,0.8,183,4,8,660.0,974,3704,17,16,11,1,0,1,3,11,272,1.474,65.36,926.0,2.83,8.88,4,20.74,3,0
748,1,1.7,0,0,1,27,0.9,150,8,4,450.0,1554,2126,18,9,7,1,0,0,1,4,162,3.446,85.15,265.75,4.99,12.41,3,28.91,2,0
1126,1,2.4,0,2,1,10,0.4,160,6,3,1223.0,1611,2050,7,6,12,1,1,1,2,5,42,1.316,252.83,341.67,7.04,4.76,5,29.52,2,1
1572,0,0.6,0,0,1,58,0.2,157,7,8,1109.0,1937,2462,12,8,10,1,0,0,3,8,96,1.745,171.69,351.71,10.01,23.16,2,10.34,2,2
1569,0,2.8,1,16,0,44,0.3,110,4,20,45.0,1942,1260,9,2,17,1,0,0,1,36,18,42.217,194.25,315.0,14.26,33.07,2,14.11,1,2
1270,1,0.6,1,2,1,32,0.5,101,7,6,299.0,845,3770,5,3,13,1,1,0,3,8,15,2.817,149.39,538.57,12.57,8.46,5,15.83,3,1
1854,0,3.0,0,2,1,8,0.1,101,5,5,506.0,627,1886,17,4,20,1,1,0,1,7,68,1.237,44.76,377.2,18.36,4.12,3,28.29,1,2
625,1,1.2,1,5,1,10,0.2,183,4,8,635.0,842,3323,9,1,7,1,1,1,2,13,9,1.324,105.46,830.75,3.42,2.99,6,15.95,3,0
1577,0,0.5,1,0,1,42,0.3,197,5,4,1045.0,1737,2060,19,6,12,1,0,0,2,4,114,1.661,101.36,412.0,8.01,19.89,3,5.15,2,2
534,0,0.5,1,0,1,16,1.0,189,5,1,393.0,1199,3926,16,12,20,1,0,0,3,1,192,3.043,74.22,785.2,2.83,4.07,3,9.82,3,0
946,0,1.7,1,8,1,25,0.8,143,6,15,650.0,1740,2177,7,5,13,1,1,1,2,23,35,2.673,232.18,362.83,6.62,11.23,5,22.21,2,0
685,0,0.5,0,2,0,29,0.8,93,7,10,433.0,648,728,14,8,4,0,0,1,0,12,112,1.493,51.96,104.0,7.37,35.76,1,2.55,0,0
1949,0,1.3,1,0,0,23,0.1,101,5,1,839.0,1136,2478,14,8,20,1,0,0,3,1,112,1.352,94.15,495.6,19.3,9.13,2,16.11,2,2
947,0,0.8,1,0,1,22,0.1,197,2,13,1176.0,1220,2842,16,12,2,1,0,0,2,13,192,1.037,99.68,1421.0,4.81,7.65,3,4.55,2,0
801,1,2.2,1,2,0,63,0.4,165,7,4,650.0,879,1617,17,4,19,0,0,1,1,6,68,1.35,60.73,231.0,4.85,37.52,3,24.9,1,0
703,1,2.7,0,12,1,30,0.3,113,1,20,218.0,1065,1472,14,7,7,1,0,0,0,32,98,4.863,72.47,1472.0,6.22,19.51,3,3.97,1,0
1165,1,2.4,0,11,0,41,0.2,178,6,12,564.0,831,764,19,12,15,1,0,0,0,23,228,1.471,50.22,127.33,6.54,48.46,2,11.0,0,1
1082,0,0.8,0,0,0,38,0.1,198,8,5,986.0,1191,2337,6,1,17,0,1,1,2,5,6,1.207,220.88,292.12,5.46,15.95,2,14.96,2,1
959,1,2.6,1,15,0,20,1.0,84,4,19,561.0,1631,3965,16,1,6,1,0,0,3,34,16,2.902,101.46,991.25,11.42,5.04,3,41.24,3,0
1502,1,1.2,0,0,0,54,0.2,138,5,12,65.0,588,3693,17,14,16,1,1,0,3,12,238,8.909,32.87,738.6,10.88,14.57,3,22.16,3,2
1380,1,2.1,1,1,1,4,0.8,92,3,13,420.0,500,797,13,2,15,1,1,0,0,14,26,1.188,46.64,265.67,15.0,4.55,5,5.02,0,1
1266,0,0.5,0,0,1,5,0.1,95,6,9,1365.0,1698,1687,11,6,18,1,0,0,2,9,66,1.243,181.55,281.17,13.33,2.86,2,5.06,1,1
1934,1,2.6,1,0,1,46,0.1,103,1,17,619.0,1299,2940,13,9,2,1,1,1,3,17,117,2.095,102.78,2940.0,18.78,15.48,6,7.64,2,2
1905,1,0.5,0,3,1,6,0.5,151,1,5,849.0,898,1545,9,5,10,1,1,0,1,8,45,1.056,123.58,1545.0,12.62,3.73,4,0.77,1,2
1831,0,1.4,1,2,0,43,0.9,150,5,5,611.0,1381,3834,17,7,13,1,1,1,3,7,119,2.257,83.9,766.8,12.21,11.19,4,26.84,3,2
596,0,1.4,0,8,0,46,0.6,165,1,18,953.0,984,2505,15,4,15,1,1,0,1,26,60,1.031,85.62,2505.0,3.61,18.07,2,3.51,2,0
1562,1,1.3,1,1,1,7,0.2,190,5,15,642.0,1533,2243,12,10,6,1,0,0,2,16,120,2.384,127.85,448.6,8.22,3.06,4,14.58,2,2
1490,1,0.5,1,4,1,64,0.3,150,8,8,1417.0,1464,3600,17,9,7,1,1,1,3,12,153,1.032,113.19,450.0,9.93,17.7,6,14.4,3,1
1523,1,2.4,0,5,1,57,0.2,117,2,6,247.0,539,3971,18,12,10,1,1,1,3,11,216,2.173,31.21,1985.5,13.02,14.33,5,19.06,3,2
640,0,0.6,0,0,0,20,0.1,163,4,15,710.0,1179,2844,7,5,18,1,1,0,2,15,35,1.658,172.03,711.0,3.93,6.95,2,6.83,2,0
1526,0,2.1,0,1,1,23,0.2,117,7,8,718.0,751,2227,18,10,3,1,1,0,2,9,180,1.045,54.68,318.14,13.04,10.11,3,32.74,2,2
1989,0,2.5,1,0,1,41,0.8,94,3,13,1100.0,1497,1665,17,9,12,1,1,1,2,13,153,1.36,103.2,555.0,21.16,23.75,5,12.49,1,2
1308,0,1.9,0,0,1,61,0.7,106,3,7,59.0,1215,3355,15,2,4,1,0,1,3,7,30,20.25,76.03,1118.33,12.34,18.07,3,19.12,3,1
609,0,0.5,0,3,0,26,0.3,93,4,4,938.0,1948,1866,11,10,14,1,1,1,1,7,110,2.075,180.17,466.5,6.55,13.53,3,3.73,1,0
1905,0,0.6,1,9,1,36,0.4,119,3,20,825.0,1542,1287,13,4,16,1,0,0,1,29,52,1.867,124.92,429.0,16.01,26.53,3,2.32,1,2
1703,1,0.5,0,0,1,22,0.6,192,1,0,286.0,1235,1046,5,4,13,1,0,1,0,0,20,4.303,211.28,1046.0,8.87,19.62,4,0.52,1,2
1445,1,2.4,1,7,1,20,0.4,173,7,15,1273.0,1345,1441,7,4,13,1,1,1,1,22,28,1.056,231.49,205.86,8.35,13.27,6,24.21,1,1
1087,0,1.3,0,0,1,16,0.3,166,3,9,295.0,589,690,14,6,6,1,0,1,0,9,84,1.99,43.92,230.0,6.55,20.68,3,2.69,0,1
671,0,0.9,1,10,0,30,0.7,105,7,17,852.0,1182,2504,6,4,15,1,0,0,2,27,24,1.386,208.15,357.71,6.39,11.79,2,15.78,2,0
1472,1,2.3,0,6,0,61,0.1,168,6,19,710.0,1052,2677,19,15,8,1,0,0,2,25,285,1.48,63.46,446.17,8.76,22.47,2,36.94,2,1
765,0,0.5,1,0,1,47,0.3,115,8,1,1277.0,1429,2243,11,7,4,1,0,1,2,1,77,1.118,159.7,280.38,6.65,20.52,4,8.97,2,0
1642,0,0.5,1,16,1,8,0.3,171,6,17,129.0,873,2984,13,4,17,1,0,1,2,33,52,6.715,63.03,497.33,9.6,2.65,4,8.95,2,2
1265,0,1.5,0,7,0,49,0.7,182,5,16,690.0,836,1362,5,6,12,0,0,1,1,23,30,1.21,180.66,272.4,6.95,34.26,1,10.22,1,1
664,1,1.1,1,1,1,51,0.1,110,7,4,701.0,1478,3629,19,15,6,1,1,1,3,5,285,2.105,81.79,518.43,6.04,14.0,6,27.94,3,0
1277,1,0.5,1,0,1,35,0.4,142,6,6,309.0,1460,3559,18,17,6,1,1,0,3,6,306,4.71,78.54,593.17,8.99,9.79,5,10.68,3,1
1395,0,1.8,1,0,0,23,0.1,111,3,1,213.0,705,2571,11,6,13,1,0,1,2,1,66,3.294,61.37,857.0,12.57,8.81,3,13.88,2,1
1539,1,2.6,0,0,0,41,0.1,159,8,0,1112.0,1666,2107,15,9,10,1,0,1,2,0,135,1.497,125.19,263.38,9.68,19.0,3,43.83,2,2
1049,1,2.2,0,9,0,63,0.5,135,5,17,199.0,1077,1022,11,3,13,0,0,0,0,26,33,5.385,91.27,204.4,7.77,57.37,1,11.24,1,1
1827,0,1.7,0,4,1,39,0.5,128,5,16,55.0,1020,2844,14,9,10,1,1,0,2,20,126,18.214,68.1,568.8,14.27,13.55,3,24.17,2,2
903,0,1.0,1,0,1,50,0.4,91,1,0,1230.0,1235,711,9,5,10,1,1,0,0,0,45,1.003,174.3,711.0,9.92,62.95,4,0.71,0,0
1987,1,0.5,0,3,1,53,1.0,181,3,7,1052.0,1516,3117,18,5,8,1,1,1,3,10,90,1.44,97.12,1039.0,10.98,16.86,5,4.68,3,2
1154,0,1.2,1,0,1,49,0.2,181,8,2,541.0,1499,978,5,3,7,1,0,1,0,2,15,2.766,265.61,122.25,6.38,46.44,4,9.39,0,1
1336,0,0.9,0,5,1,17,0.2,194,5,9,55.0,583,1869,13,1,16,1,1,1,1,14,13,10.411,41.83,373.8,6.89,8.83,4,8.41,1,1
1886,0,0.5,0,0,1,24,0.4,112,3,1,809.0,1958,1179,16,7,20,1,0,1,1,1,112,2.417,124.62,393.0,16.84,19.18,3,1.77,1,2
1551,0,1.1,0,4,0,51,0.1,88,5,6,1738.0,1995,3844,11,8,4,0,1,0,3,10,88,1.147,220.49,768.8,17.62,13.23,1,21.14,3,2
850,1,1.6,1,6,1,29,0.5,133,5,19,404.0,642,593,19,17,10,1,0,1,0,25,323,1.585,37.93,118.6,6.39,42.7,5,4.74,0,0
660,0,0.5,0,5,1,40,0.5,111,2,10,262.0,1178,588,6,5,18,1,1,1,0,15,30,4.479,172.4,294.0,5.95,59.33,4,0.59,0,0
1225,1,2.1,1,8,0,13,0.5,116,4,12,759.0,1404,3836,12,11,11,0,0,0,3,20,132,1.847,122.77,959.0,10.56,3.38,2,32.22,3,1
1452,1,0.5,1,1,1,25,0.9,123,6,11,42.0,1040,2669,12,10,13,1,0,0,2,12,120,24.186,80.07,444.83,11.8,9.24,4,8.01,2,1
1686,1,2.8,1,3,0,38,0.1,166,4,4,397.0,1453,2958,14,11,2,0,0,0,3,7,154,3.651,100.42,739.5,10.16,12.71,2,33.13,2,2
1634,1,1.4,0,1,1,17,0.2,200,2,5,964.0,1677,3031,11,6,6,1,1,1,3,6,66,1.738,161.19,1515.5,8.17,5.56,5,8.49,3,2
1708,1,2.4,1,16,1,49,0.1,109,1,19,233.0,517,3388,6,4,16,1,1,1,3,35,24,2.209,81.01,3388.0,15.67,14.38,6,8.13,3,2
1151,1,2.9,1,0,0,31,0.6,128,8,1,1022.0,1560,2377,18,8,13,0,1,0,2,1,144,1.525,98.16,297.12,8.99,12.8,3,55.15,2,1
1578,0,1.9,1,2,1,37,0.1,138,4,19,411.0,1226,2458,19,16,3,1,0,1,2,21,304,2.976,64.65,614.5,11.43,14.8,4,18.68,2,2
1689,0,1.8,0,16,0,24,0.3,127,3,18,954.0,1200,2766,7,2,7,0,1,1,3,34,14,1.257,191.63,922.0,13.3,8.57,2,14.94,2,2
1488,0,0.5,0,1,0,39,0.8,112,5,6,1528.0,1647,3054,14,10,19,0,0,0,3,7,140,1.077,149.78,610.8,13.29,12.65,0,7.64,3,1
1313,1,1.8,1,4,0,9,0.4,105,1,6,416.0,1308,3791,11,10,6,0,1,1,3,10,110,3.137,114.38,3791.0,12.5,2.37,4,6.82,3,1
1715,0,1.0,1,4,1,31,0.5,83,8,17,638.0,1615,625,17,6,13,1,0,0,0,21,102,2.527,96.47,78.12,20.66,43.64,3,5.0,0,2
1442,0,1.0,1,0,0,27,0.1,192,3,19,231.0,687,2227,6,5,20,1,1,0,1,19,30,2.961,103.54,742.33,7.51,11.87,3,6.68,2,1
528,0,1.7,0,12,1,6,0.8,142,2,15,574.0,637,3256,9,8,6,1,1,0,2,27,72,1.108,85.75,1628.0,3.72,1.83,3,11.07,3,0
1523,1,1.8,0,6,1,11,0.1,129,1,8,148.0,1606,707,19,8,19,1,1,0,0,14,152,10.779,80.64,707.0,11.81,13.92,4,1.27,0,2
1133,0,1.4,0,3,0,42,0.1,199,5,12,730.0,1543,1457,18,12,20,1,0,1,1,15,216,2.111,89.84,291.4,5.69,27.58,2,10.2,1,1
1718,1,2.5,1,14,1,6,0.1,183,5,16,564.0,980,3755,7,1,8,1,1,1,3,30,7,1.735,141.34,751.0,9.39,1.59,6,46.94,3,2
1330,0,0.5,0,0,0,38,1.0,183,7,1,1290.0,1441,1733,9,6,11,1,0,1,1,1,54,1.116,193.41,247.57,7.27,21.2,2,6.07,1,1
1799,1,0.5,0,0,0,49,0.4,107,4,2,632.0,1383,720,12,2,11,1,1,1,0,2,24,2.185,116.97,180.0,16.81,61.01,4,1.44,0,2
633,1,2.2,0,0,1,49,0.1,139,8,1,529.0,1009,3560,11,1,16,1,1,1,2,1,11,1.904,94.94,445.0,4.55,13.7,5,62.66,3,0
724,0,2.7,1,0,0,44,0.5,187,7,0,1273.0,1754,2311,7,6,7,1,0,0,2,0,42,1.377,270.91,330.14,3.87,18.67,2,43.68,2,0
822,1,0.5,0,0,1,51,0.3,157,6,20,667.0,860,3846,10,1,3,1,0,0,3,20,10,1.287,98.94,641.0,5.24,13.23,3,11.54,3,0
1918,0,1.9,0,2,0,10,0.6,110,5,10,1170.0,1543,1717,7,1,16,1,1,1,2,12,7,1.318,242.05,343.4,17.44,5.63,3,16.31,1,2
1891,0,2.8,0,7,1,37,0.4,129,7,14,169.0,1108,3704,8,6,11,1,0,0,3,21,48,6.518,124.53,529.14,14.66,9.95,2,72.6,3,2
1373,1,1.0,1,2,0,50,0.2,127,7,12,105.0,673,3800,8,3,14,1,0,0,3,14,24,6.349,75.68,542.86,10.81,13.12,3,26.6,3,1
862,1,0.8,1,3,0,23,0.4,165,2,15,793.0,1758,278,16,3,11,0,0,1,0,18,48,2.214,113.45,139.0,5.22,61.91,3,0.44,0,0
1273,0,1.0,0,3,1,48,0.4,99,4,15,490.0,886,1767,18,15,11,1,1,0,1,18,270,1.804,53.29,441.75,12.86,26.29,3,7.07,1,1
957,1,2.5,0,4,0,7,0.8,107,5,10,1201.0,1485,1846,12,5,7,1,0,1,1,14,60,1.235,146.91,369.2,8.94,3.68,3,23.08,1,0
1617,1,1.3,1,3,1,30,0.7,105,2,4,246.0,1038,829,9,6,10,1,0,0,0,7,54,4.202,106.68,414.5,15.4,32.98,4,2.16,0,2
893,0,2.5,1,0,0,55,0.6,183,2,1,417.0,946,2986,7,1,6,0,1,1,2,1,7,2.263,129.23,1493.0,4.88,18.24,3,14.93,2,0
1210,0,0.5,0,0,0,63,0.1,93,5,0,1177.0,1462,2394,17,9,7,0,0,0,2,0,153,1.241,104.27,478.8,13.01,25.84,0,5.98,2,1
708,1,2.7,1,0,1,63,1.0,195,8,7,78.0,654,2169,6,5,7,1,1,1,1,7,30,8.278,94.09,271.12,3.63,28.4,6,46.85,2,0
835,0,1.1,1,2,0,7,0.2,101,4,7,323.0,1604,1181,13,5,15,1,1,1,0,9,65,4.951,116.87,295.25,8.27,5.59,4,5.2,1,0
1450,1,2.7,1,9,0,19,0.6,131,1,17,707.0,1882,575,15,9,12,0,0,0,0,26,135,2.658,125.65,575.0,11.07,28.72,2,1.55,0,1
973,1,1.5,0,5,1,57,0.2,190,7,16,457.0,1816,2977,6,4,2,1,0,0,2,21,24,3.965,267.52,425.29,5.12,18.95,3,31.26,2,0
601,1,1.4,0,4,1,4,0.1,154,4,13,356.0,765,532,12,8,10,1,1,1,0,17,96,2.143,64.91,133.0,3.9,6.46,5,2.98,0,0
507,1,0.5,1,1,0,32,0.5,141,7,11,936.0,1398,1702,17,6,5,1,1,1,1,12,102,1.492,93.47,243.14,3.6,18.16,5,5.96,1,0
564,0,1.8,1,0,1,51,0.5,168,3,1,912.0,1980,1074,14,8,15,1,1,0,0,1,112,2.169,145.33,358.0,3.36,44.39,4,5.8,1,0
1559,1,1.6,1,6,1,6,0.5,162,6,17,179.0,1559,3352,9,1,3,1,1,1,3,23,9,8.661,156.92,558.67,9.62,1.78,6,32.18,3,2
754,0,0.5,1,7,1,59,0.7,178,7,10,1914.0,1928,1027,6,3,5,1,0,0,1,17,18,1.007,388.1,146.71,4.24,53.49,3,3.59,1,0
728,0,2.7,1,0,0,25,0.2,88,4,1,526.0,1529,2039,5,1,12,1,1,1,1,1,5,2.901,269.49,509.75,8.27,11.95,4,22.02,2,0
1431,1,0.5,0,0,1,56,0.6,191,1,1,156.0,952,461,7,3,8,1,0,0,0,1,21,6.064,120.59,461.0,7.49,101.78,3,0.23,0,1
767,0,1.5,0,4,0,28,0.7,175,4,10,344.0,1517,527,10,6,15,0,1,0,0,14,60,4.397,141.41,131.75,4.38,45.55,1,3.16,0,0
1722,0,2.6,0,8,0,18,0.8,177,2,16,865.0,1741,3271,14,6,15,1,0,1,3,24,84,2.01,129.6,1635.5,9.73,5.46,2,17.01,3,2
1992,1,1.6,0,5,1,57,1.0,100,2,15,1552.0,1596,606,9,3,4,1,1,1,1,20,27,1.028,222.62,303.0,19.92,82.39,5,1.94,0,2
1876,0,0.5,0,10,1,40,0.3,86,6,14,546.0,1564,2513,10,8,16,1,1,0,3,24,80,2.859,150.6,418.83,21.81,15.66,3,7.54,2,2
1054,0,1.1,1,10,1,38,0.4,136,6,12,1097.0,1222,1675,18,4,14,1,1,1,1,22,72,1.113,86.43,279.17,7.75,21.89,5,11.06,1,1
1283,1,1.6,1,4,0,47,0.9,93,5,5,372.0,692,2698,9,6,17,1,1,0,2,9,54,1.855,78.57,539.6,13.8,17.19,4,21.58,2,1
1281,1,2.3,1,0,0,28,0.3,148,1,6,1285.0,1617,1129,12,1,6,0,1,0,1,6,12,1.257,158.88,1129.0,8.66,23.28,3,2.6,1,1
1066,0,0.6,0,2,1,7,0.9,114,7,18,1242.0,1571,468,19,13,6,1,1,0,0,20,247,1.264,100.13,66.86,9.35,12.57,3,1.97,0,1
730,0,2.1,1,0,1,4,0.1,89,8,2,302.0,1247,1210,19,15,4,1,1,1,0,2,285,4.116,64.15,151.25,8.2,3.12,5,20.33,1,0
1053,1,0.8,1,7,1,45,0.3,103,1,12,594.0,1767,3086,17,6,5,1,1,1,3,19,102,2.97,103.56,3086.0,10.22,14.45,6,2.47,3,1
1611,1,0.5,1,11,0,3,0.6,98,3,14,303.0,714,1595,8,4,9,1,0,1,1,25,32,2.349,86.18,531.67,16.44,1.81,4,2.39,1,2
793,0,1.0,1,5,1,30,0.9,133,2,15,1858.0,1935,2332,17,13,14,1,1,1,2,20,221,1.041,149.03,1166.0,5.96,12.62,5,4.66,2,0
1220,0,2.9,0,3,0,62,0.5,125,4,8,403.0,1933,2589,19,11,15,1,1,1,2,11,209,4.785,98.73,647.25,9.76,23.59,3,30.03,2,1
1662,0,0.5,0,0,1,61,0.8,126,4,13,32.0,1509,3760,9,5,13,1,1,1,3,13,45,45.727,150.93,940.0,13.19,16.17,4,7.52,3,2
1281,1,2.8,1,3,1,8,0.3,144,4,19,590.0,954,1851,8,2,9,1,1,0,1,22,16,1.614,124.63,462.75,8.9,4.19,5,20.73,1,1
538,0,0.8,0,12,1,2,0.8,177,7,13,235.0,662,417,8,4,9,1,0,1,0,25,32,2.805,78.05,59.57,3.04,3.94,3,2.34,0,0
823,1,0.5,0,0,0,39,0.4,187,8,4,630.0,888,294,13,9,11,0,0,1,0,4,117,1.407,77.77,36.75,4.4,100.75,2,1.18,0,0
1733,1,2.8,0,3,1,36,1.0,119,6,20,357.0,527,3576,17,16,9,1,0,0,3,23,272,1.472,35.36,596.0,14.56,10.02,3,60.08,3,2
1429,0,1.5,1,0,1,40,0.9,100,3,14,246.0,820,3945,11,7,18,1,0,1,3,14,77,3.32,71.34,1315.0,14.29,10.12,4,17.75,3,1
1839,1,1.2,0,9,1,54,0.5,200,7,11,475.0,1493,927,19,10,18,1,0,1,1,20,190,3.137,78.34,132.43,9.2,53.72,4,7.79,0,2
659,0,2.7,0,6,1,6,0.5,110,3,7,1054.0,1929,2044,15,5,2,1,0,1,1,13,75,1.828,137.39,681.33,5.99,2.86,3,16.56,2,0
1953,1,2.1,1,7,0,56,0.1,158,8,9,555.0,764,2334,11,5,4,1,0,0,2,16,55,1.374,78.69,291.75,12.36,23.54,3,39.21,2,2
1172,0,1.9,0,0,1,27,0.7,164,1,3,607.0,1092,1477,12,6,6,1,0,0,1,3,72,1.796,96.11,1477.0,7.15,17.51,2,2.81,1,1
612,1,1.9,1,6,0,16,0.3,102,7,7,1360.0,1891,3161,8,4,3,0,0,0,3,13,32,1.389,258.81,451.57,6.0,5.02,2,42.04,3,0
1563,0,2.4,0,0,1,24,0.2,170,8,0,142.0,1699,3660,7,5,5,1,1,0,3,0,35,11.881,213.12,457.5,9.19,6.53,3,70.27,3,2
1191,0,1.3,1,16,1,26,0.8,84,1,20,681.0,683,1604,14,3,9,1,0,1,1,36,42,1.001,64.3,1604.0,14.18,15.6,4,2.09,1,1
615,1,0.5,1,0,0,42,0.6,163,6,4,104.0,1664,2211,7,4,18,0,0,1,1,4,28,15.848,208.41,368.5,3.77,18.59,3,6.63,2,0
1893,1,2.1,1,8,0,63,0.2,134,2,11,637.0,763,3822,14,3,18,0,1,1,3,19,42,1.196,66.26,1911.0,14.13,16.44,4,16.05,3,2
1563,0,1.7,1,10,0,16,0.1,151,7,13,410.0,572,3922,11,1,8,0,0,1,3,23,11,1.392,58.65,560.29,10.35,4.07,2,46.67,3,2
1995,1,1.9,0,6,0,9,0.8,139,6,18,1830.0,1963,1203,14,12,18,1,1,1,2,24,168,1.072,178.91,200.5,14.35,7.06,4,13.71,1,2
1517,0,0.5,0,6,1,48,0.6,143,5,14,802.0,1489,2822,15,5,11,1,1,1,3,20,75,1.854,105.7,564.4,10.61,16.81,4,7.06,2,2
832,0,1.6,1,1,1,34,0.3,108,5,5,311.0,1294,447,15,13,12,1,1,0,0,6,195,4.147,83.18,89.4,7.7,63.37,4,3.58,0,0
1162,0,2.0,0,0,1,56,0.7,114,7,1,56.0,997,1652,5,6,20,1,0,0,1,1,30,17.491,166.43,236.0,10.19,32.69,2,23.13,1,1
1595,1,2.6,0,7,0,12,0.3,121,8,19,344.0,655,3608,15,1,16,0,1,0,3,26,15,1.899,46.24,451.0,13.18,3.31,2,75.05,3,2
1329,1,1.0,0,1,0,52,0.9,181,6,2,1053.0,1458,1228,8,6,6,1,0,1,1,3,48,1.383,199.83,204.67,7.34,40.02,3,7.37,1,1
928,1,0.5,1,11,0,56,0.7,80,8,13,221.0,1243,666,19,10,5,0,1,0,0,24,190,5.599,63.12,83.25,11.6,74.63,3,2.66,0,0
1656,1,0.5,1,8,1,38,0.1,105,7,17,506.0,519,1499,12,8,19,1,0,1,1,25,96,1.024,55.76,214.14,15.77,24.3,5,5.25,1,2
1937,1,1.7,0,16,0,58,0.6,189,1,19,1728.0,1767,3321,5,4,14,1,1,0,3,35,20,1.022,411.92,3321.0,10.25,17.35,3,5.65,3,2
977,1,1.1,1,2,0,57,0.6,181,6,7,63.0,566,1206,7,1,8,0,1,1,0,9,7,8.844,71.19,201.0,5.4,44.61,4,7.96,1,0
768,1,0.9,0,16,1,56,0.1,113,1,20,418.0,515,952,19,3,16,1,0,1,0,36,57,1.229,33.16,952.0,6.8,54.39,4,0.86,0,0
1464,1,0.5,1,11,0,12,0.9,117,2,14,854.0,1168,3927,5,3,15,0,1,1,3,25,15,1.366,241.15,1963.5,12.51,3.05,4,3.93,3,1
1177,0,0.9,0,1,1,29,0.4,191,2,8,178.0,882,311,18,5,19,1,0,0,0,9,90,4.927,47.36,155.5,6.16,71.83,2,0.56,0,1
1348,0,2.0,0,16,0,52,0.3,98,3,20,1869.0,1942,955,18,11,7,1,1,1,1,36,198,1.039,141.86,318.33,13.76,50.36,3,5.73,0,1
1956,0,2.2,0,0,1,37,0.5,87,3,2,185.0,776,1109,13,1,19,1,1,0,1,2,13,4.172,56.98,369.67,22.48,31.28,3,7.32,1,2
1751,0,0.5,1,6,0,8,0.6,178,6,20,170.0,564,2969,8,6,17,0,0,1,2,26,48,3.298,65.45,494.83,9.84,2.67,2,8.91,2,2
1530,0,2.0,0,11,0,42,0.8,177,6,13,454.0,1975,725,11,10,19,0,0,1,0,24,110,4.341,168.88,120.83,8.64,51.98,1,8.7,0,2
1997,1,1.8,1,1,0,40,0.5,185,4,8,866.0,1212,1655,7,6,15,1,0,0,2,9,42,1.398,186.2,413.75,10.79,23.31,3,11.92,1,2
1414,1,1.5,1,5,0,44,0.5,180,2,6,44.0,1118,3490,16,12,13,0,1,0,3,11,192,24.844,65.82,1745.0,7.86,12.54,3,10.47,3,1
1707,0,1.4,0,0,0,41,0.8,80,7,2,1331.0,1388,1774,12,6,10,0,0,0,2,2,72,1.042,147.93,253.43,21.34,22.37,0,17.39,1,2
894,0,0.5,1,1,1,50,0.5,199,3,14,1285.0,1462,3615,13,6,6,1,0,1,3,15,78,1.137,139.03,1205.0,4.49,13.77,4,5.42,3,0
645,0,1.2,0,6,1,41,0.7,184,8,17,741.0,1130,714,18,2,13,1,1,0,0,23,36,1.523,71.12,89.25,3.51,51.43,3,6.85,0,0
1163,0,2.8,1,0,0,49,0.6,155,2,0,520.0,754,2768,19,2,12,0,0,1,2,0,38,1.447,45.8,1384.0,7.5,17.48,2,15.5,2,1
1126,0,0.7,0,3,0,49,0.9,165,8,17,114.0,1726,3739,14,1,13,1,0,0,3,20,14,15.009,115.32,467.38,6.82,13.06,1,20.94,3,1
1648,0,0.7,0,6,1,64,0.8,170,4,9,1153.0,1876,610,8,1,6,1,1,0,1,15,8,1.626,244.67,152.5,9.69,91.99,3,1.71,0,2
1170,1,0.9,0,6,1,14,0.4,199,2,13,474.0,709,715,18,5,20,1,0,1,0,19,90,1.493,44.89,357.5,5.88,17.54,4,1.29,0,1
508,0,0.8,0,7,1,42,0.3,94,1,8,39.0,557,663,13,12,7,1,0,0,0,15,156,13.925,39.88,663.0,5.4,56.19,2,0.53,0,0
1097,0,2.1,1,6,0,64,0.2,161,3,8,419.0,1914,1725,14,5,9,1,0,1,1,14,70,4.557,130.62,575.0,6.81,35.86,3,10.87,1,1
728,0,1.7,1,0,1,5,0.6,101,2,20,584.0,775,834,16,6,5,1,1,0,0,20,96,1.325,57.08,417.0,7.21,5.47,4,2.84,0,0
1980,0,0.5,1,2,1,29,0.8,177,1,13,312.0,1910,3865,12,10,18,1,0,0,3,15,120,6.102,148.87,3865.0,11.19,7.49,3,1.93,3,2
1504,0,2.3,1,1,0,64,0.9,182,1,2,19.0,1923,3059,6,5,10,0,1,0,3,3,30,96.15,274.73,3059.0,8.26,20.73,2,7.04,3,2
1379,1,2.1,1,14,1,63,1.0,83,1,17,207.0,1370,651,9,6,7,1,1,0,0,31,54,6.587,138.56,651.0,16.61,85.63,5,1.37,0,1
1698,0,2.1,0,5,1,18,0.9,160,6,20,363.0,994,796,13,3,14,1,0,1,0,25,39,2.731,75.59,132.67,10.61,20.52,3,10.03,0,2
920,0,2.1,1,5,0,25,0.4,115,7,14,209.0,1078,785,10,7,5,0,1,1,0,19,70,5.133,99.82,112.14,8.0,28.85,3,11.54,0,0
1144,1,1.5,1,0,0,21,0.4,189,1,11,159.0,724,3252,16,6,8,0,0,0,2,11,96,4.525,43.6,3252.0,6.05,6.41,2,4.88,3,1
1995,1,0.5,0,6,0,26,0.2,129,1,15,649.0,1104,1322,15,11,7,0,1,1,1,21,165,1.698,80.04,1322.0,15.47,18.69,3,0.66,1,2
1430,0,0.5,1,1,0,27,0.5,183,1,16,1132.0,1182,2832,7,1,15,0,1,1,2,17,7,1.043,204.58,2832.0,7.81,9.42,3,1.42,2,1
972,1,0.5,1,5,0,13,0.4,193,5,8,1392.0,1795,1615,11,6,13,0,1,0,1,13,66,1.289,189.29,323.0,5.04,7.75,3,4.04,1,0
662,0,0.5,0,5,0,20,0.8,138,1,10,1001.0,1224,2125,17,15,15,0,1,1,1,15,255,1.222,87.84,2125.0,4.8,9.19,2,1.06,2,0
1867,0,2.3,0,0,1,9,0.1,191,6,3,712.0,1442,990,6,1,2,1,0,1,1,3,6,2.022,229.74,165.0,9.77,8.44,3,13.66,0,2
1730,0,2.0,1,0,1,20,0.1,143,4,10,418.0,1023,1595,14,6,12,1,1,0,1,10,84,2.442,73.67,398.75,12.1,12.07,4,12.76,1,2
1723,1,1.0,0,1,1,7,0.6,126,3,17,384.0,1361,1213,5,6,16,1,1,1,1,18,30,3.535,235.69,404.33,13.67,5.45,5,3.64,1,2
1882,1,1.3,1,8,0,47,0.2,140,2,13,119.0,652,2500,17,1,11,0,0,1,2,21,17,5.433,36.82,1250.0,13.44,18.49,3,6.5,2,2
803,0,0.8,1,0,0,18,0.3,106,4,1,627.0,935,2801,18,15,12,0,1,0,2,1,270,1.489,59.25,700.25,7.58,6.35,2,8.96,2,0
580,1,1.2,1,0,0,47,0.9,91,3,1,1086.0,1345,3451,15,1,11,1,1,0,3,1,15,1.237,108.04,1150.33,6.37,13.54,4,12.42,3,0
668,0,2.3,0,2,1,48,0.3,114,1,19,195.0,1292,1201,14,12,4,1,1,0,0,21,168,6.592,87.11,1201.0,5.86,37.71,3,2.76,1,0
1391,0,1.4,0,2,1,36,0.8,182,1,6,14.0,1256,3139,14,7,14,1,1,0,2,8,98,83.733,83.74,3139.0,7.64,11.37,3,4.39,3,1
1560,0,2.3,0,0,1,22,0.8,169,7,1,745.0,1364,1938,15,11,16,1,1,1,2,1,165,1.828,97.14,276.86,9.23,11.04,4,31.2,1,2
821,0,1.8,1,5,0,54,0.1,109,3,9,253.0,1786,3185,8,4,15,1,0,0,2,14,32,7.031,200.43,1061.67,7.53,16.82,2,17.2,3,0
811,1,2.4,1,5,1,2,0.3,106,6,13,333.0,1429,2111,18,7,2,1,0,1,1,18,126,4.278,77.23,351.83,7.65,0.93,5,30.4,2,0
1989,1,2.9,1,8,0,17,0.1,193,8,15,629.0,682,2369,7,6,18,1,1,0,2,23,42,1.083,115.97,296.12,10.31,7.04,4,54.96,2,2
1034,1,2.7,1,6,0,37,0.7,120,7,20,707.0,1199,3625,17,1,12,0,1,1,3,26,17,1.694,77.33,517.86,8.62,10.16,4,68.51,3,1
618,0,2.1,0,2,0,6,0.3,86,1,4,1314.0,1688,1051,13,10,15,0,0,1,0,6,130,1.284,152.8,1051.0,7.19,5.33,1,2.21,1,0
654,1,1.3,0,0,1,52,0.7,196,4,4,1715.0,1898,1036,17,4,13,1,0,0,1,4,68,1.106,142.11,259.0,3.34,46.77,3,5.39,1,0
576,1,2.8,0,2,1,10,0.2,184,5,7,513.0,1438,2938,6,6,5,1,1,1,2,9,36,2.798,218.11,587.6,3.13,3.37,5,41.13,2,0
667,1,0.6,0,6,1,3,0.7,185,6,13,13.0,1463,2855,5,6,19,1,0,1,2,19,30,104.5,243.84,475.83,3.61,1.04,4,10.28,2,0
869,1,1.0,0,7,1,57,0.6,118,1,15,1243.0,1584,2727,13,3,8,1,0,0,2,22,39,1.273,143.82,2727.0,7.36,20.63,3,2.73,2,0
635,1,0.5,1,2,0,42,0.4,149,3,4,300.0,1059,2973,12,5,18,0,0,1,2,6,60,3.518,84.67,991.0,4.26,13.98,3,4.46,2,0
609,1,3.0,0,15,1,44,0.3,117,1,16,58.0,1253,2581,15,11,15,1,0,1,1,31,165,21.237,78.4,2581.0,5.21,16.79,4,7.74,2,0
1557,0,2.8,1,16,0,2,0.1,123,5,20,1107.0,1442,2690,18,16,9,0,0,1,3,36,288,1.301,95.68,538.0,12.66,0.73,2,37.66,2,2
1604,1,1.7,0,2,0,33,1.0,191,8,5,134.0,939,916,13,10,12,0,1,1,0,7,130,6.956,67.75,114.5,8.4,33.18,3,12.46,0,2
1182,0,0.5,0,7,1,8,0.5,138,8,16,275.0,986,2563,19,17,19,1,0,0,2,23,323,3.572,51.18,320.38,8.57,3.07,2,10.25,2,1
848,1,2.1,1,10,1,19,0.8,148,7,18,176.0,1029,3359,10,6,14,1,0,0,2,28,60,5.814,94.9,479.86,5.73,5.62,4,49.38,3,0
1610,1,2.9,0,7,1,64,0.9,181,4,12,1236.0,1280,941,8,4,9,1,1,0,1,19,32,1.035,197.71,235.25,8.9,62.81,4,10.92,0,2
1828,1,2.1,1,0,0,17,0.9,199,1,1,336.0,898,2280,17,14,4,0,0,0,2,1,238,2.665,53.27,2280.0,9.19,7.31,2,4.79,2,2
880,0,2.0,1,1,1,50,0.5,194,7,3,1116.0,1381,827,15,9,6,1,0,1,0,4,135,1.236,110.97,118.14,4.54,55.09,4,11.58,0,0
1394,1,0.9,1,10,1,62,0.3,175,5,13,1010.0,1565,473,11,1,20,1,1,0,0,23,11,1.548,155.22,94.6,7.97,110.34,5,2.13,0,1
1960,1,2.3,1,1,1,61,0.3,86,7,3,205.0,1299,3865,10,7,11,1,0,0,3,4,70,6.306,119.55,552.14,22.79,15.74,4,62.23,3,2
809,0,0.8,0,10,0,21,0.9,91,7,19,1453.0,1726,1274,18,7,3,0,0,0,1,29,126,1.187,118.75,182.0,8.89,15.62,0,7.13,1,0
899,0,0.5,1,13,1,57,0.9,172,2,18,788.0,1331,364,11,1,7,1,1,0,0,31,11,1.687,128.9,182.0,5.23,125.15,4,0.36,0,0
1976,1,0.7,1,4,0,32,0.8,171,2,7,1301.0,1922,3699,17,11,13,0,1,1,3,11,187,1.476,128.94,1849.5,11.56,8.62,4,5.18,3,2
879,0,1.5,1,0,1,21,0.8,187,4,2,463.0,1038,2927,14,13,11,1,0,1,2,2,182,2.237,75.77,731.75,4.7,7.1,4,17.56,2,0
916,1,2.6,0,0,0,36,0.3,195,4,12,188.0,992,1470,13,6,14,0,1,0,0,12,78,5.249,72.12,367.5,4.7,23.44,2,15.29,1,0
763,0,1.7,1,8,1,2,0.5,92,8,14,1028.0,1186,1050,6,4,8,1,1,0,0,22,24,1.153,224.22,131.25,8.29,1.78,4,14.28,1,0
508,0,1.6,1,0,0,9,0.4,162,6,2,1419.0,1920,2616,18,8,10,1,1,1,2,2,144,1.352,125.66,436.0,3.14,3.39,4,25.11,2,0
825,0,2.9,1,0,0,34,0.8,99,8,17,1471.0,1866,2915,8,2,10,1,1,0,3,17,16,1.268,264.01,364.38,8.33,11.54,3,67.63,2,0
1864,0,1.4,0,8,1,46,0.7,178,1,12,168.0,981,2686,11,7,18,1,1,1,2,20,77,5.805,82.94,2686.0,10.47,16.89,4,3.76,2,2
1725,0,0.5,1,8,1,52,1.0,185,6,12,1125.0,1195,1243,19,18,5,1,1,1,1,20,342,1.061,82.06,207.17,9.32,39.58,5,3.73,1,2
1108,1,2.9,0,10,0,52,0.1,183,2,12,130.0,1706,3264,16,1,13,0,1,1,3,22,16,13.023,100.64,1632.0,6.05,15.82,3,18.93,3,1
1011,0,1.1,0,4,1,36,0.2,131,7,18,481.0,749,2261,7,6,16,1,1,1,1,22,42,1.554,111.27,323.0,7.72,15.6,4,17.41,2,1
1703,1,1.5,1,16,1,55,0.7,138,5,19,1411.0,1711,2993,5,1,20,1,1,1,3,35,5,1.212,369.63,598.6,12.34,18.19,6,22.45,2,2
1067,1,1.7,1,0,0,58,0.5,135,7,0,79.0,681,706,12,9,16,0,1,0,0,0,108,8.512,52.74,100.86,7.9,73.47,3,8.4,0,1
1334,1,2.4,0,5,1,42,0.6,115,5,14,1187.0,1974,2542,10,1,8,1,0,0,3,19,10,1.662,209.4,508.4,11.6,16.26,3,30.5,2,1
775,1,2.6,0,0,0,30,0.4,189,7,10,561.0,1510,2523,17,16,9,1,0,1,2,10,272,2.687,89.49,360.43,4.1,11.7,3,45.92,2,0
1899,1,0.6,0,0,0,26,0.1,151,2,0,96.0,814,336,13,11,4,1,0,1,0,0,143,8.392,58.55,168.0,12.58,60.73,3,0.4,0,2
930,1,1.3,1,1,1,14,0.4,97,6,10,77.0,1025,2457,11,7,17,1,1,0,1,11,77,13.141,85.66,409.5,9.59,5.6,5,19.16,2,0
1058,0,1.5,0,2,0,19,0.4,166,4,14,493.0,1247,418,9,7,16,0,0,1,0,16,63,2.524,134.09,104.5,6.37,37.39,1,2.51,0,1
1187,1,2.2,0,0,1,46,0.4,145,2,9,1173.0,1814,3917,13,11,8,1,0,1,3,9,143,1.545,154.3,1958.5,8.19,11.72,4,17.23,3,1
1874,1,2.7,1,10,0,8,0.9,166,7,13,964.0,1233,1246,8,1,2,0,0,1,1,23,8,1.278,173.9,178.0,11.29,6.08,3,23.55,1,2
1482,0,0.5,0,2,0,48,0.2,142,7,10,634.0,642,2971,12,8,12,1,1,1,2,12,96,1.011,69.41,424.43,10.44,15.99,3,10.4,2,1
1809,1,1.7,0,3,1,59,0.1,174,3,4,639.0,721,2324,10,6,16,1,0,1,2,7,60,1.127,87.58,774.67,10.4,24.9,4,11.85,2,2
864,1,3.0,1,0,1,54,0.7,187,2,1,127.0,1670,3121,18,2,16,1,1,1,2,1,36,13.047,88.15,1560.5,4.62,17.15,6,18.73,3,0
625,1,1.9,0,12,1,33,0.2,191,1,20,431.0,550,3801,10,6,2,1,0,0,2,32,60,1.273,63.52,3801.0,3.27,8.66,3,7.22,3,0
1880,1,1.8,0,4,1,18,0.7,138,3,5,71.0,699,3333,17,15,7,1,0,0,3,9,255,9.708,39.03,1111.0,13.62,5.37,3,18.0,3,2
1138,0,1.4,0,12,1,44,0.2,187,8,17,111.0,1138,3475,19,3,3,1,0,0,3,29,57,10.161,57.17,434.38,6.09,12.59,2,38.92,3,1
560,0,0.5,0,14,0,23,1.0,146,8,15,356.0,1903,2360,17,16,18,0,1,1,1,29,272,5.331,107.56,295.0,3.84,9.56,2,9.44,2,0
1117,0,0.5,0,1,0,12,0.6,144,7,8,798.0,817,2895,7,6,16,1,1,0,2,9,42,1.023,142.76,413.57,7.76,4.1,2,10.13,2,1
1712,0,1.4,0,1,0,63,0.5,137,7,12,747.0,1126,3652,16,1,19,1,0,0,3,13,16,1.505,79.49,521.71,12.5,17.18,1,35.79,3,2
1836,1,1.7,1,3,0,26,0.1,134,6,16,408.0,1139,3097,5,6,18,0,1,0,3,19,30,2.785,201.64,516.17,13.7,8.32,3,31.59,3,2
1036,1,2.4,0,0,0,39,0.2,119,7,3,373.0,926,2101,10,7,2,0,1,0,1,3,70,2.476,90.75,300.14,8.71,18.12,2,35.3,2,1
1860,1,2.3,0,15,0,23,0.6,162,4,16,1362.0,1506,3918,9,2,8,0,1,0,3,31,18,1.105,203.05,979.5,11.48,5.86,2,36.05,3,2
1375,1,1.1,0,3,1,9,0.9,145,7,19,475.0,726,3869,19,18,10,1,1,1,3,22,342,1.525,43.38,552.71,9.48,2.32,5,29.79,3,1
1945,0,1.6,1,0,1,57,0.3,195,4,1,743.0,1753,732,14,1,14,1,1,0,1,1,14,2.356,126.93,183.0,9.97,69.95,4,4.68,0,2
1896,0,0.5,1,8,1,7,0.4,141,2,13,447.0,794,3684,9,7,18,1,0,0,3,21,63,1.772,91.12,1842.0,13.45,1.89,3,3.68,3,2
788,0,2.5,1,4,1,57,0.9,91,8,12,42.0,1161,3969,12,8,6,1,1,1,3,16,96,27.0,89.37,496.12,8.66,14.34,5,79.38,3,0
880,1,1.7,1,0,0,33,0.7,173,2,2,30.0,1350,1414,12,1,7,1,1,0,0,2,12,43.548,103.87,707.0,5.09,22.28,4,4.81,1,0
1323,1,2.5,1,10,1,28,0.2,131,4,12,162.0,619,1892,10,6,15,1,1,1,1,22,60,3.798,58.17,473.0,10.1,14.38,6,18.92,1,1
1868,0,2.0,1,0,1,42,0.2,169,1,4,347.0,660,3131,8,3,7,1,1,1,3,4,24,1.897,82.85,3131.0,11.05,13.3,5,6.26,3,2
1266,0,1.9,1,0,1,7,0.2,184,3,12,346.0,1468,2532,10,5,4,1,1,1,2,12,50,4.231,137.11,844.0,6.88,2.72,5,14.43,2,1
1042,0,2.7,1,16,1,50,0.8,93,7,18,727.0,1705,3215,18,6,20,1,1,1,3,34,108,2.342,97.55,459.29,11.2,15.43,5,60.76,3,1
1479,0,0.5,0,8,0,19,0.6,156,3,10,180.0,1476,3323,13,12,6,1,0,1,3,18,156,8.155,106.21,1107.67,9.48,5.68,2,4.98,3,1
1476,1,1.2,1,0,1,55,0.1,171,4,5,1641.0,1666,1529,13,8,3,1,0,1,2,5,104,1.015,167.03,382.25,8.63,34.52,5,7.34,1,1
1552,1,2.2,0,6,1,13,0.2,123,6,9,269.0,1026,2403,9,2,9,1,1,1,2,15,18,3.8,106.07,400.5,12.62,5.31,5,31.72,2,2
1454,1,0.5,1,1,0,34,0.7,83,4,3,250.0,1033,3419,7,5,5,1,1,0,3,4,35,4.116,132.85,854.75,17.52,9.89,4,6.84,3,1
1007,0,2.0,0,0,0,45,0.1,95,5,2,1186.0,1529,3648,9,6,16,0,0,0,3,2,54,1.288,193.51,729.6,10.6,12.29,0,36.48,3,1
652,1,2.4,1,9,1,17,0.7,173,5,11,77.0,559,1974,12,10,12,1,0,0,0,20,120,7.167,43.41,394.8,3.77,8.38,4,23.69,1,0
1504,0,1.5,0,12,1,34,0.7,142,8,15,507.0,973,2806,7,2,7,1,0,1,2,27,14,1.915,137.15,350.75,10.59,11.97,3,33.67,2,2
1726,1,0.9,1,2,0,51,0.6,193,4,3,379.0,1223,2239,13,9,13,1,0,1,2,5,117,3.218,91.46,559.75,8.94,22.3,4,8.06,2,2
1029,1,1.9,1,5,1,5,0.2,171,5,8,264.0,956,582,15,7,4,1,1,1,0,13,105,3.608,61.99,116.4,6.02,7.48,6,5.53,0,1
1582,0,2.8,0,2,1,44,0.5,112,6,13,1486.0,1797,3890,17,10,10,1,1,1,3,15,170,1.208,129.55,648.33,14.12,11.29,4,65.35,3,2
1478,1,0.8,1,12,0,48,0.7,99,5,17,694.0,882,1141,5,2,6,0,0,1,1,29,10,1.269,187.05,228.2,14.93,39.53,3,4.56,1,1
1178,1,1.3,0,0,0,49,0.6,101,5,0,579.0,596,2511,6,3,17,0,0,0,2,0,18,1.028,118.71,502.2,11.66,19.2,1,16.32,2,1
707,0,2.1,1,2,0,25,0.8,131,3,17,495.0,574,3838,9,2,7,1,0,1,3,19,18,1.157,75.8,1279.33,5.4,6.5,3,24.18,3,0
755,1,2.8,0,5,1,51,0.3,186,4,12,315.0,990,2734,10,1,16,1,0,1,2,17,10,3.133,94.45,683.5,4.06,18.41,4,30.62,2,0
912,1,2.0,0,1,0,54,0.3,161,8,5,329.0,1053,2330,19,5,20,0,1,0,1,6,95,3.191,55.16,291.25,5.66,22.73,2,37.28,2,0
651,1,0.8,1,2,1,63,0.2,176,5,4,548.0,858,2244,14,9,19,1,1,0,1,6,126,1.563,67.87,448.8,3.7,27.49,5,8.98,2,0
1483,0,2.1,0,1,1,54,0.2,176,7,2,531.0,758,1851,15,13,2,1,1,0,1,3,195,1.425,57.84,264.43,8.43,28.31,3,27.21,1,1
914,1,0.9,0,2,0,4,0.8,100,2,12,191.0,1495,808,11,7,5,1,1,0,0,14,77,7.786,125.6,404.0,9.14,4.5,3,1.45,0,0
1456,1,0.5,1,7,0,7,0.4,105,5,12,823.0,1104,1587,6,5,20,1,0,1,1,19,30,1.34,196.72,317.4,13.87,4.24,4,3.97,1,1
1178,0,2.2,1,6,0,57,0.3,84,3,17,96.0,1352,2492,16,14,10,1,1,0,2,23,224,13.938,79.73,830.67,14.02,22.5,3,16.45,2,1
1503,1,0.7,0,10,1,43,0.2,166,4,14,841.0,1304,2122,15,1,2,1,0,0,2,24,15,1.549,96.98,530.5,9.05,19.8,3,5.94,2,2
1681,1,2.5,0,2,0,11,0.4,158,2,13,195.0,1205,1122,12,6,16,0,1,1,0,15,72,6.148,93.9,561.0,10.64,9.2,3,5.61,1,2
715,0,2.3,1,4,0,48,0.1,160,4,6,21.0,562,3709,14,2,10,0,0,0,2,10,28,25.545,37.49,927.25,4.47,12.9,1,34.12,3,0
1876,0,2.8,1,3,1,56,0.4,182,3,4,235.0,585,3021,12,2,18,1,0,0,2,7,24,2.479,48.5,1007.0,10.31,18.36,3,25.38,3,2
1190,1,2.2,1,9,0,47,0.3,186,6,10,1417.0,1441,624,9,3,19,1,1,1,0,19,27,1.016,202.1,104.0,6.4,66.26,5,8.24,0,1
1755,1,1.3,0,0,1,24,0.1,134,7,2,286.0,1075,3937,8,1,7,1,0,1,3,2,8,3.746,123.6,562.43,13.1,6.08,4,35.83,3,2
1197,0,1.3,0,3,1,20,0.5,149,6,7,649.0,1629,1797,19,5,4,1,1,1,1,10,95,2.506,87.68,299.5,8.03,10.78,4,14.02,1,1
1048,1,0.9,0,10,1,28,0.8,194,2,19,966.0,1975,1458,5,1,15,1,0,1,1,29,5,2.042,366.43,729.0,5.4,18.37,4,2.62,1,1
1887,1,3.0,1,6,1,17,0.2,126,8,7,1172.0,1798,3348,18,16,16,1,1,0,3,13,288,1.533,112.96,418.5,14.98,5.05,5,80.35,3,2
1772,1,0.5,1,3,0,64,0.7,116,8,15,270.0,545,1834,5,2,20,0,1,1,1,18,10,2.011,101.37,229.25,15.28,33.84,4,7.34,1,2
1421,0,2.8,0,0,1,57,0.4,165,1,2,781.0,1657,2775,13,8,14,1,0,1,3,2,104,2.119,130.85,2775.0,8.61,20.28,3,7.77,2,1
1464,0,0.5,1,0,1,17,0.7,153,6,8,418.0,1341,1277,13,6,19,1,0,0,1,8,78,3.2,100.33,212.83,9.57,12.62,3,3.83,1,1
728,0,2.3,1,4,0,23,0.8,111,4,5,126.0,817,457,17,10,16,1,1,1,0,9,170,6.433,45.93,114.25,6.56,42.1,4,4.2,0,0
954,1,0.5,0,0,0,50,0.3,134,2,11,228.0,1058,438,17,6,2,1,0,0,0,11,102,4.62,60.13,219.0,7.12,94.74,2,0.44,0,0
685,0,0.5,1,8,1,13,0.8,82,7,15,1091.0,1203,3210,15,7,2,1,1,1,3,23,105,1.102,101.5,458.57,8.35,4.02,5,11.24,3,0
1472,0,2.8,1,1,0,36,0.5,130,6,10,1452.0,1744,985,12,11,7,1,1,0,1,11,132,1.2,174.56,164.17,11.32,33.9,3,16.55,0,1
853,1,2.0,0,10,1,3,0.6,200,2,16,674.0,740,3701,15,8,8,1,1,0,3,26,120,1.096,62.56,1850.5,4.26,0.81,4,14.8,3,0
1469,0,2.1,0,0,0,8,0.7,123,7,0,398.0,1133,1052,8,1,3,0,1,0,0,0,8,2.84,133.43,150.29,11.94,7.1,1,15.46,1,1
1310,1,2.3,1,6,0,57,0.9,135,8,9,449.0,889,1175,16,6,8,0,0,0,0,15,96,1.976,58.59,146.88,9.7,45.69,2,21.62,1,1
1654,0,1.8,0,1,0,11,0.3,146,7,2,1184.0,1719,1070,8,1,14,1,1,1,1,3,8,1.451,231.92,152.86,11.33,9.61,3,13.48,1,2
902,1,0.7,0,3,0,3,0.3,134,7,9,675.0,1285,3411,12,11,15,0,0,1,3,12,132,1.901,111.65,487.29,6.73,0.87,2,16.71,3,0
1448,0,1.4,1,13,0,26,1.0,156,3,16,1792.0,1850,1175,12,9,6,0,1,0,1,29,108,1.032,198.12,391.67,9.28,20.84,2,4.93,1,1
1631,0,0.9,1,2,1,3,0.1,198,7,12,177.0,1905,301,13,5,13,1,0,0,0,14,65,10.702,136.66,43.0,8.24,7.62,3,1.9,0,2
1608,0,1.8,1,7,0,28,0.4,183,2,13,1013.0,1158,489,15,11,8,0,0,1,0,20,165,1.142,96.16,244.5,8.79,48.48,2,1.76,0,2
1991,1,2.7,0,5,1,64,0.9,145,2,13,1058.0,1325,1733,5,3,8,1,1,0,2,18,15,1.251,282.6,866.5,13.73,35.71,4,9.36,1,2
1349,0,2.0,1,15,0,62,0.3,114,5,16,592.0,772,2756,11,3,4,1,0,0,2,31,33,1.302,81.07,551.2,11.83,22.21,2,27.56,2,1
1589,0,2.5,0,5,1,51,0.8,195,1,18,810.0,1743,2612,8,2,16,1,0,0,2,23,16,2.149,213.56,2612.0,8.15,19.24,2,6.53,2,2
1844,1,2.3,1,1,0,51,0.7,158,8,3,533.0,882,1724,5,1,14,0,1,1,1,4,5,1.652,171.76,215.5,11.67,28.59,4,31.72,1,2
712,1,0.5,1,3,1,35,0.2,84,2,10,558.0,1208,2190,16,12,4,1,1,1,1,13,192,2.161,78.27,1095.0,8.48,15.63,6,2.19,2,0
972,1,1.7,0,0,1,54,0.7,107,3,4,681.0,1050,1900,16,8,19,1,0,1,1,4,128,1.54,73.62,633.33,9.08,27.61,4,9.69,1,0
1406,0,0.5,1,2,1,34,0.8,98,3,5,1017.0,1366,3915,9,8,2,1,0,1,3,7,72,1.342,170.3,1305.0,14.35,8.67,4,5.87,3,1
1289,0,0.9,0,10,1,25,1.0,178,6,12,765.0,899,1043,6,2,11,1,1,0,0,22,12,1.174,168.63,173.83,7.24,22.35,3,5.63,1,1
932,0,1.3,0,1,0,64,0.7,154,7,2,1176.0,1224,3817,8,7,9,1,1,1,3,3,56,1.04,188.6,545.29,6.05,16.72,3,34.73,3,0
1747,1,0.9,0,6,1,48,0.7,94,3,19,947.0,1131,2362,17,2,19,1,1,0,2,25,34,1.193,81.95,787.33,18.59,19.94,4,6.38,2,2
1172,1,2.1,1,4,0,41,0.1,95,3,7,1314.0,1884,1107,7,3,5,0,0,0,1,11,21,1.433,287.12,369.0,12.34,34.71,2,6.97,1,1
1128,1,1.4,0,12,0,53,0.4,84,5,14,609.0,1370,2982,14,9,12,1,1,0,3,26,126,2.246,99.95,596.4,13.43,17.6,3,20.87,2,1
664,0,1.2,1,0,0,28,0.9,106,5,5,754.0,1497,2042,17,15,19,1,1,0,1,5,255,1.983,93.12,408.4,6.26,13.37,3,12.25,2,0
513,1,0.5,0,6,1,44,0.1,186,4,12,619.0,867,1343,5,1,9,1,1,0,0,18,5,1.398,177.55,335.75,2.76,31.17,4,2.69,1,0
1742,0,2.3,1,9,1,43,0.4,170,7,12,453.0,681,2610,12,3,10,1,0,1,2,21,36,1.5,62.92,372.86,10.25,16.23,4,42.02,2,2
1512,1,1.7,0,12,0,6,0.7,162,7,17,205.0,884,2335,15,7,7,1,1,1,2,29,105,4.291,56.72,333.57,9.33,2.52,4,27.79,2,2
1986,0,0.5,1,3,1,51,0.1,165,8,20,282.0,1358,1614,17,12,3,1,1,1,1,23,204,4.799,77.05,201.75,12.04,30.43,5,6.46,1,2
965,1,1.5,1,5,0,13,1.0,109,2,14,130.0,998,1138,9,8,10,0,1,0,0,19,72,7.618,100.64,569.0,8.85,10.73,3,3.41,1,0
1067,1,2.4,1,3,1,40,0.6,122,8,15,494.0,1989,604,16,14,11,1,0,0,0,18,224,4.018,120.55,75.5,8.75,57.98,4,11.6,0,1
1583,1,1.6,0,5,1,42,0.8,118,3,10,275.0,862,3652,14,10,9,1,0,0,3,15,140,3.123,60.32,1217.33,13.42,11.46,3,17.53,3,2
1653,0,0.5,1,2,1,37,0.9,176,4,6,447.0,1785,3955,19,4,18,1,1,1,3,8,76,3.984,92.01,988.75,9.39,9.34,5,7.91,3,2
1433,0,1.6,0,7,0,4,0.7,133,8,11,281.0,799,258,11,9,4,1,1,1,0,18,99,2.833,70.58,32.25,10.77,11.37,3,3.3,0,1
765,0,2.9,0,0,1,18,0.1,153,7,0,6.0,793,1066,11,1,16,1,1,0,0,0,11,113.286,66.09,152.29,5.0,15.78,3,21.64,1,0
1845,1,0.5,1,10,0,61,0.3,96,1,12,292.0,695,1731,9,5,6,0,0,0,1,22,45,2.372,75.38,1731.0,19.22,34.07,2,0.87,1,2
752,0,0.5,1,1,0,48,0.7,87,7,13,164.0,728,3860,7,5,16,0,0,0,3,14,35,4.412,93.28,551.43,8.64,12.4,1,13.51,3,0
1948,0,2.8,1,8,0,16,0.1,100,5,10,631.0,1940,3630,9,7,17,0,1,0,3,18,63,3.07,204.0,726.0,19.48,4.39,2,50.82,3,2
1077,0,2.5,1,0,1,45,1.0,174,3,4,897.0,1304,1965,6,2,6,1,1,0,1,4,12,1.452,226.1,655.0,6.19,22.29,4,14.74,1,1
932,1,0.5,0,1,1,60,0.7,104,4,2,268.0,1078,1459,6,1,19,1,1,0,0,3,6,4.007,158.69,364.75,8.96,39.35,4,2.92,1,0
1968,0,0.9,0,0,0,22,0.8,115,3,7,861.0,1259,2323,9,8,7,0,0,1,2,7,72,1.461,152.53,774.33,17.11,9.29,1,6.27,2,2
1122,0,1.2,0,9,0,2,0.6,120,4,14,331.0,790,3291,11,2,13,1,1,1,2,23,22,2.38,71.38,822.75,9.35,0.6,3,15.8,3,1
1588,0,0.5,0,0,1,61,0.8,159,1,13,1064.0,1594,3272,18,6,17,1,1,0,3,13,108,1.497,100.87,3272.0,9.99,18.51,3,1.64,3,2
601,0,2.1,0,4,0,26,0.3,101,4,18,509.0,548,918,9,1,12,0,0,0,0,22,9,1.075,74.79,229.5,5.95,26.09,0,7.71,0,0
1615,0,0.5,0,14,0,15,0.1,132,4,16,622.0,1256,3488,16,2,3,0,0,1,3,30,32,2.016,82.45,872.0,12.23,4.28,1,6.98,3,2
1589,1,2.2,1,2,0,58,0.1,128,4,4,957.0,1911,3961,16,14,14,1,0,1,3,6,224,1.995,125.72,990.25,12.41,14.62,4,34.86,3,2
1417,1,2.7,0,2,1,56,0.9,114,6,4,494.0,1649,590,11,3,6,1,0,1,0,6,33,3.331,143.45,98.33,12.43,82.82,4,9.56,0,1
1697,1,0.7,0,1,1,34,0.1,95,1,3,236.0,1264,3701,15,9,8,1,1,0,3,4,135,5.333,80.37,3701.0,17.86,9.15,4,2.59,3,2
1330,1,1.3,1,14,0,3,0.3,83,5,17,980.0,1262,463,14,6,11,0,0,1,0,31,84,1.286,106.52,92.6,16.02,5.43,3,3.01,0,1
1476,0,0.5,0,0,1,43,0.7,148,2,2,1789.0,1972,3644,15,10,6,1,0,1,3,2,150,1.102,166.41,1822.0,9.97,11.75,3,3.64,3,1
1579,1,1.5,0,0,0,27,0.2,142,6,18,831.0,1484,1713,16,4,10,1,1,1,1,18,64,1.784,100.05,285.5,11.12,15.23,4,15.42,1,2
1277,0,3.0,0,0,1,41,0.3,200,4,3,902.0,1090,429,9,4,14,1,1,1,0,3,36,1.207,141.48,107.25,6.38,79.01,4,5.15,0,1
1089,1,0.9,1,12,1,2,0.7,145,5,15,636.0,1259,2765,13,12,10,1,0,1,2,27,156,1.976,100.75,553.0,7.51,0.71,5,12.44,2,1
1663,1,2.5,1,13,1,27,0.3,169,4,14,831.0,1439,2084,7,1,18,1,0,0,2,27,7,1.73,207.71,521.0,9.84,12.65,4,20.84,2,2
1949,0,1.8,0,0,0,20,0.8,186,5,4,518.0,592,1125,17,10,9,0,0,0,1,4,170,1.141,43.7,225.0,10.48,16.69,0,10.12,1,2
1138,0,1.1,0,5,1,48,0.6,109,3,14,233.0,1777,2048,6,6,18,1,1,1,2,19,36,7.594,256.03,682.67,10.44,22.86,4,6.76,2,1
685,0,2.7,0,7,0,17,0.3,174,6,20,725.0,870,1223,8,6,18,1,0,1,0,27,48,1.198,125.83,203.83,3.94,13.13,2,19.81,1,0
1889,0,2.8,0,5,1,31,1.0,132,1,10,170.0,1106,3672,5,1,3,1,1,1,3,15,5,6.468,186.5,3672.0,14.31,8.41,4,10.28,3,2
857,1,2.0,1,3,0,17,0.2,195,7,9,157.0,948,3100,17,5,13,1,1,0,2,12,85,6.0,53.38,442.86,4.39,5.44,4,43.4,3,0
1902,0,2.8,1,6,0,50,0.8,124,8,9,1142.0,1393,343,11,8,18,0,1,0,0,15,88,1.219,150.11,42.88,15.34,114.95,2,7.68,0,2
1225,1,2.4,0,0,0,15,0.1,155,5,0,840.0,982,1970,16,8,15,1,1,0,1,0,128,1.168,76.02,394.0,7.9,7.41,3,23.64,1,1
1066,0,1.6,0,5,0,39,0.6,131,5,17,401.0,1586,2728,6,6,17,1,1,1,2,22,36,3.945,233.7,545.6,8.14,14.11,3,21.82,2,1
1554,1,0.5,1,11,0,5,1.0,124,3,12,395.0,1579,3635,7,4,18,0,0,0,3,23,28,3.987,203.46,1211.67,12.53,1.37,2,5.45,3,2
1337,0,0.5,0,13,0,31,0.8,186,2,20,48.0,644,2180,7,4,16,1,0,1,1,33,28,13.143,80.72,1090.0,7.19,13.91,2,2.18,2,1
1926,1,1.7,1,1,1,33,0.4,172,3,2,982.0,1157,2488,6,1,14,1,0,0,2,3,6,1.177,216.79,829.33,11.2,13.05,4,12.69,2,2
869,0,1.3,1,3,0,34,0.1,104,2,4,478.0,539,3864,13,3,11,1,0,0,3,7,39,1.125,51.46,1932.0,8.36,8.78,2,10.05,3,0
1278,1,0.5,1,1,0,54,0.1,104,8,16,581.0,750,1155,7,1,20,0,0,1,0,17,7,1.289,118.59,144.38,12.29,43.98,3,4.62,1,1
1773,1,2.5,0,16,1,32,0.6,170,6,18,1215.0,1472,3566,17,6,13,1,0,1,3,34,102,1.211,106.04,594.33,10.43,8.93,4,53.49,3,2
1661,1,0.8,1,1,1,6,1.0,109,7,2,594.0,1337,864,9,8,2,1,0,1,1,3,72,2.247,146.3,123.43,15.24,6.36,5,4.84,0,2
1438,0,2.2,0,0,1,32,0.6,176,7,6,683.0,1663,869,19,13,9,1,1,1,0,6,247,2.431,89.89,124.14,8.17,33.73,4,13.38,0,1
1661,1,1.4,0,0,0,29,0.3,119,2,0,536.0,861,591,9,2,9,1,1,1,0,0,18,1.603,101.42,295.5,13.96,42.83,4,1.65,0,2
1846,1,0.6,0,1,0,19,0.7,159,1,2,83.0,773,1333,15,6,11,0,1,1,1,3,90,9.202,48.59,1333.0,11.61,13.55,3,0.8,1,2
1260,1,2.0,1,2,1,23,0.2,123,7,10,905.0,1313,2208,12,11,10,1,0,1,2,12,132,1.449,122.67,315.43,10.24,10.19,5,30.91,2,1
512,1,0.5,1,7,0,15,0.9,83,3,15,249.0,1849,2610,18,14,15,0,1,1,2,22,252,7.396,98.19,870.0,6.17,5.66,4,3.92,2,0
581,0,2.2,0,0,0,59,0.7,185,5,6,803.0,1613,2819,19,17,9,0,0,1,2,6,323,2.006,90.09,563.8,3.14,20.68,1,31.01,2,0
1872,1,2.3,0,6,0,44,0.7,134,3,15,459.0,1259,1955,9,4,15,1,0,1,2,21,36,2.737,134.01,651.67,13.97,21.9,3,13.49,1,2
687,1,1.3,0,9,1,50,0.6,151,4,20,584.0,1151,3416,14,6,8,1,1,0,3,29,84,1.968,86.05,854.0,4.55,14.55,4,17.76,3,0
1062,1,2.5,1,6,0,10,0.9,160,1,13,1596.0,1807,3803,7,3,16,0,0,1,3,19,21,1.131,301.36,3803.0,6.64,2.62,3,9.51,3,1
1678,1,2.3,1,11,0,7,0.5,192,1,14,418.0,1763,574,5,3,19,1,0,0,0,25,15,4.208,301.98,574.0,8.74,10.6,3,1.32,0,2
1417,1,0.5,0,10,1,45,0.9,166,4,19,364.0,1029,2129,13,9,12,1,0,1,1,29,117,2.819,77.96,532.25,8.54,20.65,4,4.26,2,1
1074,0,2.4,1,2,1,9,0.9,103,6,14,946.0,952,1948,13,1,18,1,1,1,1,16,13,1.005,95.86,324.67,10.43,4.49,5,28.05,1,1
1832,0,0.7,0,2,0,2,0.6,90,7,6,186.0,654,2978,18,7,18,0,0,0,2,8,126,3.497,35.79,425.43,20.36,0.66,0,14.59,2,2
1039,0,1.3,0,0,1,12,0.8,200,8,0,1428.0,1827,1619,7,1,10,1,1,1,1,0,7,1.279,289.86,202.38,5.2,7.14,4,16.84,1,1
1059,0,2.4,0,8,0,61,0.1,134,3,18,1613.0,1916,3716,15,13,11,1,1,0,3,26,195,1.187,156.54,1238.67,7.9,16.36,2,26.76,3,1
1606,0,1.4,0,3,0,57,0.1,154,4,4,1127.0,1924,3454,13,8,20,0,0,1,3,7,104,1.706,159.27,863.5,10.43,16.41,1,19.34,3,2
1928,1,1.8,0,9,1,19,1.0,187,3,20,691.0,1580,3777,7,2,13,1,1,1,3,29,14,2.283,215.56,1259.0,10.31,5.02,5,20.4,3,2
1875,1,0.5,1,11,1,55,0.7,91,1,17,1802.0,1942,2712,7,2,6,1,0,1,3,28,14,1.077,331.16,2712.0,20.6,20.01,5,1.36,2,2
1128,1,1.1,0,9,1,46,0.9,135,8,10,751.0,1582,1434,5,6,11,1,0,0,1,19,30,2.104,291.87,179.25,8.36,30.66,3,12.62,1,1
1748,0,1.7,1,6,1,14,0.5,146,3,7,859.0,1234,3968,16,12,3,1,0,1,3,13,192,1.435,88.44,1322.67,11.97,3.52,4,20.24,3,2
1413,0,0.5,1,5,0,51,0.3,117,5,11,187.0,517,3383,16,5,2,0,0,0,3,16,80,2.75,32.34,676.6,12.08,14.98,1,8.46,3,1
825,0,0.5,1,0,1,23,0.1,86,2,0,206.0,1917,3278,8,6,2,1,0,1,3,0,48,9.261,214.23,1639.0,9.59,6.97,4,3.28,3,0
1589,1,1.4,0,3,1,26,0.1,100,8,16,1673.0,1759,3970,16,8,18,1,0,1,3,19,128,1.051,142.8,496.25,15.89,6.54,4,44.46,3,2
535,1,0.5,1,8,1,54,0.5,145,8,15,710.0,939,2674,14,8,10,1,0,0,2,23,112,1.321,78.48,334.25,3.69,19.92,4,10.7,2,0
1780,1,0.5,0,6,0,27,0.1,190,4,11,1331.0,1463,2776,19,17,14,1,1,1,3,17,323,1.098,98.89,694.0,9.37,9.61,4,5.55,2,2
1671,0,0.6,1,7,1,61,0.1,129,2,11,263.0,848,2336,10,4,7,1,0,0,2,18,40,3.212,80.71,1168.0,12.95,25.62,3,2.8,2,2
1821,0,0.9,0,9,1,12,0.3,114,1,18,97.0,1803,2430,7,4,6,1,1,1,2,27,28,18.398,225.7,2430.0,15.97,4.85,4,2.19,2,2
1076,1,2.6,0,3,1,38,0.7,119,6,8,129.0,915,891,18,3,9,1,1,0,0,11,54,7.038,48.63,148.5,9.04,39.17,4,13.9,0,1
532,1,0.8,1,3,0,8,0.1,193,5,10,1213.0,1354,728,13,5,8,1,1,0,0,13,65,1.115,129.85,145.6,2.76,9.87,4,2.91,0,0
777,1,2.6,0,3,0,30,0.9,148,5,17,189.0,1143,3886,14,10,7,1,0,0,3,20,140,6.016,77.23,777.2,5.25,7.7,2,50.52,3,0
1217,1,0.5,0,3,0,17,0.5,182,4,13,628.0,632,1711,7,3,9,1,0,1,1,16,21,1.005,111.37,427.75,6.69,9.6,3,3.42,1,1
1656,1,1.6,1,0,0,16,1.0,117,7,2,320.0,899,2856,14,3,20,1,1,1,2,2,42,2.801,63.62,408.0,14.15,5.54,5,31.99,2,2
1185,0,1.9,0,0,0,31,0.4,152,8,7,837.0,1642,2447,16,2,3,1,1,1,2,7,32,1.959,108.41,305.88,7.8,12.45,3,37.19,2,1
577,0,2.4,0,8,1,37,0.9,161,6,20,1087.0,1450,814,11,7,19,1,1,1,0,28,77,1.333,151.02,135.67,3.58,41.34,4,11.72,0,0
737,1,2.4,1,7,0,49,0.6,193,4,16,781.0,1463,2951,7,6,10,0,1,0,2,23,42,1.871,207.3,737.75,3.82,16.43,3,28.33,2,0
704,0,2.2,1,4,0,53,0.2,186,6,6,251.0,1013,3653,7,1,15,1,1,1,2,10,7,4.02,130.45,608.83,3.78,14.45,4,48.22,3,0
525,1,0.5,1,5,0,51,0.5,137,8,11,262.0,1587,1891,18,3,12,0,1,0,1,16,54,6.034,84.66,236.38,3.83,26.2,3,7.56,1,0
504,1,0.5,1,5,0,16,0.1,166,1,9,767.0,1665,701,17,15,15,1,0,1,0,14,255,2.168,101.84,701.0,3.04,20.39,4,0.35,0,0
793,0,1.2,1,1,1,38,0.6,176,4,7,1226.0,1815,3139,6,1,12,1,1,1,3,8,6,1.479,312.9,784.75,4.51,12.0,5,15.07,3,0
569,0,0.6,1,2,0,39,0.1,184,8,9,389.0,739,2811,7,6,7,1,0,1,1,11,42,1.895,104.39,351.38,3.09,13.71,3,13.49,2,0
1590,0,1.9,1,3,1,21,1.0,160,5,18,920.0,963,1701,11,4,4,1,0,1,1,21,44,1.046,110.99,340.2,9.94,11.92,4,16.16,1,2
707,0,0.5,0,0,1,16,0.1,194,2,0,1027.0,1508,1853,17,14,12,1,1,1,1,0,238,1.467,101.36,926.5,3.64,8.38,4,1.85,1,0
767,0,1.9,0,16,1,19,0.2,185,6,17,271.0,1000,2445,6,1,6,1,1,1,1,33,6,3.676,148.01,407.5,4.15,7.64,4,27.87,2,0
1350,1,0.5,1,0,1,50,0.8,181,8,4,369.0,544,2287,15,1,8,1,1,0,1,4,15,1.47,41.08,285.88,7.46,21.43,5,9.15,2,1
1117,1,0.6,1,0,0,31,0.2,146,2,7,1258.0,1627,2003,8,7,14,0,1,1,2,7,56,1.292,228.51,1001.5,7.65,15.08,4,2.4,2,1
641,1,1.1,0,0,1,7,0.9,192,1,3,417.0,759,3595,7,5,19,1,1,1,2,3,35,1.816,108.25,3595.0,3.34,1.94,5,3.95,3,0
1002,0,0.8,1,0,1,35,0.5,83,2,4,1345.0,1416,1726,16,5,19,1,0,1,1,4,80,1.052,114.88,863.0,12.07,19.6,4,2.76,1,1
1408,1,2.1,1,10,0,45,0.9,89,5,14,613.0,1088,3952,8,6,3,0,0,1,3,24,48,1.772,138.76,790.4,15.82,11.37,3,41.5,3,1
1900,1,2.0,1,1,0,41,0.5,190,8,6,912.0,1596,850,5,1,4,1,1,1,1,7,5,1.748,306.37,106.25,10.0,44.08,5,13.6,0,2
726,0,2.9,0,0,0,43,0.1,101,8,0,666.0,760,1446,17,2,8,1,1,0,0,0,34,1.139,56.14,180.75,7.19,28.44,2,33.55,1,0
1544,0,2.3,0,12,1,45,0.1,113,8,20,236.0,857,1300,8,7,18,1,1,0,1,32,56,3.616,98.77,162.5,13.66,32.86,3,23.92,1,2
1454,1,1.6,0,6,1,21,0.2,160,4,10,186.0,1100,719,14,10,10,1,1,1,0,16,140,5.882,74.37,179.75,9.09,26.18,5,4.6,0,1
1230,1,2.2,1,6,0,26,0.8,123,5,7,416.0,676,988,11,5,9,0,1,1,0,13,55,1.621,66.15,197.6,10.0,24.42,4,10.87,0,1
1552,0,1.2,0,10,1,53,0.3,180,8,18,430.0,658,2606,13,6,12,1,0,0,2,28,78,1.527,56.15,325.75,8.62,20.04,2,25.02,2,2
1519,0,2.1,0,0,0,32,0.7,200,1,10,168.0,1239,2912,11,10,15,1,1,0,2,10,110,7.331,104.19,2912.0,7.6,10.87,2,6.12,2,2
723,1,1.9,0,4,0,30,0.3,102,1,7,1467.0,1901,2339,19,9,17,0,1,1,2,11,171,1.295,120.06,2339.0,7.09,12.58,3,4.44,2,0
1191,0,2.4,1,2,0,13,0.9,169,1,7,179.0,1813,1028,14,6,8,1,1,1,0,9,84,10.072,121.45,1028.0,7.05,11.78,4,2.47,1,1
1168,0,1.3,0,9,0,61,0.1,90,8,10,159.0,1578,3173,9,4,17,0,0,1,3,19,36,9.862,158.6,396.62,12.98,19.07,1,33.0,3,1
1229,0,0.5,1,15,0,14,0.8,191,2,16,120.0,1878,1667,17,6,17,0,0,1,1,31,102,15.521,104.55,833.5,6.43,8.1,2,1.67,1,1
1758,1,0.5,0,11,1,13,0.6,190,8,14,762.0,1864,1897,6,2,15,1,0,0,2,25,12,2.443,287.68,237.12,9.25,6.66,3,7.59,1,2
1290,0,0.5,0,0,0,3,0.1,143,6,4,600.0,1109,1214,9,8,15,0,1,1,1,4,72,1.845,126.09,202.33,9.02,2.33,2,3.64,1,1
574,0,2.8,1,16,0,38,0.1,90,6,17,286.0,1171,3269,8,7,10,0,1,0,2,33,56,4.08,133.94,544.83,6.38,11.54,2,54.92,3,0
1271,1,0.5,0,12,0,32,0.1,113,7,15,1350.0,1949,445,15,14,14,0,0,1,0,27,210,1.443,148.18,63.57,11.25,59.86,2,1.56,0,1
1170,1,1.2,0,4,0,30,0.4,83,8,15,27.0,1722,1073,6,4,8,1,1,0,0,19,24,61.5,246.03,134.12,14.1,26.14,3,10.3,1,1
1269,1,1.3,0,14,0,52,0.8,118,2,15,1597.0,1920,665,18,5,5,0,0,0,1,29,90,1.202,131.44,332.5,10.75,69.39,1,1.73,0,1
1288,0,2.8,1,15,0,50,0.1,121,2,20,1177.0,1809,3129,17,6,2,0,0,0,3,35,102,1.536,119.9,1564.5,10.64,15.84,1,17.52,3,1
1366,1,0.7,1,0,1,34,0.1,150,2,9,402.0,964,3501,13,11,3,1,0,0,3,9,143,2.392,74.6,1750.5,9.11,9.66,4,4.9,3,1
1572,1,0.8,1,7,1,8,0.8,169,5,8,577.0,1237,3461,6,3,10,1,1,1,3,15,18,2.14,194.99,692.2,9.3,2.3,6,13.84,3,2
1627,0,0.9,1,9,1,32,0.1,180,6,16,52.0,1082,3206,12,6,16,1,1,0,3,25,72,20.415,83.33,534.33,9.04,9.9,4,17.31,3,2
1701,1,0.5,0,13,1,46,0.9,115,2,15,364.0,828,3717,11,6,10,1,1,0,3,28,66,2.268,75.37,1858.5,14.79,12.33,4,3.72,3,2
1900,1,0.5,1,0,1,55,0.9,171,1,1,934.0,1241,3917,15,5,18,1,0,1,3,1,75,1.327,97.08,3917.0,11.11,14.01,5,1.96,3,2
1974,0,1.0,0,4,0,24,0.3,80,7,13,250.0,545,861,7,4,6,1,0,1,0,17,28,2.171,74.95,123.0,24.68,25.51,2,6.03,0,2
1197,1,0.5,1,9,0,20,0.1,129,5,10,214.0,1710,2885,19,7,14,1,1,1,2,19,133,7.953,86.17,577.0,9.28,6.86,5,7.21,2,1
587,1,2.3,1,4,0,6,0.7,170,1,16,612.0,1793,2777,9,2,14,1,1,0,2,20,18,2.925,189.46,2777.0,3.45,2.13,4,6.39,2,0
934,0,1.1,0,7,0,24,0.8,112,5,12,1111.0,1463,1017,12,7,9,0,0,1,0,19,84,1.316,141.31,203.4,8.34,21.95,1,5.59,1,0
1195,0,2.0,1,1,1,23,0.1,82,4,9,163.0,1100,980,13,9,17,1,0,0,0,10,117,6.707,79.43,245.0,14.57,21.76,3,7.84,0,1
1853,1,1.0,0,2,0,23,0.4,92,1,15,202.0,1951,2775,14,4,17,1,0,0,3,17,56,9.611,130.76,2775.0,20.14,8.19,2,2.78,2,2
1164,0,1.0,0,4,1,19,0.9,95,8,18,729.0,1704,3309,15,3,3,1,0,1,3,22,45,2.334,115.84,413.62,12.25,5.7,3,26.47,3,1
1512,1,0.5,0,8,1,18,0.1,88,3,17,1079.0,1897,3607,12,10,6,1,1,1,3,25,120,1.756,167.88,1202.33,17.18,4.97,5,5.41,3,2
1232,0,2.9,1,1,1,24,0.3,169,5,17,361.0,809,1257,16,10,16,1,0,0,0,18,160,2.235,52.11,251.4,7.29,18.08,3,18.23,1,1
1813,1,0.6,1,0,1,5,0.2,198,3,8,338.0,1306,759,9,3,14,1,1,0,0,8,27,3.853,134.9,253.0,9.16,5.94,5,1.37,0,2
946,1,2.6,1,16,0,5,0.1,166,3,20,1698.0,1771,3720,15,7,4,0,1,0,3,36,105,1.042,153.34,1240.0,5.7,1.34,3,29.02,3,0
739,1,2.3,1,2,1,58,0.1,88,3,4,1052.0,1536,475,7,6,6,1,0,1,0,6,42,1.459,232.71,158.33,8.4,102.86,5,3.28,0,0
704,1,2.7,0,8,1,29,0.2,80,1,10,1108.0,1509,1122,9,3,10,1,1,1,0,18,27,1.361,187.21,1122.0,8.8,24.25,5,3.03,1,0
1663,1,0.5,0,0,0,40,0.6,147,4,15,951.0,1545,1336,8,5,15,1,0,0,1,15,40,1.623,201.58,334.0,11.31,28.48,2,2.67,1,2
1966,1,1.4,1,2,0,40,0.9,185,8,18,1197.0,1987,1185,11,2,20,0,1,0,2,20,22,1.659,193.31,148.12,10.63,31.82,3,13.27,1,2
1219,0,1.0,1,0,0,17,0.7,196,5,4,473.0,1022,705,11,3,6,0,1,1,0,4,33,2.156,93.85,141.0,6.22,21.56,3,3.52,0,1
612,1,0.7,0,6,0,35,0.6,181,5,12,1294.0,1337,3169,14,9,6,0,0,0,2,18,126,1.032,124.04,633.8,3.38,10.96,1,11.09,3,0
1658,1,1.4,0,0,1,39,0.7,182,1,5,410.0,522,3483,10,1,15,1,0,1,3,5,10,1.27,60.34,3483.0,9.11,11.14,4,4.88,3,2
1263,0,0.5,0,12,0,64,0.3,175,5,18,178.0,1883,1183,14,3,17,0,0,1,1,30,42,10.52,126.09,236.6,7.22,50.98,1,2.96,1,1
1395,1,2.8,0,0,1,55,0.6,118,3,1,782.0,1787,3373,11,2,16,1,1,0,3,1,22,2.282,162.55,1124.33,11.82,16.21,4,28.33,3,1
621,1,2.7,1,0,0,54,0.1,151,4,20,434.0,910,2801,6,1,5,1,1,1,2,20,6,2.092,144.03,700.25,4.11,19.05,5,30.25,2,0
652,0,0.5,1,1,0,58,0.6,142,3,2,464.0,781,565,18,12,9,0,0,1,0,3,216,1.68,47.81,188.33,4.59,88.99,2,0.85,0,0
1175,0,0.6,0,10,0,25,0.1,145,2,12,137.0,1501,3153,9,4,12,1,0,0,2,22,36,10.877,150.72,1576.5,8.1,7.86,1,3.78,3,1
561,1,1.0,0,0,0,11,0.1,163,8,10,492.0,1176,3421,16,2,5,1,1,1,2,10,32,2.385,74.99,427.62,3.44,3.2,4,27.37,3,0
1137,0,2.2,0,6,1,3,0.9,173,5,7,1250.0,1285,316,15,14,17,1,0,0,0,13,210,1.027,112.04,63.2,6.57,7.34,2,3.48,0,1
1835,1,2.3,0,4,1,11,0.1,193,7,13,385.0,583,448,18,17,14,1,0,0,0,17,306,1.51,36.77,64.0,9.51,20.47,3,7.21,0,2
1170,0,2.9,1,2,0,40,0.4,169,6,5,427.0,684,2366,16,8,2,1,1,1,1,7,128,1.598,47.43,394.33,6.92,16.59,4,41.17,2,1
1595,1,0.8,1,0,1,44,0.7,85,4,20,1024.0,1838,3881,14,10,9,1,0,1,3,20,140,1.793,140.27,970.25,18.76,11.31,5,12.42,3,2
1719,1,2.0,0,0,0,12,0.3,122,8,7,240.0,904,462,6,3,5,0,0,0,0,7,18,3.751,133.62,57.75,14.09,21.77,1,7.39,0,2
1770,0,2.3,1,0,0,7,0.8,128,7,6,886.0,1552,1480,6,1,17,1,0,0,1,6,6,1.75,255.3,211.43,13.83,4.53,2,23.83,1,2
1312,0,0.5,1,0,1,28,0.8,163,2,0,1233.0,1854,1087,17,16,14,1,0,0,1,0,272,1.502,123.7,543.5,8.05,24.11,3,1.09,1,1
1878,0,1.5,1,5,1,56,0.3,139,5,13,183.0,559,2711,8,2,3,1,1,1,2,18,16,3.038,65.35,542.2,13.51,20.38,5,20.33,2,2
1871,1,2.0,0,7,1,20,0.1,81,7,14,88.0,1682,2144,13,12,12,1,1,1,2,21,156,18.899,120.31,306.29,23.1,9.12,5,30.02,2,2
922,0,1.5,1,1,1,35,0.9,188,7,15,1016.0,1383,1165,19,6,4,1,1,1,0,16,114,1.36,85.8,166.43,4.9,28.28,5,12.23,1,0
1975,1,1.5,0,6,1,16,0.9,128,8,11,80.0,655,2998,5,4,13,1,1,0,2,17,20,8.086,109.98,374.75,15.43,5.28,4,35.98,2,2
1212,0,2.6,0,1,1,46,0.3,102,4,8,611.0,1715,2249,14,3,4,1,1,1,2,9,42,2.802,121.37,562.25,11.88,20.03,4,23.39,2,1
1430,1,0.9,0,3,0,56,0.1,179,3,5,569.0,906,752,17,8,17,0,0,1,0,8,136,1.589,59.44,250.67,7.99,67.12,2,2.03,0,1
1958,1,1.9,1,0,0,4,0.2,190,2,3,304.0,637,1409,16,5,3,0,0,0,1,3,80,2.089,41.52,704.5,10.31,2.71,2,5.35,1,2
1836,1,2.1,1,0,1,30,0.2,184,7,15,276.0,1230,3072,7,3,5,1,1,0,3,15,21,4.44,157.57,438.86,9.98,9.68,5,45.16,3,2
557,1,1.6,0,0,0,24,0.5,125,3,0,1131.0,1315,1305,12,8,3,1,0,1,0,0,96,1.162,133.42,435.0,4.46,17.46,3,6.26,1,0
539,1,0.6,1,9,0,21,0.1,145,7,14,551.0,599,3597,14,5,9,0,0,0,2,23,70,1.085,54.26,513.86,3.72,5.81,2,15.11,3,0
880,0,0.5,1,1,0,44,0.5,172,8,15,436.0,1302,3132,8,7,6,0,1,1,2,16,56,2.979,152.56,391.5,5.12,13.93,3,12.53,3,0
1369,1,1.8,1,6,0,34,0.5,162,1,7,553.0,727,3856,18,4,18,0,1,1,3,13,72,1.312,48.07,3856.0,8.45,8.8,4,6.94,3,1
1109,1,2.7,1,1,0,39,0.4,98,1,9,1391.0,1787,1524,15,10,7,1,1,1,1,10,150,1.284,141.54,1524.0,11.32,24.55,5,4.11,1,1
843,0,1.8,1,0,0,16,0.1,166,5,6,981.0,1096,3673,12,1,20,1,0,1,3,6,12,1.116,113.15,734.6,5.08,4.34,3,33.06,3,0
598,0,2.3,1,7,0,21,0.7,196,2,10,680.0,1173,3293,8,4,7,1,0,1,2,17,32,1.722,150.65,1646.5,3.05,6.33,3,15.15,3,0
972,1,2.7,1,1,0,5,1.0,126,4,2,687.0,816,3035,12,7,19,1,0,1,2,3,84,1.186,82.05,758.75,7.71,1.63,4,32.78,3,0
1944,1,0.5,0,5,1,36,0.1,197,6,18,1060.0,1970,584,17,14,13,1,1,0,1,23,238,1.857,124.28,97.33,9.87,53.71,4,1.75,0,2
1225,0,0.7,1,0,1,2,0.6,138,7,1,217.0,1101,2675,12,11,15,1,1,0,2,1,132,5.05,86.32,382.14,8.88,0.74,4,13.11,2,1
644,1,1.3,1,7,1,30,0.5,114,1,16,1140.0,1654,2382,9,6,19,1,0,1,2,23,54,1.45,200.88,2382.0,5.65,12.37,5,3.1,2,0
1919,0,1.5,0,5,1,48,0.8,150,4,6,304.0,1191,1391,19,13,12,1,0,1,1,11,247,3.905,61.46,347.75,12.79,32.91,3,8.35,1,2
501,0,2.3,0,12,1,54,0.3,131,4,19,504.0,1089,2346,13,12,2,1,0,1,1,31,156,2.156,85.71,586.5,3.82,22.58,3,21.58,2,0
1620,1,2.2,1,0,1,30,0.2,185,3,3,832.0,1033,606,6,6,18,1,0,0,0,3,36,1.24,189.48,202.0,8.76,43.37,4,4.0,0,2
1227,1,1.1,1,0,0,34,0.2,130,3,3,935.0,1781,1324,7,3,12,0,1,1,1,3,21,1.903,251.44,441.33,9.44,24.41,4,4.37,1,1
1359,1,0.5,1,1,1,58,0.5,107,6,3,446.0,901,1076,16,8,4,1,1,1,0,4,128,2.016,59.14,179.33,12.7,50.4,6,3.23,1,1
1914,0,0.7,0,1,0,35,0.6,118,8,2,942.0,1701,643,17,1,8,1,0,1,1,3,17,1.804,108.02,80.38,16.22,48.08,2,3.6,0,2
1645,1,1.8,0,1,0,21,0.7,123,7,2,897.0,1308,783,10,8,20,1,0,0,0,3,80,1.457,144.18,111.86,13.37,24.29,2,9.87,0,2
1063,1,1.1,0,0,1,26,0.8,101,5,2,1208.0,1232,3809,17,16,5,1,0,1,3,2,272,1.019,95.86,761.8,10.52,6.81,4,20.95,3,1
946,0,2.1,0,0,1,19,0.2,154,8,0,159.0,630,2104,7,4,16,1,1,0,1,0,28,3.938,81.22,263.0,6.14,8.82,3,35.35,2,0
1231,0,1.2,1,5,0,54,0.8,185,3,10,632.0,1184,1762,5,3,6,1,1,0,1,15,15,1.87,223.69,587.33,6.65,29.66,3,6.34,1,1
1397,0,2.9,1,13,0,9,0.5,87,6,18,1308.0,1991,3137,12,1,11,1,1,1,3,31,12,1.521,183.25,522.83,16.06,2.84,4,54.58,3,1
701,1,0.7,0,7,0,15,0.5,160,3,11,1002.0,1256,1756,6,3,17,1,1,1,1,18,18,1.252,229.53,585.33,4.38,8.27,4,3.69,1,0
570,1,0.5,1,2,0,9,0.3,111,7,5,1331.0,1917,3663,14,10,14,0,0,0,3,7,140,1.439,155.58,523.29,5.14,2.45,2,12.82,3,0
1993,1,0.5,0,10,1,27,0.3,147,8,11,150.0,510,2437,14,6,9,1,0,0,2,21,84,3.377,35.44,304.62,13.56,10.89,3,9.75,2,2
955,0,0.5,1,4,0,43,0.9,143,5,8,1248.0,1511,1432,12,9,9,1,1,1,1,12,108,1.21,150.75,286.4,6.68,28.7,4,3.58,1,0
924,0,0.5,1,0,1,47,0.3,167,8,6,108.0,1813,1620,17,15,12,1,0,0,1,6,255,16.633,100.9,202.5,5.53,27.94,3,6.48,1,0
600,0,0.5,0,0,0,14,0.8,112,5,2,320.0,747,1655,18,6,9,0,0,0,0,2,108,2.327,42.77,331.0,5.36,8.16,0,4.14,1,0
518,0,0.8,1,0,0,3,0.1,178,7,1,437.0,1947,2832,5,6,8,1,0,1,2,1,30,4.445,332.57,404.57,2.91,1.05,3,15.86,2,0
1063,1,2.5,0,0,1,31,0.9,95,6,10,295.0,935,961,16,6,5,1,1,0,0,10,96,3.159,57.67,160.17,11.19,29.85,4,14.42,0,1
920,1,0.5,0,2,0,46,0.8,149,3,3,1058.0,1421,2608,6,6,2,0,0,1,2,5,36,1.342,253.09,869.33,6.17,17.38,2,3.91,2,0
1715,0,1.9,0,4,1,3,0.1,171,5,6,79.0,1652,514,7,4,13,1,0,0,0,10,28,20.65,206.74,102.8,10.03,4.98,2,4.88,0,2
1841,1,1.3,1,6,0,14,0.6,167,8,8,593.0,672,2304,7,1,18,0,0,1,2,14,7,1.131,112.03,288.0,11.02,5.96,3,23.96,2,2
543,1,0.5,1,4,1,60,0.7,132,5,7,693.0,1031,933,14,6,5,1,1,0,0,11,84,1.486,82.82,186.6,4.11,59.34,5,2.33,0,0
1762,1,2.7,1,13,1,25,0.9,189,1,14,300.0,527,1896,14,10,20,1,1,1,1,27,140,1.751,40.43,1896.0,9.32,12.81,6,5.12,1,2
1112,1,0.5,1,1,0,53,0.6,121,4,16,234.0,739,3655,7,3,20,1,1,0,3,17,21,3.145,96.9,913.75,9.19,14.44,4,7.31,3,1
709,1,2.0,1,0,0,35,0.1,136,1,0,1545.0,1596,1973,12,9,16,0,1,1,1,0,108,1.032,170.87,1973.0,5.21,17.27,4,3.95,1,0
1315,1,2.6,0,7,0,64,0.8,128,7,16,59.0,575,3278,6,3,13,0,0,0,2,23,18,9.583,82.57,468.29,10.27,19.39,1,59.66,3,1
1762,1,2.5,0,10,1,15,0.3,107,8,11,1103.0,1364,2183,8,3,11,1,1,0,2,21,24,1.236,194.91,272.88,16.47,6.72,4,43.66,2,2
1462,1,1.7,1,1,0,25,0.2,182,7,18,91.0,1478,824,15,5,13,1,0,1,0,19,75,16.065,92.55,117.71,8.03,27.63,4,9.81,0,1
571,0,1.6,1,8,0,35,0.2,186,7,20,177.0,1282,2598,13,5,8,1,1,0,1,28,65,7.202,92.44,371.14,3.07,13.27,3,29.1,2,0
666,1,0.5,1,7,1,54,0.4,81,3,13,58.0,1353,1254,15,9,9,1,1,1,0,20,135,22.932,84.64,418.0,8.22,40.77,6,1.88,1,0
1994,0,1.5,1,2,1,7,0.5,146,8,7,447.0,1435,3622,7,6,20,1,0,1,3,9,42,3.203,187.88,452.75,13.66,1.92,4,43.46,3,2
1583,1,2.1,1,11,0,14,0.7,148,7,16,942.0,1651,1704,17,13,2,1,0,1,2,27,221,1.751,105.6,243.43,10.7,7.94,4,25.05,1,2
1778,0,1.4,1,3,1,45,1.0,132,4,17,88.0,516,1624,15,13,9,1,1,0,1,20,195,5.798,32.72,406.0,13.47,26.69,4,9.09,1,2
1926,1,1.1,0,13,1,50,0.2,179,6,17,371.0,1000,3809,17,12,17,1,1,0,3,30,204,2.688,59.26,634.83,10.76,13.09,4,25.14,3,2
966,1,0.6,0,9,1,50,0.2,117,4,10,1446.0,1754,2574,10,1,5,1,0,1,2,19,10,1.212,206.65,643.5,8.26,19.13,4,6.18,2,0
568,0,2.0,0,1,0,36,0.3,179,3,4,181.0,1703,950,17,9,9,1,0,0,0,5,153,9.357,95.14,316.67,3.17,35.03,1,5.7,0,0
1897,0,3.0,0,1,1,21,0.5,192,8,2,1311.0,1935,273,17,6,3,1,1,1,0,3,102,1.475,129.85,34.12,9.88,57.28,4,6.55,0,2
1695,0,0.5,1,6,1,46,0.7,200,3,9,1791.0,1898,446,16,13,15,1,1,1,1,15,208,1.059,153.51,148.67,8.48,85.89,5,0.67,0,2
1623,1,1.2,0,6,1,61,0.9,120,7,12,1568.0,1832,1510,12,10,17,1,1,0,2,18,120,1.168,185.49,215.71,13.52,38.74,4,12.68,1,2
914,1,0.5,0,0,1,26,0.7,147,4,0,706.0,721,1122,12,9,2,1,1,1,0,0,108,1.02,77.62,280.5,6.22,21.74,5,2.24,1,0
1721,1,0.5,1,4,1,33,0.5,128,4,5,871.0,1048,707,19,2,5,1,1,1,0,9,38,1.202,68.13,176.75,13.45,41.75,6,1.41,0,2
890,1,2.2,1,4,0,44,0.5,198,8,13,1074.0,1873,751,7,3,3,0,0,0,0,17,21,1.742,269.88,93.88,4.49,52.8,2,13.22,0,0
600,0,0.5,0,1,0,48,0.8,191,3,7,501.0,1465,3393,12,7,8,1,0,0,2,8,84,2.918,119.1,1131.0,3.14,14.06,1,5.09,3,0
1677,0,1.8,1,4,0,11,0.7,124,6,8,271.0,1477,3771,15,6,12,1,0,0,3,12,90,5.43,93.85,628.5,13.52,2.91,2,40.73,3,2
723,0,0.5,0,0,1,3,0.2,168,4,3,920.0,1748,1851,15,3,16,1,0,0,1,3,45,1.898,123.46,462.75,4.3,1.57,2,3.7,1,0
638,0,1.7,1,11,0,27,0.5,102,4,17,1171.0,1383,2735,7,2,9,1,1,0,2,28,14,1.18,226.52,683.75,6.25,9.74,3,18.6,2,0
852,0,1.0,1,4,1,62,0.7,104,7,13,293.0,1159,2253,17,4,7,1,1,0,1,17,68,3.942,66.41,321.86,8.19,26.95,4,15.77,2,0
1979,1,1.6,1,0,0,32,0.2,165,7,1,833.0,1630,452,13,6,14,0,1,0,0,1,78,1.954,130.75,64.57,11.99,59.11,3,5.06,0,2
710,1,0.5,0,6,0,32,0.8,151,5,9,485.0,857,1419,12,11,18,0,1,0,0,15,132,1.763,75.75,283.8,4.7,21.54,2,3.55,1,0
1034,0,2.6,1,2,1,45,0.3,190,3,4,182.0,1293,969,15,1,7,1,0,0,0,6,15,7.066,81.61,323.0,5.44,43.01,3,7.56,0,1
600,0,2.5,1,8,1,22,0.1,145,1,11,207.0,1162,3441,19,1,5,1,0,0,2,19,19,5.587,59.01,3441.0,4.14,6.36,3,8.6,3,0
1027,0,0.5,0,2,1,64,0.9,103,2,7,1698.0,1747,3786,17,12,12,1,0,0,3,9,204,1.028,135.35,1893.0,9.97,16.85,2,3.79,3,1
1260,0,0.6,0,5,1,13,1.0,106,6,6,165.0,736,2710,13,1,8,1,1,0,2,11,13,4.434,53.88,451.67,11.89,4.73,3,9.76,2,1
1793,0,1.8,1,10,0,12,0.5,169,6,17,1086.0,1418,3533,16,14,15,1,1,1,3,27,224,1.305,105.06,588.83,10.61,3.38,4,38.16,3,2
675,0,2.3,0,10,0,60,0.9,144,5,15,192.0,757,1735,7,6,13,1,0,1,0,25,42,3.922,97.62,347.0,4.69,33.44,2,19.95,1,0
658,1,2.7,0,0,1,12,0.9,103,7,3,1156.0,1750,3587,14,11,20,1,0,0,3,3,154,1.513,139.82,512.43,6.39,3.33,3,67.79,3,0
1694,1,0.6,0,0,1,34,0.3,102,7,7,377.0,549,2298,17,5,2,1,1,0,2,7,85,1.452,37.0,328.29,16.61,14.5,4,9.65,2,2
804,1,0.8,1,12,1,41,0.9,89,1,13,709.0,818,2027,11,5,11,1,0,0,1,25,55,1.152,90.21,2027.0,9.03,19.72,4,1.62,2,0
1713,0,2.5,1,1,0,27,0.9,127,7,3,729.0,974,2406,13,10,20,1,0,1,2,4,130,1.334,86.9,343.71,13.49,11.02,3,42.1,2,2
706,0,0.5,0,13,1,31,0.1,108,3,19,543.0,938,2419,8,7,4,1,0,1,1,32,56,1.724,120.43,806.33,6.54,12.59,3,3.63,2,0
1362,0,0.5,0,3,0,25,0.8,131,7,9,553.0,1505,995,7,6,18,0,1,1,0,12,42,2.717,200.42,142.14,10.4,23.33,2,3.48,0,1
1527,0,2.7,0,10,1,60,0.1,154,5,14,526.0,1116,2078,5,3,11,1,1,1,2,24,15,2.118,205.62,415.6,9.92,28.18,4,28.05,2,2
768,0,0.5,1,0,0,19,0.9,159,2,1,637.0,991,1145,19,1,7,0,0,1,0,1,19,1.553,58.9,572.5,4.83,15.6,2,1.14,1,0
1314,0,2.9,1,8,1,41,0.1,155,4,12,113.0,577,626,10,4,4,1,1,1,0,20,40,5.061,53.45,156.5,8.48,57.64,5,7.26,0,1
705,1,0.5,0,5,1,57,0.9,155,6,9,1114.0,1374,1509,15,11,18,1,1,1,1,14,165,1.232,110.55,251.5,4.55,36.22,5,4.53,1,0
1403,0,2.7,0,2,1,26,0.1,164,5,3,461.0,1251,3371,13,9,9,1,0,1,3,5,117,2.708,95.23,674.2,8.55,7.67,3,45.51,3,1
1486,0,2.6,0,7,0,52,0.1,85,4,15,1430.0,1747,297,13,1,15,0,1,0,0,22,13,1.221,161.26,74.25,17.48,133.32,1,3.09,0,1
781,0,1.1,0,2,0,38,0.4,198,5,7,304.0,1674,3508,13,8,5,0,0,1,3,9,104,5.489,121.53,701.6,3.94,10.78,1,19.29,3,0
986,1,1.5,0,1,1,23,0.8,183,8,3,471.0,800,2385,16,9,19,1,0,0,1,4,144,1.695,54.61,298.12,5.39,9.47,3,28.62,2,0
1310,0,1.4,0,0,0,33,0.4,105,1,14,806.0,1016,1301,13,12,19,0,0,1,1,14,156,1.259,92.63,1301.0,12.48,24.08,1,1.82,1,1
560,1,2.0,1,6,1,57,0.3,81,3,12,80.0,1327,2167,11,10,7,1,0,1,1,18,110,16.383,110.78,722.33,6.91,25.72,5,13.0,2,0
1348,0,1.3,0,0,0,43,0.4,116,5,6,204.0,501,3914,10,3,8,1,0,1,3,6,30,2.444,49.18,782.8,11.62,10.96,2,25.44,3,1
1567,0,0.5,1,3,0,22,0.5,119,6,6,545.0,1621,2312,9,1,18,1,0,0,2,9,9,2.969,171.02,385.33,13.17,9.33,2,6.94,2,2
1940,1,0.9,1,4,0,17,0.7,93,5,7,112.0,858,2297,14,6,8,0,1,0,2,11,84,7.593,57.69,459.4,20.86,7.26,3,10.34,2,2
1979,1,2.9,1,0,1,19,1.0,176,3,9,1331.0,1532,411,8,2,2,1,1,1,0,9,16,1.15,225.49,137.0,11.24,37.9,6,3.58,0,2
561,1,2.1,1,7,1,2,0.1,193,3,13,1055.0,1294,665,10,6,4,1,1,0,0,20,60,1.225,151.78,221.67,2.91,2.67,5,4.19,0,0
1717,1,1.3,0,1,0,62,0.7,130,1,3,609.0,810,3226,6,4,5,0,1,0,3,4,24,1.328,144.77,3226.0,13.21,19.07,2,4.19,3,2
535,0,1.5,0,1,1,48,0.7,113,1,4,290.0,811,740,11,10,18,1,1,0,0,5,110,2.787,71.77,740.0,4.73,58.35,3,1.11,0,0
1413,0,0.5,1,4,1,39,0.1,185,5,12,1039.0,1318,3878,19,16,4,1,0,0,3,16,304,1.267,83.91,775.6,7.64,10.03,3,9.7,3,1
1358,0,2.5,1,0,0,20,0.6,135,7,0,1485.0,1655,3406,5,1,11,0,0,1,3,0,5,1.114,370.59,486.57,10.06,5.84,2,59.6,3,1
1519,0,2.9,0,2,0,30,0.7,112,7,8,1122.0,1702,2440,9,5,10,1,1,1,2,10,45,1.516,203.86,348.57,13.56,12.08,3,49.53,2,2
1254,0,1.2,1,2,0,50,0.7,108,5,6,462.0,1013,3959,10,4,17,1,1,0,3,8,40,2.188,101.22,791.8,11.61,12.61,3,23.75,3,1
1591,1,2.2,0,3,1,49,0.4,154,6,7,1384.0,1883,3703,17,6,20,1,1,0,3,10,102,1.36,129.83,617.17,10.33,13.19,4,48.88,3,2
977,1,2.8,1,2,0,35,0.6,165,2,15,1502.0,1862,3714,19,3,10,0,1,1,3,17,57,1.239,119.61,1857.0,5.92,9.39,4,20.8,3,0
1640,1,0.7,0,10,1,21,0.8,169,7,14,589.0,1301,337,16,3,5,1,1,0,0,24,48,2.205,84.01,48.14,9.7,48.94,4,1.65,0,2
663,0,0.8,1,0,0,25,0.6,183,2,1,82.0,1605,3176,6,2,2,1,0,1,2,1,12,19.337,229.58,1588.0,3.62,7.81,3,5.08,3,0
1744,1,1.0,0,1,1,20,0.5,112,8,3,68.0,718,1205,18,7,14,1,0,0,1,4,126,10.406,37.96,150.62,15.57,15.66,3,9.64,1,2
1624,0,1.6,1,8,0,28,0.4,150,2,10,689.0,699,2473,16,11,2,1,0,0,2,18,176,1.013,57.73,1236.5,10.83,11.13,2,7.91,2,2
1108,1,1.3,1,14,1,2,0.3,169,7,20,208.0,1742,1229,5,3,4,1,1,0,0,34,15,8.335,292.4,175.57,6.56,1.54,5,11.18,1,1
1188,1,1.4,1,0,1,9,0.6,114,2,0,1339.0,1558,2896,12,11,16,1,0,1,3,0,132,1.163,158.03,1448.0,10.42,3.07,5,8.11,2,1
817,0,1.3,0,0,0,11,0.5,144,3,11,722.0,766,2039,11,6,19,0,1,0,1,11,66,1.059,87.72,679.67,5.67,5.26,1,7.95,2,0
863,0,1.6,1,5,1,6,0.7,133,4,13,717.0,1799,520,10,2,18,1,0,1,0,18,20,2.506,176.06,130.0,6.49,9.87,4,3.33,0,0
1397,0,2.4,1,5,1,3,0.2,121,3,15,433.0,1658,1378,18,15,4,1,1,1,1,20,270,3.82,90.19,459.33,11.55,2.08,5,9.92,1,1
1108,0,1.0,0,3,0,49,0.7,140,5,12,1298.0,1666,3254,12,6,16,1,0,0,3,15,72,1.283,162.46,650.8,7.91,14.95,1,16.27,3,1
1068,0,2.0,1,1,1,37,0.9,184,7,13,186.0,1998,1803,5,4,7,1,0,0,1,14,20,10.684,334.44,257.57,5.8,19.88,3,25.24,1,1
1702,1,2.3,0,12,1,52,0.5,145,2,15,1397.0,1491,2501,16,12,4,1,0,0,3,27,192,1.067,120.19,1250.5,11.74,20.45,3,11.5,2,2
808,0,0.5,1,0,0,8,0.1,192,4,1,618.0,1891,3762,15,9,12,1,0,1,3,1,135,3.055,124.34,940.5,4.21,2.12,3,7.52,3,0
1156,0,0.5,0,6,0,61,0.1,89,7,9,1214.0,1262,1796,16,6,13,0,1,1,1,15,96,1.039,103.01,256.57,12.99,32.9,2,6.29,1,1
1271,0,0.5,1,2,0,54,0.1,159,8,3,613.0,650,990,14,11,6,0,1,1,0,5,154,1.059,59.56,123.75,7.99,50.62,3,3.96,0,1
696,0,0.5,0,6,0,51,0.3,197,3,8,649.0,907,2630,18,8,9,0,0,1,1,14,144,1.395,58.7,876.67,3.53,19.11,1,3.94,2,0
1981,1,1.9,1,13,0,45,0.3,175,6,18,193.0,1234,1380,10,1,13,0,1,0,1,31,10,6.361,113.55,230.0,11.32,31.08,3,15.73,1,2
614,0,1.7,1,0,1,58,0.2,128,7,2,22.0,519,3487,15,6,11,1,1,1,2,2,90,22.565,32.47,498.14,4.8,16.55,5,41.5,3,0
1590,0,0.6,1,0,0,7,0.3,122,3,17,1464.0,1595,1201,12,3,18,1,1,1,1,17,36,1.089,166.54,400.33,13.03,5.5,4,2.16,1,2
1945,0,1.6,0,4,0,21,0.7,113,3,10,280.0,895,3015,6,1,15,0,0,0,3,14,6,3.185,133.97,1005.0,17.21,6.9,0,14.47,3,2
1135,1,2.8,1,9,0,43,0.4,158,1,11,690.0,1589,3204,18,13,6,1,0,0,3,20,234,2.3,91.18,3204.0,7.18,13.32,3,8.97,3,1
1049,0,0.6,1,8,1,2,0.3,172,6,10,39.0,1564,433,10,7,6,1,0,0,0,18,70,39.1,142.23,72.17,6.1,3.83,3,1.56,0,1
1807,1,2.1,0,2,0,49,0.8,125,1,10,337.0,1384,1906,17,13,13,0,1,1,2,12,221,4.095,79.14,1906.0,14.46,24.98,3,4.0,1,2
984,1,0.5,0,13,1,42,0.8,98,7,17,1036.0,1611,898,16,8,13,1,1,0,0,30,128,1.554,112.67,128.29,10.04,42.99,4,3.14,0,0
720,1,1.4,1,0,1,61,0.6,96,7,8,1347.0,1733,2799,5,3,15,1,0,1,3,8,15,1.286,365.82,399.86,7.5,21.53,5,27.43,2,0
1536,0,0.8,0,12,0,13,0.3,105,7,20,22.0,1634,2020,6,6,16,1,1,0,2,32,36,71.043,233.45,288.57,14.63,6.27,2,11.31,2,2
771,1,0.5,0,3,0,25,1.0,86,4,6,327.0,922,770,12,1,20,0,1,0,0,9,12,2.811,75.25,192.5,8.97,29.34,2,1.54,0,0
503,0,2.5,0,3,0,57,0.6,185,6,11,778.0,1291,305,11,8,16,0,0,1,0,14,88,1.657,125.61,50.83,2.72,143.27,1,4.58,0,0
675,0,2.4,0,1,0,42,0.6,187,7,2,482.0,874,2953,9,5,13,1,1,0,2,3,45,1.81,99.81,421.86,3.61,14.08,2,49.61,2,0
1936,1,1.9,1,13,1,34,0.2,182,7,14,591.0,1089,1671,6,1,9,1,0,1,1,27,6,1.84,177.0,238.71,10.64,19.63,5,22.22,1,2
1303,0,1.0,1,0,1,15,0.1,138,3,10,229.0,1604,2574,12,4,14,1,1,1,2,10,48,6.974,124.64,858.0,9.44,5.74,5,7.72,2,1
1004,1,2.9,1,0,0,35,0.2,141,6,9,901.0,1162,3772,17,8,18,0,1,1,3,9,136,1.288,81.69,628.67,7.12,9.25,4,65.63,3,1
1972,0,1.2,1,0,0,37,0.7,102,2,1,715.0,1648,2870,16,6,17,0,0,0,3,1,96,2.302,105.67,1435.0,19.33,12.75,1,6.89,2,2
1822,0,1.2,0,0,0,8,0.2,195,6,0,172.0,910,2577,9,5,8,1,1,0,2,0,45,5.26,92.61,429.5,9.34,3.06,2,18.55,2,2
1159,1,2.8,0,5,1,18,0.5,83,1,7,681.0,723,2246,8,1,3,1,1,0,1,12,8,1.06,110.36,2246.0,13.96,7.85,4,6.29,2,1
1782,1,2.8,1,6,1,58,0.8,157,1,13,867.0,999,2405,15,6,16,1,0,1,2,19,90,1.151,82.67,2405.0,11.35,23.69,5,6.73,2,2
894,0,2.1,1,16,0,16,0.7,168,8,20,286.0,1300,3377,5,1,6,1,1,1,2,36,5,4.53,221.85,422.12,5.32,4.71,4,56.73,3,0
1884,0,2.1,1,7,1,43,0.8,185,1,18,451.0,819,3619,14,8,7,1,1,1,3,25,112,1.812,62.33,3619.0,10.18,11.83,5,7.6,3,2
1648,1,0.5,0,1,1,17,0.9,142,2,3,1119.0,1238,1184,6,2,2,1,0,1,1,4,12,1.105,238.4,592.0,11.61,13.53,4,1.18,1,2
798,0,2.4,0,5,0,4,0.2,96,3,9,526.0,643,2965,15,7,14,1,1,0,2,14,105,1.22,51.92,988.33,8.31,1.34,2,21.35,2,0
802,1,2.4,1,1,0,45,0.8,157,3,9,1299.0,1633,3713,8,3,8,0,0,0,3,10,24,1.256,231.85,1237.67,5.11,12.08,2,26.73,3,0
1276,1,2.9,1,2,0,53,0.3,130,2,3,217.0,735,3798,19,10,8,1,1,1,3,5,190,3.372,38.32,1899.0,9.82,13.91,5,22.03,3,1
1331,1,1.6,0,0,0,16,0.5,165,2,7,1109.0,1226,1026,13,5,20,1,0,1,1,7,65,1.105,118.08,513.0,8.07,14.52,3,3.28,1,1
1620,0,2.6,1,6,0,5,0.9,186,6,18,434.0,1339,1086,18,14,13,1,0,0,1,24,252,3.078,74.08,181.0,8.71,4.31,2,16.94,1,2
1996,0,2.5,0,5,1,51,0.4,122,4,9,671.0,1445,2236,8,7,12,1,0,1,2,14,56,2.15,177.02,559.0,16.36,22.33,3,22.36,2,2
1092,0,2.7,1,8,0,45,0.8,185,1,10,1404.0,1424,1303,12,3,20,0,1,1,1,18,36,1.014,153.83,1303.0,5.9,32.79,3,3.52,1,1
1018,1,0.7,1,7,0,63,0.1,155,5,18,856.0,883,3048,10,3,2,0,0,1,2,25,30,1.03,111.8,609.6,6.57,20.48,3,10.67,3,1
545,0,0.5,0,0,1,11,0.3,131,3,1,381.0,1452,616,15,6,19,1,1,1,0,1,90,3.801,93.82,205.33,4.16,15.68,4,0.92,0,0
554,1,1.3,0,0,0,12,0.1,105,6,10,85.0,806,3764,10,7,4,0,1,1,2,10,70,9.372,73.68,627.33,5.28,3.18,3,29.36,3,0
1264,0,2.9,1,2,1,34,0.2,171,3,3,562.0,849,419,7,4,3,1,1,1,0,5,28,1.508,127.27,139.67,7.39,66.77,5,3.65,0,1
1030,0,1.6,1,3,1,58,0.2,138,6,20,1111.0,1812,2858,6,2,18,1,1,1,3,23,12,1.629,303.64,476.33,7.46,20.06,5,27.44,2,1
1432,1,1.7,1,6,1,39,0.3,164,4,18,209.0,947,504,14,4,10,1,1,0,0,24,56,4.51,64.65,126.0,8.73,65.86,5,3.43,0,1
558,1,2.8,0,1,1,49,0.8,142,5,4,997.0,1605,392,10,5,8,1,1,1,0,5,50,1.608,171.77,78.4,3.93,101.49,5,5.49,0,0
829,0,0.5,0,0,0,56,0.6,129,7,1,91.0,1916,820,12,6,11,1,0,1,0,1,72,20.826,147.55,117.14,6.43,62.17,2,2.87,0,0
1741,1,1.8,0,0,0,14,0.7,143,8,0,730.0,1895,3387,11,3,3,1,0,0,3,0,33,2.592,169.23,423.38,12.17,4.11,2,48.77,3,2
1849,1,2.3,0,7,1,15,0.4,144,5,19,606.0,1123,3447,14,11,19,1,0,1,3,26,154,1.85,85.07,689.4,12.84,4.33,4,39.64,3,2
733,0,2.1,0,5,1,7,0.2,174,7,10,445.0,1409,1403,15,8,2,1,1,0,0,15,120,3.159,92.35,200.43,4.21,4.76,3,20.62,1,0
1872,1,0.9,1,0,0,16,0.5,80,2,2,286.0,1484,2295,15,11,16,0,0,1,2,2,165,5.171,94.46,1147.5,23.4,6.83,3,4.13,2,2
1853,0,0.5,1,1,0,27,0.3,197,6,13,985.0,1005,1973,10,2,8,1,0,1,2,14,20,1.019,127.93,328.83,9.41,13.32,3,5.92,1,2
1149,1,2.2,0,4,0,30,0.2,106,6,5,1617.0,1675,3755,17,14,8,1,0,0,3,9,238,1.035,129.34,625.83,10.84,7.96,2,49.57,3,1
891,0,0.5,1,9,1,25,0.3,196,2,19,375.0,1724,2073,7,1,10,1,0,1,1,28,7,4.585,220.54,1036.5,4.55,11.77,4,2.07,2,0
1911,1,2.0,0,7,1,64,0.6,163,8,8,1795.0,1958,3872,9,8,11,1,1,0,3,15,72,1.09,265.63,484.0,11.72,16.49,4,61.95,3,2
550,1,0.5,0,16,1,23,0.1,145,2,17,486.0,1930,302,18,5,8,1,0,0,0,33,90,3.963,104.75,151.0,3.79,58.24,3,0.3,0,0
576,0,0.8,0,0,1,27,0.1,121,2,4,757.0,1518,1519,18,6,8,1,0,1,1,4,108,2.003,89.28,759.5,4.76,17.05,3,2.43,1,0
1760,0,1.9,0,1,1,50,0.8,198,1,2,273.0,1704,2549,10,8,4,1,1,0,2,3,80,6.219,156.88,2549.0,8.89,19.31,3,4.84,2,2
969,0,2.4,0,0,0,45,0.3,124,7,0,491.0,589,404,18,5,19,1,0,1,0,0,90,1.197,40.36,57.71,7.81,91.0,2,6.79,0,0
1160,0,1.1,0,1,1,63,0.7,166,3,2,762.0,859,595,18,4,15,1,0,1,0,3,72,1.126,60.44,198.33,6.99,92.5,3,1.96,0,1
827,0,1.1,1,2,1,18,0.9,160,2,16,448.0,821,1663,14,6,17,1,1,1,0,18,84,1.829,62.35,831.5,5.17,10.44,5,3.66,1,0
1786,0,0.5,0,9,1,58,0.7,161,7,10,231.0,1671,2764,9,3,7,1,1,1,3,19,27,7.203,168.69,394.86,11.09,20.72,4,9.67,2,2
774,1,0.6,1,2,1,8,0.4,136,1,4,1713.0,1865,2614,7,6,14,1,1,1,2,6,42,1.088,316.54,2614.0,5.69,3.02,6,1.57,2,0
819,1,2.5,1,0,1,11,0.2,83,8,1,438.0,822,1094,10,5,15,1,0,0,0,1,50,1.872,84.67,136.75,9.87,9.41,4,21.88,1,0
1042,0,2.2,0,15,1,11,0.6,139,5,16,68.0,1018,2826,18,6,2,1,0,0,2,31,108,14.754,53.7,565.2,7.5,3.85,2,31.09,2,1
1368,0,3.0,1,10,0,50,0.2,97,7,18,698.0,829,2496,13,6,5,0,1,1,2,28,78,1.186,77.41,356.57,14.1,19.7,3,52.42,2,1
1592,0,2.1,0,6,1,50,0.1,181,2,17,510.0,522,2103,19,8,7,1,0,0,1,23,152,1.022,36.49,1051.5,8.8,23.22,2,8.83,2,2
1067,0,1.8,1,11,0,14,0.2,146,1,15,965.0,1009,966,5,6,13,0,0,1,0,26,30,1.045,232.7,966.0,7.31,13.42,2,1.74,0,1
1892,1,0.7,0,5,0,47,0.4,110,4,10,1399.0,1564,2172,17,14,3,1,1,1,2,15,238,1.117,116.58,543.0,17.2,21.16,4,6.08,2,2
915,0,1.1,0,6,0,56,0.6,187,8,17,532.0,1448,905,19,10,12,0,1,0,0,23,190,2.717,77.13,113.12,4.89,56.92,1,7.96,0,0
774,1,2.8,0,7,1,55,0.9,124,3,18,8.0,896,3916,8,1,12,1,1,0,3,25,8,99.556,99.56,1305.33,6.24,14.02,4,32.89,3,0
1848,1,1.4,1,2,1,42,0.7,179,2,10,154.0,605,3902,11,9,3,1,0,1,3,12,99,3.903,52.02,1951.0,10.32,10.74,5,10.93,3,2
1501,0,1.1,0,12,1,2,0.2,187,1,15,198.0,1056,2487,13,12,16,1,1,1,2,27,156,5.307,76.74,2487.0,8.03,0.79,4,2.74,2,2
1614,0,1.9,0,8,1,55,0.3,188,3,17,860.0,1330,3914,17,13,13,1,0,0,3,25,221,1.545,87.99,1304.67,8.59,14.02,2,22.31,3,2
911,1,2.9,0,0,0,46,0.1,181,5,1,461.0,670,363,9,5,17,0,1,0,0,1,45,1.45,81.33,72.6,5.03,101.21,2,5.26,0,0
1520,0,0.5,0,1,1,24,0.7,199,5,8,109.0,1909,3233,13,3,4,1,0,1,3,9,39,17.355,136.58,646.6,7.64,7.37,3,8.08,3,2
1647,0,1.4,1,3,1,38,0.3,102,6,15,193.0,1185,2532,16,14,15,1,0,1,2,18,224,6.108,70.62,422.0,16.15,14.77,4,21.27,2,2
1347,0,0.9,1,8,1,53,0.8,108,6,15,961.0,1008,3836,15,3,14,1,0,1,3,23,45,1.048,87.04,639.33,12.47,13.78,4,20.71,3,1
967,1,1.6,0,4,0,25,0.6,92,8,9,243.0,1642,3076,7,4,18,0,1,1,2,13,28,6.73,207.49,384.5,10.51,8.05,3,39.37,3,0
1442,0,2.2,0,0,1,56,0.7,145,5,3,1626.0,1668,1513,11,8,7,1,1,0,2,3,88,1.025,194.12,302.6,9.94,35.5,3,16.64,1,1
1204,1,2.6,0,0,0,10,0.3,199,7,3,480.0,1482,1724,11,2,19,1,0,0,1,3,22,3.081,129.82,246.29,6.05,5.61,2,31.38,1,1
1320,0,2.1,1,0,1,41,0.6,144,7,2,123.0,1229,542,11,1,14,1,1,0,0,2,11,9.911,102.93,77.43,9.17,65.15,4,7.97,0,1
1800,1,0.7,0,2,1,8,0.4,100,7,6,400.0,823,3481,10,8,8,1,0,1,3,8,80,2.052,83.19,497.29,18.0,2.29,4,17.06,3,2
1567,0,2.1,1,3,0,22,0.8,153,3,19,190.0,1326,3991,15,2,10,1,0,0,3,22,30,6.942,83.72,1330.33,10.24,5.5,2,25.14,3,2
1439,0,0.9,0,12,1,20,0.8,147,1,17,626.0,932,1790,19,12,15,1,0,1,1,29,228,1.486,56.14,1790.0,9.79,10.82,3,1.61,1,1
1422,0,1.0,0,15,0,3,0.1,112,1,17,1.0,926,509,19,1,3,1,1,1,0,32,19,463.0,46.3,509.0,12.7,5.02,3,0.51,0,1
1591,1,2.2,1,4,1,52,1.0,161,3,16,548.0,1641,282,10,9,14,1,1,1,0,20,90,2.989,157.28,94.0,9.88,138.52,6,1.86,0,2
880,0,1.7,0,2,0,6,0.6,198,4,19,632.0,660,3006,6,4,3,1,0,0,2,21,24,1.043,130.54,751.5,4.44,1.98,1,20.44,3,0
1929,1,0.5,1,0,1,19,1.0,163,6,2,349.0,1051,1913,12,7,6,1,1,0,1,2,84,3.003,85.19,318.83,11.83,9.65,5,5.74,1,2
1642,1,1.6,1,0,0,5,0.4,102,5,2,1686.0,1889,1333,18,6,2,0,0,1,2,2,108,1.12,133.26,266.6,16.1,3.57,3,10.66,1,2
1511,0,2.5,1,3,0,21,0.2,114,3,18,1455.0,1982,3746,10,6,5,1,0,0,3,21,60,1.361,223.52,1248.67,13.25,5.59,2,28.1,3,2
1312,0,1.3,0,5,1,10,0.6,163,2,9,95.0,893,3941,6,2,13,1,1,1,3,14,12,9.302,128.29,1970.5,8.05,2.53,4,10.25,3,1
1852,0,1.4,0,4,1,10,0.7,196,1,18,580.0,1163,3970,13,1,11,1,0,1,3,22,13,2.002,92.83,3970.0,9.45,2.51,3,5.56,3,2
972,1,1.3,0,8,0,44,0.7,82,7,10,297.0,589,3925,7,6,7,0,1,0,3,18,42,1.977,82.46,560.71,11.85,11.19,2,35.72,3,0
691,1,2.7,1,4,1,33,0.9,108,4,8,951.0,962,424,5,3,15,1,1,1,0,12,15,1.011,225.45,106.0,6.4,64.19,6,4.58,0,0
807,0,0.5,0,9,0,8,0.3,158,5,20,667.0,697,1284,17,13,2,0,1,1,0,29,221,1.043,53.6,256.8,5.11,5.91,2,3.21,1,0
1113,0,0.6,1,0,0,25,0.3,145,1,10,1047.0,1312,277,11,2,12,1,0,1,0,10,22,1.252,139.88,277.0,7.68,67.47,3,0.17,0,1
721,1,1.3,1,10,0,16,0.9,125,1,18,408.0,1862,1713,10,3,4,0,1,1,1,28,30,4.553,173.29,1713.0,5.77,9.03,4,2.23,1,0
1188,1,1.5,1,0,0,54,0.3,198,6,2,1150.0,1469,485,12,7,7,0,1,0,0,2,84,1.276,143.51,80.83,6.0,94.14,3,4.36,0,1
1512,1,0.5,0,1,0,52,0.1,131,1,14,333.0,952,3002,6,5,7,0,0,1,2,15,30,2.85,144.08,3002.0,11.54,17.15,2,1.5,3,2
805,1,0.7,0,0,0,64,0.1,97,4,14,641.0,704,418,11,6,17,0,1,1,0,14,66,1.097,79.34,104.5,8.3,125.93,3,1.17,0,0
918,0,0.9,1,1,0,8,0.1,123,7,5,653.0,671,1652,17,4,14,1,1,0,1,6,68,1.026,52.02,236.0,7.46,4.67,3,10.41,1,0
1320,0,0.5,1,7,0,48,0.2,168,5,16,103.0,1583,2893,8,5,9,0,0,1,2,23,40,15.221,176.26,578.6,7.86,16.41,2,7.23,2,1
1236,0,0.9,1,2,1,57,0.1,188,1,14,517.0,809,1406,14,12,20,1,0,1,0,16,168,1.562,64.01,1406.0,6.57,38.7,4,1.27,1,1
1387,0,0.5,0,0,1,61,0.5,98,3,0,785.0,1151,629,5,3,11,1,1,0,0,0,15,1.464,232.2,209.67,14.15,85.4,3,0.94,0,1
1883,1,2.7,1,6,1,30,0.5,95,2,10,531.0,791,3724,16,15,20,1,1,1,3,16,240,1.487,56.04,1862.0,19.82,8.03,6,20.11,3,2
839,0,2.0,1,0,0,14,0.4,175,7,3,564.0,1391,3835,15,8,11,1,0,0,3,3,120,2.462,93.81,547.86,4.79,3.64,2,53.69,3,0
1593,1,1.0,0,0,1,52,0.7,130,8,0,761.0,1336,1354,15,13,13,1,1,1,1,0,195,1.753,96.1,169.25,12.25,36.56,5,10.83,1,2
1722,1,1.0,0,7,0,25,0.8,88,6,19,1179.0,1638,2376,5,1,19,0,0,1,3,26,5,1.388,336.36,396.0,19.57,10.33,2,14.26,2,2
1954,0,0.6,1,8,0,7,0.9,126,3,9,673.0,690,3438,17,12,13,1,0,0,3,17,204,1.024,53.55,1146.0,15.51,2.02,2,6.19,3,2
1788,1,0.5,1,15,1,2,0.3,150,6,20,472.0,1073,2655,12,2,4,1,0,1,2,35,24,2.268,90.17,442.5,11.92,0.74,5,7.96,2,2
1628,0,0.5,0,5,1,33,0.9,101,6,8,412.0,643,3361,16,10,13,1,0,0,3,13,160,1.557,44.92,560.17,16.12,9.76,2,10.08,3,2
1965,0,0.5,0,6,1,4,1.0,84,7,9,977.0,1660,3535,17,6,16,1,1,1,3,15,102,1.697,107.01,505.0,23.39,1.13,4,12.37,3,2
833,1,2.2,0,4,0,27,0.9,124,1,6,359.0,1395,2150,9,5,7,0,1,1,1,10,45,3.875,144.05,2150.0,6.72,12.27,3,4.73,2,0
571,0,0.6,0,1,1,43,0.5,141,3,8,224.0,783,2587,7,5,18,1,0,0,1,9,35,3.48,101.8,862.33,4.05,16.37,2,4.66,2,0
1808,1,0.5,1,1,0,31,0.5,92,2,16,714.0,1208,2736,9,1,8,0,0,1,3,17,9,1.69,140.32,1368.0,19.65,11.18,3,2.74,2,2
1860,0,0.5,1,2,1,55,0.7,83,6,3,195.0,799,676,15,6,4,1,0,1,0,5,90,4.077,51.4,112.67,22.41,72.35,4,2.03,0,2
1368,1,1.6,1,4,0,9,0.1,115,7,7,843.0,1145,2941,13,12,17,0,1,0,3,11,156,1.357,101.56,420.14,11.9,3.03,3,32.94,2,1
1161,0,1.3,1,0,1,21,0.6,126,8,12,308.0,1169,3336,6,4,14,1,0,1,3,12,24,3.783,172.7,417.0,9.21,6.25,4,34.69,3,1
1224,1,1.6,0,9,0,33,1.0,157,1,18,522.0,563,3796,10,5,13,1,1,0,3,27,50,1.076,69.8,3796.0,7.8,8.67,3,6.07,3,1
902,1,0.6,1,0,0,63,0.7,122,5,14,364.0,1360,3654,18,8,15,0,1,1,3,14,144,3.726,74.1,730.8,7.39,17.17,4,10.96,3,0
787,1,0.5,0,15,0,11,0.6,93,1,16,806.0,1423,2934,8,6,14,1,0,1,2,31,48,1.763,181.71,2934.0,8.46,3.71,3,1.47,2,0
854,0,0.5,0,2,0,30,0.5,125,8,5,518.0,1152,2889,5,2,11,0,0,1,2,7,10,2.22,210.52,361.12,6.83,10.27,1,11.56,2,0
1184,0,1.5,1,1,1,48,0.6,191,1,6,519.0,1577,3315,17,7,14,1,1,1,3,7,119,3.033,92.23,3315.0,6.2,14.38,5,4.97,3,1
1973,0,1.6,1,5,1,39,0.8,152,4,6,792.0,1181,1993,9,6,5,1,0,0,2,11,54,1.489,142.2,498.25,12.98,19.06,3,12.76,1,2
510,0,1.7,1,3,0,35,0.8,120,3,6,382.0,1228,2509,17,2,11,0,1,1,1,9,34,3.206,71.45,836.33,4.25,13.72,3,12.8,2,0
966,0,2.0,0,8,1,34,0.5,118,2,10,214.0,1523,3534,18,17,11,1,1,1,3,18,306,7.084,80.95,1767.0,8.19,9.57,4,14.14,3,0
1438,1,1.8,0,3,0,16,0.6,169,8,7,859.0,867,2246,14,11,15,0,0,0,2,10,154,1.008,81.37,280.75,8.51,6.98,1,32.34,2,1
1986,0,0.5,0,7,0,51,0.4,95,3,9,342.0,774,3165,5,6,13,1,0,0,3,16,30,2.257,141.03,1055.0,20.91,15.98,1,4.75,3,2
1907,0,2.0,0,13,0,55,0.9,105,7,15,713.0,1513,286,14,4,17,1,0,1,0,28,56,2.119,111.51,40.86,18.16,145.01,2,4.0,0,2
1489,0,2.4,1,8,0,32,0.6,200,1,16,172.0,812,776,7,6,8,0,0,0,0,24,42,4.694,103.75,776.0,7.44,37.3,1,1.86,0,1
1843,1,1.8,1,13,1,16,0.7,134,6,18,118.0,580,3213,15,14,15,1,1,0,3,31,210,4.874,36.99,535.5,13.75,4.94,5,34.7,3,2
825,1,1.5,0,11,0,38,0.4,94,3,18,540.0,783,716,11,4,14,0,1,0,0,29,44,1.447,79.26,238.67,8.78,47.55,2,3.22,0,0
1286,1,2.3,0,10,1,16,0.1,98,2,18,18.0,662,424,10,5,4,1,1,0,0,28,50,34.842,60.2,212.0,13.12,31.12,4,1.95,0,1
840,0,0.6,0,0,1,63,0.8,137,7,19,987.0,1081,3486,12,8,18,1,1,0,3,19,96,1.094,112.6,498.0,6.13,17.98,3,14.64,3,0
757,0,2.3,1,5,1,58,0.2,163,4,7,535.0,697,3237,19,12,9,1,0,1,2,12,228,1.3,43.93,809.25,4.64,17.79,4,29.78,3,0
814,1,1.1,1,2,0,41,0.8,177,2,10,1092.0,1406,1944,16,6,12,1,0,0,1,12,96,1.286,104.72,972.0,4.6,20.52,3,4.28,1,0
1195,1,1.1,1,2,1,8,0.9,80,6,6,327.0,1001,643,14,2,19,1,0,0,0,8,28,3.052,70.2,107.17,14.94,10.99,4,4.24,0,1
767,0,0.8,0,7,1,10,0.5,107,4,12,517.0,1995,2317,6,6,12,1,1,1,2,19,36,3.851,294.41,579.25,7.17,4.23,4,7.41,2,0
1068,0,1.3,0,6,1,52,0.1,97,8,7,994.0,1500,1436,16,1,15,1,0,0,1,13,16,1.508,105.85,179.5,11.01,34.61,2,14.93,1,1
994,1,2.8,1,0,0,56,0.5,173,3,3,491.0,530,3190,5,2,20,1,1,1,2,3,10,1.077,120.41,1063.33,5.75,17.42,5,26.8,3,0
1550,1,2.5,0,6,0,21,0.8,133,2,11,268.0,832,2338,16,1,15,0,1,0,2,17,16,3.093,51.42,1169.0,11.65,8.81,2,11.69,2,2
1878,1,0.5,0,9,0,29,0.6,85,8,19,210.0,1026,1334,18,7,2,0,0,0,1,28,126,4.863,55.12,166.75,22.09,20.67,1,5.34,1,2
623,0,2.0,0,2,0,6,0.1,127,3,4,144.0,672,3657,17,3,19,1,1,0,2,6,51,4.634,38.18,1219.0,4.91,1.63,2,21.94,3,0
1829,1,0.5,0,0,1,15,0.4,160,5,7,729.0,1267,2080,16,11,12,1,0,1,2,7,176,1.736,85.99,416.0,11.43,7.04,4,5.2,2,2
525,0,2.4,1,11,0,35,0.8,190,7,20,82.0,670,1609,16,11,3,0,0,0,0,31,176,8.072,39.71,229.86,2.76,20.94,1,27.03,1,0
1065,1,0.5,0,0,1,14,0.7,89,2,2,188.0,928,3078,10,1,18,1,0,1,2,2,10,4.91,86.08,1539.0,11.97,4.51,4,3.08,3,1
1425,0,1.2,0,9,1,35,0.7,127,8,14,150.0,1897,590,13,2,6,1,1,1,0,23,26,12.563,135.92,73.75,11.22,51.76,4,5.66,0,1
1296,0,1.4,1,3,0,11,0.2,129,7,4,1222.0,1382,2552,19,8,10,1,1,1,2,7,152,1.13,92.24,364.57,10.05,4.24,4,25.01,2,1
642,0,2.8,0,3,0,34,0.8,197,2,15,331.0,1011,3355,12,5,13,0,0,0,2,18,60,3.045,81.83,1677.5,3.26,10.07,0,18.79,3,0
1664,1,2.9,1,9,1,15,0.5,177,7,19,1178.0,1929,1968,12,7,9,1,0,0,2,28,84,1.636,173.87,281.14,9.4,7.42,4,39.95,1,2
1498,1,0.7,0,3,1,8,0.1,170,7,4,347.0,1076,3358,7,3,19,1,0,0,3,7,21,3.092,141.32,479.71,8.81,2.37,3,16.45,3,1
981,1,1.9,1,0,0,2,0.1,136,3,7,75.0,688,1539,19,12,19,0,0,0,0,7,228,9.053,34.6,513.0,7.21,1.25,2,8.77,1,0
1236,1,2.8,0,6,1,32,0.3,143,4,18,492.0,1403,942,16,12,14,1,1,1,0,24,192,2.846,87.46,235.5,8.64,31.37,5,10.55,0,1
1673,0,2.8,1,7,0,9,0.1,187,3,10,65.0,734,3669,9,1,10,1,0,1,3,17,9,11.121,73.69,1223.0,8.95,2.44,3,30.82,3,2
712,1,1.6,0,6,1,9,0.8,172,2,14,881.0,1234,3612,13,5,4,1,0,0,3,20,65,1.399,108.3,1806.0,4.14,2.48,3,11.56,3,0
569,1,0.5,1,10,1,4,0.8,170,3,19,351.0,1159,2351,8,7,10,1,1,0,1,29,56,3.293,134.55,783.67,3.35,1.67,5,3.53,2,0
603,1,0.7,1,0,1,64,0.2,156,6,0,1842.0,1968,604,10,4,8,1,1,1,0,0,40,1.068,245.05,100.67,3.87,92.77,6,2.54,0,0
1332,0,0.8,1,2,0,11,0.5,187,2,4,758.0,1165,1285,5,6,9,1,1,0,1,6,30,1.535,231.65,642.5,7.12,8.12,3,2.06,1,1
1413,0,0.6,0,0,1,13,0.1,128,1,0,1323.0,1481,515,5,6,18,1,1,0,0,0,30,1.119,330.98,515.0,11.04,21.56,3,0.31,0,1
1064,0,2.9,1,1,1,34,0.2,184,6,13,1175.0,1569,654,16,13,6,1,0,0,0,14,208,1.334,115.31,109.0,5.78,46.03,3,11.38,0,1
1444,0,0.6,0,2,0,48,0.5,82,5,17,1092.0,1554,2540,17,2,15,1,1,1,3,19,34,1.422,105.52,508.0,17.61,18.6,3,7.62,2,1
1366,1,1.7,1,5,1,53,0.2,161,5,9,647.0,1876,3869,17,5,14,1,0,1,3,14,85,2.895,110.25,773.8,8.48,13.67,5,32.89,3,1
906,0,2.1,1,7,0,18,0.1,136,2,11,1102.0,1793,3412,13,8,16,1,0,0,3,18,104,1.626,150.33,1706.0,6.66,5.24,2,14.33,3,0
1554,0,2.7,1,3,1,47,0.7,185,5,12,319.0,1367,509,12,3,19,1,0,0,0,15,36,4.272,107.98,101.8,8.4,78.72,3,6.87,0,2
1187,0,2.3,0,0,1,21,0.2,122,6,6,215.0,1125,2547,10,3,5,1,1,0,2,6,30,5.208,104.12,424.5,9.73,8.12,3,35.15,2,1
1156,1,2.7,1,1,1,30,0.9,173,3,16,945.0,1913,2735,16,15,13,1,0,1,2,17,240,2.022,125.51,911.67,6.68,10.83,5,22.15,2,1
1918,0,2.8,0,1,0,22,0.3,139,1,5,381.0,1203,1369,9,6,6,0,1,1,1,6,54,3.149,126.19,1369.0,13.8,15.31,2,3.83,1,2
841,1,0.5,1,8,0,39,0.1,199,6,13,546.0,828,2942,11,5,16,0,1,1,2,21,55,1.514,82.65,490.33,4.23,13.12,4,8.83,2,0
730,1,1.3,1,6,0,6,0.9,167,7,10,1096.0,1155,2812,10,1,17,0,0,0,2,16,10,1.053,144.75,401.71,4.37,2.11,2,25.59,2,0
878,1,1.3,0,13,1,31,0.5,153,4,18,575.0,618,3497,9,7,11,1,1,0,2,31,63,1.073,84.41,874.25,5.74,8.82,4,18.18,3,0
1059,0,0.5,1,0,0,50,0.7,182,8,1,519.0,1545,619,5,3,18,0,1,1,0,1,15,2.971,271.64,77.38,5.82,70.97,3,2.48,0,1
1578,0,2.9,0,8,0,3,0.9,200,1,20,342.0,670,3483,17,4,16,1,0,0,3,28,68,1.953,41.79,3483.0,7.89,0.86,1,10.1,3,2
1829,0,1.7,0,0,0,36,0.8,112,5,1,291.0,563,1475,11,4,7,0,0,0,1,1,44,1.928,52.81,295.0,16.33,23.37,0,12.54,1,2
1132,0,1.0,0,0,0,8,0.1,157,1,4,1091.0,1293,1950,11,2,6,0,1,1,1,4,22,1.184,140.98,1950.0,7.21,3.99,2,1.95,1,1
1652,0,0.6,1,4,1,40,1.0,198,7,6,352.0,1084,3592,7,6,6,1,0,0,3,10,42,3.071,142.46,513.14,8.34,11.09,3,15.09,3,2
912,0,0.5,1,0,0,58,0.3,107,5,1,165.0,1723,3573,17,3,20,1,1,0,3,1,51,10.38,96.16,714.6,8.52,16.16,3,8.93,3,0
1181,0,2.3,0,12,1,61,0.6,116,2,16,385.0,831,2020,6,6,18,1,1,0,1,28,36,2.153,130.84,1010.0,10.18,29.43,3,9.29,2,1
1497,1,0.7,0,5,0,32,0.7,92,3,9,1920.0,1933,1329,6,1,7,1,1,0,2,14,6,1.006,389.21,443.0,16.27,22.89,3,2.79,1,1
1790,1,2.3,1,3,1,49,0.5,100,3,11,396.0,1980,3568,6,2,18,1,0,1,3,14,12,4.987,288.46,1189.33,17.9,13.67,5,24.62,3,2
1742,1,1.6,0,3,0,49,0.8,100,1,9,1134.0,1469,1947,5,4,6,1,0,1,2,12,20,1.294,309.3,1947.0,17.42,24.48,3,3.12,1,2
1549,1,0.5,0,4,0,8,0.4,158,5,7,721.0,1514,1998,12,7,15,1,1,0,2,11,84,2.097,128.99,399.6,9.8,3.9,3,5.0,1,2
1372,1,2.7,0,7,0,34,0.4,193,4,17,687.0,937,725,11,3,20,1,0,0,0,24,33,1.362,96.82,181.25,7.11,42.08,2,7.83,0,1
1112,0,0.5,0,0,1,12,0.9,190,4,6,777.0,1119,3302,11,6,20,1,1,1,3,6,66,1.438,113.53,825.5,5.85,3.61,4,6.6,3,1
1005,0,0.5,0,0,0,46,0.4,133,8,17,176.0,1556,3884,17,6,20,0,1,1,3,17,102,8.791,87.0,485.5,7.56,11.82,2,15.54,3,1
783,1,1.7,1,9,1,27,0.3,150,6,11,458.0,1263,1185,15,4,6,1,1,1,0,20,60,2.752,83.97,197.5,5.22,21.48,6,12.09,1,0
1698,0,2.5,0,10,1,26,0.4,105,2,18,485.0,1819,1656,5,3,17,1,0,1,2,28,15,3.743,313.76,828.0,16.17,15.14,3,8.28,1,2
899,1,2.7,0,3,1,53,0.3,192,4,11,641.0,1638,2870,19,16,10,1,0,1,2,14,304,2.551,87.95,717.5,4.68,18.26,4,31.0,2,0
1062,0,1.5,0,3,0,45,0.2,151,3,4,798.0,1435,911,14,2,9,0,0,0,0,7,28,1.796,109.46,303.67,7.03,45.47,0,4.1,0,1
989,1,2.0,0,4,0,17,0.2,166,3,19,256.0,1394,3892,18,7,19,1,1,0,3,23,126,5.424,74.6,1297.33,5.96,4.36,3,23.35,3,0
1983,1,1.2,1,6,1,27,0.6,125,1,11,370.0,1197,3897,12,10,10,1,1,1,3,17,120,3.226,96.38,3897.0,15.86,6.91,6,4.68,3,2
1800,1,3.0,0,5,0,53,0.3,87,1,12,191.0,1108,656,14,10,18,0,0,1,0,17,140,5.771,74.96,656.0,20.69,71.56,2,1.97,0,2
1254,0,1.7,0,0,1,45,0.4,146,3,3,1571.0,1956,606,7,2,2,1,1,1,1,3,14,1.244,313.6,202.0,8.59,65.05,4,3.09,0,1
868,0,1.7,0,0,0,30,0.8,83,4,0,276.0,1026,1653,11,7,17,1,0,0,1,0,77,3.704,88.54,413.25,10.46,17.5,1,11.24,1,0
1205,0,0.5,1,3,0,12,0.6,175,4,6,573.0,614,860,14,1,14,1,0,1,0,9,14,1.07,55.99,215.0,6.89,12.77,3,1.72,0,1
1284,1,2.8,1,0,0,10,0.9,155,2,14,160.0,516,2197,16,2,9,0,1,1,1,14,32,3.205,31.78,1098.5,8.28,4.45,4,12.3,2,1
626,0,0.7,1,2,1,23,0.5,187,2,9,90.0,1334,3458,7,5,11,1,0,1,2,11,35,14.659,167.13,1729.0,3.35,6.61,4,4.84,3,0
1763,0,2.9,1,1,1,53,0.2,101,4,20,138.0,806,2066,12,9,17,1,1,1,1,21,108,5.799,62.9,516.5,17.46,25.03,5,23.97,2,2
694,1,1.8,1,15,0,36,0.4,193,4,20,983.0,1230,3676,12,8,5,1,0,1,3,35,96,1.25,121.12,919.0,3.6,9.76,4,26.47,3,0
1265,0,0.6,1,4,1,49,0.5,90,1,5,275.0,687,1518,16,11,8,1,0,1,1,9,176,2.489,43.53,1518.0,14.06,30.97,4,0.91,1,1
816,1,0.5,0,4,0,14,0.9,198,3,13,149.0,558,1018,17,10,15,1,0,0,0,17,170,3.72,32.09,339.33,4.12,12.8,2,1.53,1,0
904,0,1.8,0,3,1,35,0.4,168,3,4,42.0,507,1360,15,12,11,1,0,0,0,7,180,11.791,31.8,453.33,5.38,24.51,2,7.34,1,0
979,0,0.5,1,0,1,5,0.5,164,7,2,793.0,1670,3449,5,2,14,1,0,0,3,2,10,2.103,308.12,492.71,5.97,1.44,3,12.07,3,0
1531,0,2.0,0,0,1,60,0.4,162,6,1,625.0,765,2524,13,11,7,1,0,0,2,1,143,1.222,70.56,420.67,9.45,23.39,2,30.29,2,2
934,0,2.0,1,2,0,30,0.7,182,8,15,521.0,1190,703,10,8,7,0,0,1,0,17,80,2.28,118.1,87.88,5.13,38.14,2,11.25,0,0
1624,1,2.6,1,0,0,58,1.0,200,3,11,1530.0,1744,1251,13,4,18,0,1,1,1,11,52,1.139,165.71,417.0,8.12,43.88,4,9.76,1,2
874,0,1.3,0,5,0,8,0.5,185,1,20,442.0,1248,582,6,4,15,0,0,0,0,25,24,2.817,189.14,582.0,4.72,11.97,0,0.76,0,0
1027,1,2.2,0,0,0,63,0.8,102,5,4,152.0,714,1732,8,5,13,0,1,1,1,4,40,4.667,81.11,346.4,10.07,35.17,3,19.05,1,1
1966,0,0.8,1,15,1,48,0.2,144,1,16,1242.0,1973,1252,6,4,19,1,1,1,2,31,24,1.587,333.05,1252.0,13.65,36.29,5,1.0,1,2
1048,1,1.5,0,2,1,29,1.0,182,1,4,29.0,1670,2146,11,10,2,1,0,0,1,6,110,55.667,139.19,2146.0,5.76,13.21,3,3.22,2,1
1496,1,1.9,1,13,0,38,0.1,126,4,14,501.0,506,1927,17,4,6,0,0,1,1,27,68,1.008,39.56,481.75,11.87,19.17,3,14.65,1,1
959,1,1.7,0,15,0,13,0.4,155,4,16,87.0,736,3328,10,9,10,1,1,1,2,31,90,8.364,67.37,832.0,6.19,3.88,4,22.63,3,0
1349,1,2.2,1,5,0,55,0.1,105,7,7,648.0,1019,2462,15,7,17,1,0,1,2,12,105,1.57,75.47,351.71,12.85,21.96,4,37.91,2,1
1689,1,2.4,1,0,1,13,0.9,168,2,9,521.0,674,1172,12,11,17,1,1,1,0,9,132,1.291,65.53,586.0,10.05,10.45,6,5.63,1,2
1558,1,2.4,0,0,1,27,0.1,146,1,1,120.0,1409,3598,9,2,12,1,0,1,3,1,18,11.645,141.41,3598.0,10.67,7.47,4,8.64,3,2
582,0,0.5,1,3,0,27,0.2,168,3,10,985.0,1420,2437,19,2,2,1,1,1,2,13,38,1.44,86.41,812.33,3.46,10.89,4,3.66,2,0
1485,0,2.8,0,3,1,44,0.1,138,4,14,341.0,774,3271,14,12,8,1,1,0,3,17,168,2.263,56.39,817.75,10.76,13.36,3,36.64,3,1
1991,1,1.8,0,11,0,9,0.7,94,3,12,751.0,1377,1511,17,8,9,0,0,0,1,23,136,1.831,87.14,503.67,21.18,5.71,1,8.16,1,2
553,0,0.5,1,2,1,23,0.5,119,3,3,993.0,1517,2981,7,3,14,1,0,0,2,5,21,1.526,226.64,993.67,4.65,7.64,3,4.47,2,0
1231,0,0.7,1,2,0,7,0.9,113,1,7,43.0,1663,3119,9,4,15,1,1,0,3,9,36,37.795,166.36,3119.0,10.89,2.23,3,2.18,3,1
805,0,0.8,0,1,0,34,0.6,88,6,2,1262.0,1538,3647,18,11,9,1,0,1,3,3,198,1.218,104.71,607.83,9.15,9.29,2,17.51,3,0
764,1,1.2,1,1,0,13,1.0,152,8,2,361.0,511,3148,18,7,6,1,1,0,2,3,126,1.412,32.93,393.5,5.03,4.1,4,30.22,3,0
894,0,0.9,0,5,1,54,0.2,130,3,15,104.0,541,2829,11,5,13,1,0,1,2,20,55,5.152,45.91,943.0,6.88,18.86,3,7.64,2,0
1589,0,2.6,0,9,0,46,0.4,84,3,16,618.0,940,2373,11,9,20,1,1,0,2,25,99,1.519,93.75,791.0,18.92,19.03,2,18.51,2,2
1456,0,1.6,1,9,1,39,0.1,80,8,10,815.0,1666,3998,6,3,13,1,1,0,3,19,18,2.042,264.95,499.75,18.2,9.74,4,51.17,3,1
743,0,0.5,1,0,1,33,0.3,95,2,1,1587.0,1659,316,19,10,4,1,0,0,0,1,190,1.045,114.79,158.0,7.82,80.76,3,0.32,0,0
1061,1,2.1,0,3,1,52,0.1,109,7,4,138.0,1330,999,16,12,9,1,1,0,0,7,192,9.568,78.66,142.71,9.73,48.35,4,14.69,0,1
1428,1,1.6,0,0,0,7,0.1,153,4,2,584.0,983,1808,12,8,13,0,1,0,1,2,96,1.68,87.95,452.0,9.33,3.75,2,11.57,1,1
674,1,2.8,1,0,1,8,0.2,93,3,0,750.0,772,589,18,6,4,1,1,0,0,0,108,1.028,56.65,196.33,7.25,11.85,5,4.95,0,0
832,0,1.1,0,0,1,46,0.3,93,6,0,820.0,1366,3317,8,6,19,1,1,0,3,0,48,1.664,177.02,552.83,8.95,13.78,3,21.89,3,0
1625,1,0.5,1,2,1,50,0.1,107,8,17,8.0,1219,670,16,3,8,1,0,0,0,19,48,135.444,71.71,83.75,15.19,66.29,4,2.68,0,2
907,0,1.4,1,3,0,42,0.2,151,1,16,171.0,507,584,11,9,6,1,0,0,0,19,99,2.948,44.59,584.0,6.01,62.66,2,0.82,0,0
1631,0,0.5,0,2,1,13,0.5,166,2,16,960.0,1735,2173,12,3,8,1,1,0,2,18,36,1.805,152.53,1086.5,9.83,5.85,3,2.17,2,2
1584,1,1.3,0,6,0,41,0.6,135,4,15,160.0,1291,1561,10,5,17,0,0,1,1,21,50,8.019,118.26,390.25,11.73,25.24,2,8.12,1,2
1382,1,0.5,0,7,1,13,0.3,199,2,18,612.0,719,2073,16,7,9,1,0,1,1,25,112,1.173,55.54,1036.5,6.94,6.12,4,2.07,2,1
633,1,1.4,0,0,1,46,0.7,102,6,10,709.0,1915,1401,19,14,11,1,1,0,1,10,266,2.697,102.1,233.5,6.21,31.33,4,11.77,1,0
1444,1,2.1,0,9,0,38,0.4,104,7,16,624.0,917,3764,14,9,10,0,0,0,3,25,126,1.467,73.94,537.71,13.88,10.06,1,55.33,3,1
852,1,1.6,1,6,1,54,0.4,147,5,7,538.0,730,1275,13,7,12,1,0,1,0,13,91,1.354,64.77,255.0,5.8,40.15,5,10.2,1,0
922,1,0.7,0,0,1,47,1.0,157,8,14,1295.0,1808,1464,17,4,12,1,0,1,1,14,68,1.395,123.55,183.0,5.87,30.73,4,8.2,1,0
1745,0,1.5,1,4,1,57,0.1,159,3,16,1164.0,1908,2885,13,11,5,1,1,1,3,20,143,1.638,159.65,961.67,10.97,19.54,5,12.98,2,2
862,0,2.3,0,9,1,6,0.1,107,8,14,829.0,1977,3458,9,4,9,1,1,1,3,23,36,2.382,214.38,432.25,8.06,1.73,4,63.63,3,0
1754,1,2.1,1,1,1,52,1.0,101,4,3,199.0,1452,3019,11,6,19,1,0,1,3,4,66,7.26,122.13,754.75,17.37,17.06,5,25.36,3,2
1008,0,2.5,0,3,0,36,1.0,109,1,14,825.0,1972,1083,6,4,6,0,0,0,1,17,24,2.387,305.37,1083.0,9.25,31.1,0,2.71,1,1
1569,0,0.5,1,3,0,33,0.2,147,1,13,519.0,930,3538,18,1,15,1,0,1,3,16,18,1.788,56.05,3538.0,10.67,9.28,3,1.77,3,2
1596,0,2.9,1,7,0,7,0.7,149,2,9,169.0,1190,2493,14,12,13,1,1,1,2,16,168,7.0,80.13,1246.5,10.71,2.76,4,14.46,2,2
1807,1,0.5,1,2,1,61,0.1,134,6,6,1734.0,1968,3726,8,5,15,1,0,0,3,8,40,1.134,291.44,621.0,13.49,16.32,4,11.18,3,2
1660,0,2.8,1,4,0,7,0.8,184,1,6,76.0,1165,1531,12,6,7,0,0,0,1,10,72,15.13,89.81,1531.0,9.02,4.39,1,4.29,1,2
1861,1,0.9,0,4,1,55,0.5,148,7,8,1698.0,1877,601,7,5,4,1,0,0,1,12,35,1.105,316.38,85.86,12.57,80.07,3,3.79,0,2
648,0,1.9,1,4,0,8,1.0,91,5,19,819.0,1997,2991,8,7,4,0,0,1,2,23,56,2.435,239.82,598.2,7.12,2.65,2,28.41,2,0
1379,0,0.5,1,1,0,19,0.3,134,8,17,387.0,671,3912,11,2,19,0,1,1,3,18,22,1.729,64.55,489.0,10.29,4.85,3,15.65,3,1
1910,1,1.7,0,0,0,34,0.6,115,2,0,985.0,1284,309,8,4,10,0,0,1,0,0,32,1.302,179.81,154.5,16.61,84.63,2,1.05,0,2
1807,0,2.0,1,0,1,13,0.5,155,8,0,970.0,974,323,9,3,3,1,1,1,0,0,27,1.003,137.46,40.38,11.66,31.29,5,5.17,0,2
1923,0,0.5,1,7,0,46,0.5,191,1,10,767.0,1759,1489,10,9,3,1,1,1,1,17,90,2.29,174.45,1489.0,10.07,29.6,4,0.74,1,2
1345,1,3.0,0,7,1,38,0.1,162,3,11,512.0,1465,1322,9,2,15,1,0,0,1,18,18,2.856,155.19,440.67,8.3,27.32,3,11.9,1,1
904,0,1.6,1,5,1,14,0.2,102,8,9,56.0,760,1846,7,6,3,1,0,1,1,14,42,13.333,95.26,230.75,8.86,7.36,4,23.63,1,0
1239,0,1.2,1,5,1,52,0.9,122,2,10,590.0,661,417,8,6,6,1,0,1,0,15,48,1.118,98.45,208.5,10.16,102.52,4,1.0,0,1
1330,0,0.9,0,6,1,52,0.8,84,4,12,462.0,1304,3269,19,6,8,1,1,0,3,18,114,2.816,69.17,817.25,15.83,15.79,3,11.77,3,1
516,1,0.7,1,1,0,30,0.9,138,1,12,126.0,698,3731,17,13,15,0,0,0,2,13,221,5.496,39.4,3731.0,3.74,8.01,2,2.61,3,0
672,1,0.5,1,0,0,54,0.9,95,4,11,578.0,1143,667,17,8,14,0,0,0,0,11,136,1.974,71.16,166.75,7.07,71.87,2,1.33,0,0
892,1,0.5,0,0,1,47,0.4,94,1,18,655.0,1782,1241,12,3,9,1,0,1,1,18,36,2.716,146.04,1241.0,9.49,35.83,4,0.62,1,0
1778,0,0.5,0,0,1,23,0.5,101,6,11,1028.0,1445,3941,19,6,13,1,0,0,3,11,114,1.404,88.67,656.83,17.6,5.82,2,11.82,3,2
1130,1,2.5,0,4,1,58,0.1,132,5,14,88.0,1261,1018,17,1,16,1,0,0,0,18,17,14.169,70.23,203.6,8.56,53.01,3,12.72,1,1
1359,0,0.6,0,4,0,59,0.3,86,2,6,1692.0,1902,3142,19,3,17,0,1,1,3,10,57,1.123,127.28,1571.0,15.8,18.62,2,3.77,3,1
1866,1,2.5,1,3,1,47,0.8,89,5,9,358.0,1782,1444,7,4,20,1,0,0,1,12,28,4.964,227.2,288.8,20.97,31.12,4,18.05,1,2
1597,0,2.3,0,11,0,34,0.4,89,1,14,64.0,1667,934,16,10,9,0,1,0,0,25,160,25.646,98.13,934.0,17.94,33.59,1,2.15,0,2
1046,1,2.8,1,0,1,58,0.2,100,8,0,259.0,1040,3863,17,12,9,1,1,1,3,0,204,4.0,59.54,482.88,10.46,14.98,6,86.53,3,1
1035,0,0.6,1,2,1,44,0.5,99,3,3,236.0,1960,3506,14,5,12,1,1,0,3,5,70,8.27,131.61,1168.67,10.45,12.49,4,6.31,3,1
1175,1,1.3,0,2,0,19,0.3,164,7,9,873.0,1394,1944,9,4,9,1,1,0,1,11,36,1.595,164.48,277.71,7.16,9.51,3,17.69,1,1
1261,1,0.5,1,0,1,11,0.2,90,4,0,858.0,1591,348,14,9,14,1,0,1,0,0,126,1.852,120.51,87.0,14.01,25.01,5,0.7,0,1
1068,0,0.7,1,9,0,51,0.5,124,4,15,1405.0,1910,550,12,8,6,1,1,0,0,24,96,1.358,182.39,137.5,8.61,80.05,3,1.54,0,1
1713,0,3.0,1,5,1,20,0.9,104,7,17,237.0,890,971,11,10,10,1,0,0,0,22,110,3.739,76.75,138.71,16.47,19.08,3,20.39,0,2
1688,0,2.5,0,0,1,21,0.2,170,7,0,650.0,864,3984,17,14,8,1,1,1,3,0,238,1.327,60.07,569.14,9.93,5.26,4,69.72,3,2
1413,1,0.5,1,4,1,45,0.4,104,5,6,1942.125,1994,2973,17,8,15,1,0,1,3,10,136,1.026,154.64,594.6,13.59,14.98,5,7.43,2,1
559,1,0.5,0,10,0,11,0.4,82,5,14,541.0,823,2019,10,4,16,1,1,1,1,24,40,1.518,89.54,403.8,6.82,5.31,4,5.05,2,0
1483,1,2.6,1,13,0,19,0.6,146,7,19,361.0,1552,1587,9,4,19,0,0,0,1,32,36,4.287,159.34,226.71,10.16,11.52,2,28.88,1,1
860,1,1.6,1,13,0,48,0.5,187,7,18,335.0,1463,1870,17,2,18,1,0,0,1,31,34,4.354,83.38,267.14,4.6,24.92,3,20.94,1,0
1090,0,1.3,1,5,0,27,0.1,91,4,16,1638.0,1910,1352,5,1,11,0,1,0,1,21,5,1.165,419.36,338.0,11.98,19.01,2,7.03,1,1
686,1,0.5,0,11,0,3,0.3,91,6,15,1109.0,1392,570,7,6,19,0,1,0,0,26,42,1.254,222.47,95.0,7.54,4.57,2,1.71,0,0
818,0,1.3,0,14,0,43,0.9,177,6,15,111.0,510,546,12,6,7,1,1,1,0,29,72,4.554,40.15,91.0,4.62,67.91,3,4.26,0,0
1456,0,1.6,1,5,0,49,0.2,193,3,20,1285.0,1427,3624,12,11,16,1,1,0,3,25,132,1.11,147.72,1208.0,7.54,13.47,3,17.4,3,1
774,0,0.5,1,2,1,10,0.5,188,2,9,1480.0,1731,2944,8,6,2,1,1,1,2,11,48,1.169,253.05,1472.0,4.12,3.36,5,2.94,2,0
1068,0,0.5,1,0,1,19,0.9,197,8,9,322.0,875,1209,19,12,12,1,1,0,0,9,228,2.709,46.62,151.12,5.42,14.84,4,4.84,1,1
1373,1,1.9,1,1,1,29,0.9,141,6,12,1220.0,1348,2752,15,2,7,1,1,1,3,13,30,1.104,113.63,458.67,9.74,10.4,6,31.37,2,1
1777,1,3.0,0,3,0,20,0.6,188,6,5,511.0,616,3868,5,1,7,0,1,1,3,8,5,1.203,133.39,644.67,9.45,5.16,3,69.62,3,2
594,0,0.8,0,2,1,28,0.1,132,5,3,1011.0,1263,3087,16,4,4,1,1,1,2,5,64,1.248,95.16,617.4,4.5,8.99,4,12.35,3,0
1524,0,2.6,1,5,0,57,0.5,124,2,12,629.0,635,947,11,4,16,0,1,1,0,17,44,1.008,74.48,473.5,12.29,55.62,3,4.92,0,2
511,1,0.6,1,12,0,50,0.1,175,3,16,140.0,622,1484,9,7,8,1,0,0,0,28,63,4.411,63.76,494.67,2.92,32.27,3,2.67,1,0
1402,1,0.6,1,3,0,46,0.3,87,7,12,1081.0,1767,347,17,6,12,1,0,1,0,15,102,1.633,115.08,49.57,16.11,104.82,4,1.46,0,1
965,1,0.5,0,15,0,53,1.0,131,8,19,297.0,653,3227,12,6,8,1,0,0,2,34,72,2.191,55.18,403.38,7.37,16.3,2,12.91,3,0
1270,1,2.3,0,0,0,58,0.5,104,5,1,1512.0,1716,3299,13,4,16,0,0,1,3,1,52,1.134,163.36,659.8,12.21,17.46,2,37.94,3,1
919,0,0.5,1,11,0,13,0.3,159,1,15,275.0,570,1028,8,4,17,1,0,0,0,26,32,2.065,70.32,1028.0,5.78,11.78,2,0.51,1,0
1963,1,1.0,0,16,1,34,0.1,157,2,17,1136.0,1813,714,18,2,2,1,0,1,1,33,36,1.595,112.61,357.0,12.5,42.65,4,1.43,0,2
1977,0,1.3,1,2,0,31,0.4,173,8,6,1145.0,1356,2641,8,2,7,0,0,0,3,8,16,1.183,197.2,330.12,11.43,11.57,1,27.47,2,2
1881,0,2.2,0,4,0,51,0.3,158,5,7,477.0,1553,1229,12,6,14,1,0,0,1,11,72,3.249,124.97,245.8,11.91,39.22,1,13.52,1,2
683,0,0.7,0,5,0,19,0.9,173,4,17,954.0,1985,2622,16,3,5,0,0,1,2,22,48,2.079,129.55,655.5,3.95,7.14,1,7.34,2,0
772,0,2.6,1,7,0,6,0.1,100,2,10,741.0,1471,929,13,6,18,0,1,1,0,17,78,1.982,117.65,464.5,7.72,5.96,3,4.83,0,0
536,1,1.4,0,0,1,53,0.7,135,3,0,547.0,705,1211,15,10,7,1,0,1,0,0,150,1.286,55.77,403.67,3.97,41.32,4,5.09,1,0
1694,0,1.8,0,0,0,53,1.0,186,6,0,1194.0,1208,1653,7,5,6,1,0,0,2,0,35,1.011,212.31,275.5,9.11,30.92,1,17.85,1,2
1633,0,1.7,1,3,1,33,0.9,111,2,19,146.0,906,511,9,6,7,1,1,0,0,22,54,6.163,91.77,255.5,14.71,55.09,4,1.74,0,2
1371,0,0.5,0,4,0,52,0.5,167,4,19,471.0,663,3034,13,6,8,0,0,0,2,23,78,1.405,58.09,758.5,8.21,16.98,0,6.07,3,1
551,1,2.8,0,0,1,54,0.1,172,7,15,169.0,1916,1414,6,1,19,1,0,1,0,15,6,11.271,274.78,202.0,3.2,36.47,4,27.71,1,0
1221,0,0.5,0,1,1,28,0.5,139,1,7,1895.0,1976,2438,13,11,10,1,1,1,3,8,143,1.042,195.56,2438.0,8.78,11.29,4,1.22,2,1
1000,1,0.5,0,12,0,63,0.7,179,8,18,1537.0,1761,3744,11,1,7,0,0,1,3,30,11,1.145,194.78,468.0,5.59,16.77,2,14.98,3,1
1986,0,2.7,1,3,1,64,0.2,162,4,20,236.0,1520,1377,5,3,15,1,1,1,1,23,15,6.414,256.37,344.25,12.26,44.3,5,14.87,1,2
1119,0,0.5,1,0,1,23,0.4,164,4,1,821.0,915,3520,7,4,7,1,0,0,3,1,28,1.113,153.67,880.0,6.82,6.5,3,7.04,3,1
1699,0,0.5,1,1,0,59,0.5,97,4,3,466.0,1768,3796,17,10,12,0,1,1,3,4,170,3.786,101.58,949.0,17.52,15.5,3,7.59,3,2
1099,0,0.5,0,13,1,61,0.3,146,3,20,393.0,1096,1699,17,10,3,1,1,1,1,33,170,2.782,64.69,566.33,7.53,34.68,4,2.55,1,1
1576,0,2.6,0,7,0,58,0.2,90,3,16,400.0,631,336,14,8,13,1,1,1,0,23,112,1.574,49.81,112.0,17.51,135.47,3,2.62,0,2
950,1,0.5,0,9,0,55,0.1,156,5,10,774.0,843,1095,14,12,13,0,1,0,0,19,168,1.088,76.3,219.0,6.09,47.04,2,2.74,1,0
1081,1,2.5,1,13,0,49,1.0,99,3,17,284.0,519,325,9,1,6,0,0,1,0,30,9,1.821,59.16,108.33,10.92,117.4,3,2.44,0,1
606,0,2.5,0,1,1,53,0.2,146,4,2,465.0,1152,1223,19,12,7,1,0,0,0,3,228,2.472,62.12,305.75,4.15,40.95,2,12.23,1,0
502,0,1.5,1,7,0,37,0.2,199,2,12,705.0,1810,1649,6,1,14,0,1,0,1,19,6,2.564,277.49,824.5,2.52,21.63,2,4.95,1,0
957,1,0.7,0,0,1,4,0.1,160,2,0,38.0,1682,1898,12,4,3,1,1,0,1,0,48,43.128,129.42,949.0,5.98,2.05,4,2.66,1,0
1658,1,1.4,1,0,1,38,0.3,159,5,0,51.0,739,2609,12,11,19,1,0,0,2,0,132,14.212,56.98,521.8,10.43,14.35,4,18.26,2,2
1681,1,2.5,1,6,0,18,0.3,167,1,7,850.0,1005,2265,5,3,20,1,1,1,2,13,15,1.181,219.38,2265.0,10.07,7.79,5,5.66,2,2
1983,1,0.5,1,3,0,43,1.0,87,6,10,349.0,676,2775,9,4,3,0,1,1,2,13,36,1.931,76.08,462.5,22.79,15.3,4,8.32,2,2
1753,0,1.2,0,8,1,12,0.9,113,7,17,387.0,1595,1445,17,16,12,1,1,1,1,25,272,4.111,91.18,206.43,15.51,7.94,4,12.14,1,2
1632,1,1.4,0,0,0,41,0.1,132,4,1,706.0,1623,2614,5,4,15,1,0,0,2,1,20,2.296,294.98,653.5,12.36,15.46,2,14.64,2,2
1949,1,1.4,0,7,0,57,0.3,145,7,11,951.0,1178,356,5,3,19,0,0,0,0,18,15,1.237,252.33,50.86,13.44,127.33,1,3.49,0,2
1696,0,1.7,0,1,0,13,0.9,97,3,2,179.0,772,523,5,6,4,0,1,1,0,3,30,4.289,132.08,174.33,17.48,21.29,2,2.67,0,2
688,0,2.5,1,0,0,57,0.8,131,7,3,426.0,1964,3745,17,1,4,0,1,0,3,3,17,4.6,111.65,535.0,5.25,15.17,2,65.54,3,0
1104,0,1.7,0,1,1,60,0.4,199,2,13,653.0,1413,1229,6,6,3,1,1,1,0,14,36,2.161,222.37,614.5,5.55,46.15,4,4.18,1,1
1122,0,2.8,0,0,0,28,0.6,184,3,4,1578.0,1963,1402,14,10,3,0,1,0,1,4,140,1.243,167.91,467.33,6.1,19.06,1,11.78,1,1
504,1,0.5,1,2,1,46,0.9,172,5,14,280.0,1795,2085,13,5,8,1,0,0,1,16,65,6.388,129.76,417.0,2.93,21.53,4,5.21,2,0
1154,0,0.5,0,12,1,14,0.7,156,7,14,251.0,1801,587,8,3,4,1,1,1,0,26,24,7.147,202.05,83.86,7.4,20.79,4,2.05,0,1
1727,0,2.1,0,2,1,63,0.6,85,7,8,1463.0,1992,2457,19,13,7,1,0,1,3,10,247,1.361,123.58,351.0,20.32,25.21,3,36.12,2,2
1674,0,2.8,1,0,1,52,0.2,89,3,7,1432.0,1649,2030,7,6,6,1,0,0,2,7,42,1.151,273.0,676.67,18.81,24.97,3,17.05,2,2
1948,0,2.8,1,5,1,18,0.2,135,2,14,477.0,571,816,16,2,3,1,0,0,0,19,32,1.195,43.77,408.0,14.43,20.07,3,4.57,0,2
1218,1,2.8,1,3,0,39,0.8,150,7,14,1122.0,1746,1667,10,6,12,0,0,0,1,17,60,1.555,188.68,238.14,8.12,22.57,2,32.67,1,1
531,0,1.1,0,10,0,63,0.7,189,7,14,145.0,1903,2958,17,1,19,0,1,0,2,24,17,13.034,106.03,422.57,2.81,21.08,1,22.78,2,0
1057,0,2.1,0,4,0,5,0.5,154,5,13,416.0,1055,3705,6,4,13,1,0,0,3,17,24,2.53,162.01,741.0,6.86,1.34,1,38.9,3,1
576,0,1.2,0,1,0,30,0.8,162,8,5,847.0,893,2800,11,6,16,0,1,1,2,6,66,1.053,102.57,350.0,3.56,10.58,2,26.88,2,0
1960,1,2.1,0,1,0,7,0.2,165,7,9,868.0,877,3773,11,9,6,0,1,1,3,10,99,1.009,102.83,539.0,11.88,1.85,3,55.46,3,2
673,1,1.7,1,3,1,22,0.1,88,1,5,594.0,1088,2050,7,2,17,1,1,0,1,8,14,1.829,154.95,2050.0,7.65,10.47,5,3.48,2,0
718,0,0.7,1,0,1,21,0.8,88,1,7,518.0,830,1754,17,11,9,1,0,1,1,7,187,1.599,54.35,1754.0,8.16,11.58,4,1.23,1,0
864,0,1.7,0,3,1,35,0.3,103,3,7,663.0,1805,1904,12,8,13,1,1,1,1,10,96,2.718,147.92,634.67,8.39,17.86,4,9.71,1,0
547,0,1.9,1,1,0,37,0.4,154,5,4,371.0,541,2705,17,3,10,1,1,0,1,5,51,1.454,36.44,541.0,3.55,13.5,3,25.7,2,0
623,1,0.9,0,1,1,3,0.1,102,8,7,1749.0,1781,3537,16,13,3,1,0,1,3,8,208,1.018,146.83,442.12,6.11,0.84,4,25.47,3,0
1793,0,0.7,1,11,0,27,0.4,154,5,13,586.0,722,1370,16,3,19,1,0,1,1,24,48,1.23,54.7,274.0,11.64,18.78,3,4.79,1,2
1720,1,0.7,1,0,0,19,0.1,137,2,3,409.0,646,1222,13,2,7,0,0,0,1,3,26,1.576,54.61,611.0,12.55,14.69,2,1.71,1,2
812,0,0.5,1,1,0,64,1.0,106,4,7,35.0,1309,3102,6,6,2,0,0,0,2,8,36,36.361,187.07,775.5,7.66,20.45,1,6.2,3,0
980,1,0.5,0,0,1,33,0.9,160,6,0,1008.0,1758,2268,7,5,4,1,1,0,2,0,35,1.742,253.31,378.0,6.12,14.26,4,6.8,2,0
643,0,1.0,0,9,1,18,0.2,187,8,12,442.0,1079,2648,7,5,18,1,1,1,1,21,35,2.436,145.75,331.0,3.44,6.7,4,21.18,2,0
1925,0,3.0,1,0,1,16,0.8,175,8,11,983.0,1087,2173,7,3,19,1,1,0,2,11,21,1.105,183.19,271.62,11.0,7.2,4,52.15,2,2
1408,1,2.5,0,3,0,32,0.1,151,4,6,875.0,982,3162,19,18,3,1,0,0,3,9,342,1.121,65.76,790.5,9.32,10.04,2,31.62,3,1
1522,1,0.7,1,4,0,28,0.2,124,1,5,952.0,1191,1368,14,5,17,1,0,1,1,9,70,1.25,101.65,1368.0,12.27,19.5,4,0.96,1,2
587,1,2.5,0,16,1,51,0.6,111,1,17,244.0,1361,2746,10,4,7,1,0,1,2,33,40,5.555,125.7,2746.0,5.29,18.33,4,6.86,2,0
1959,0,0.5,1,5,0,18,0.7,191,6,20,65.0,1055,619,7,4,8,1,1,1,0,25,28,15.985,132.13,103.17,10.26,25.55,4,1.86,0,2
1872,0,0.5,1,3,0,17,0.7,89,6,6,1749.0,1767,724,17,3,9,1,0,1,1,9,51,1.01,138.12,120.67,21.03,21.06,3,2.17,0,2
1043,1,0.5,0,7,0,42,0.1,111,3,8,716.0,1626,912,16,9,6,0,1,0,0,15,144,2.268,104.51,304.0,9.4,42.4,2,1.37,0,1
1809,0,0.5,0,6,0,23,0.7,123,6,19,433.0,1661,2784,12,6,20,1,1,1,3,25,72,3.827,132.04,464.0,14.71,8.16,3,8.35,2,2
1703,1,0.5,0,5,1,23,0.2,92,6,7,134.0,521,793,7,3,17,1,1,0,0,12,21,3.859,67.24,132.17,18.51,26.3,4,2.38,0,2
1095,1,0.5,0,4,0,45,0.5,197,1,5,179.0,1247,560,9,1,10,1,1,0,0,9,9,6.928,125.98,560.0,5.56,69.57,3,0.28,0,1
1414,0,2.6,0,1,0,27,0.6,137,4,20,804.0,1564,312,5,2,8,0,0,1,0,21,10,1.943,293.09,78.0,10.32,66.72,1,3.24,0,1
1659,1,2.5,0,2,0,41,0.1,88,7,18,787.0,1515,545,12,6,9,0,1,1,0,20,72,1.923,131.32,77.86,18.85,64.85,3,9.54,0,2
1540,0,0.7,1,1,0,60,0.8,197,7,12,704.0,822,1591,19,6,2,1,0,1,1,13,114,1.166,54.11,227.29,7.82,36.28,3,7.8,1,2
1342,0,1.0,0,0,1,31,0.6,86,7,1,991.0,1638,2746,15,5,10,1,1,0,3,1,75,1.651,119.65,392.29,15.6,11.14,3,19.22,2,1
1189,1,2.3,0,13,0,8,0.5,198,3,14,379.0,932,893,9,6,13,1,1,0,0,27,54,2.453,100.61,297.67,6.01,8.23,3,6.16,0,1
518,1,2.4,0,0,1,62,0.6,128,6,0,489.0,710,2514,16,12,7,1,1,1,1,0,192,1.449,50.71,419.0,4.05,24.27,5,36.2,2,0
1449,0,0.8,1,3,1,10,0.2,144,1,12,1518.0,1883,1032,10,6,8,1,1,1,1,15,60,1.24,219.88,1032.0,10.06,9.03,5,0.83,1,1
516,0,1.1,1,0,1,39,0.4,91,5,7,855.0,1401,819,8,6,10,1,1,1,0,7,48,1.637,182.37,163.8,5.67,43.34,5,4.5,0,0
1569,0,0.8,1,8,0,59,0.9,111,3,16,1261.0,1383,3672,15,2,15,1,0,1,3,24,30,1.096,116.97,1224.0,14.14,16.01,3,8.81,3,2
1312,1,0.8,1,0,0,24,0.9,156,6,0,115.0,1791,3833,14,13,17,0,1,0,3,0,182,15.44,119.65,638.83,8.41,6.24,3,18.4,3,1
1893,1,0.5,1,1,0,23,0.1,179,8,3,1203.0,1432,1482,15,7,17,0,1,0,2,4,105,1.189,116.89,185.25,10.58,14.86,3,5.93,1,2
1076,0,2.5,0,3,0,14,0.2,105,5,4,545.0,1300,2043,7,5,14,0,0,0,1,7,35,2.381,176.2,408.6,10.25,6.68,0,25.54,2,1
530,1,2.6,0,1,0,40,0.9,118,6,2,818.0,1090,1229,16,11,2,0,1,0,0,3,176,1.331,80.16,204.83,4.49,30.76,2,19.17,1,0
1044,1,2.8,1,7,0,33,0.6,129,4,13,42.0,1262,1816,17,16,15,1,0,1,1,20,272,29.349,70.15,454.0,8.09,17.61,4,20.34,1,1
1330,0,1.1,0,11,0,37,0.7,126,7,20,1103.0,1637,2166,10,1,4,1,0,0,2,31,10,1.483,179.45,309.43,10.56,16.7,1,16.68,2,1
1836,0,1.1,1,0,0,14,0.7,104,5,1,168.0,1068,2469,18,6,7,1,1,1,2,1,108,6.32,56.9,493.8,17.65,5.58,4,13.58,2,2
1741,1,0.5,0,1,1,55,0.1,140,5,3,719.0,755,2575,13,10,7,1,1,1,2,4,130,1.049,74.47,515.0,12.44,21.04,5,6.44,2,2
1869,0,2.6,0,0,1,30,0.4,152,1,13,163.0,874,1375,15,3,19,1,0,0,1,13,45,5.329,55.57,1375.0,12.3,20.79,2,3.58,1,2
1331,0,0.5,0,8,0,55,0.9,146,3,15,1162.0,1531,1732,6,2,11,1,0,1,1,23,12,1.316,274.58,577.33,9.12,30.7,2,2.6,1,1
1655,1,0.5,1,6,1,4,0.1,105,3,12,626.0,1348,673,10,3,12,1,0,0,0,18,30,2.15,135.11,224.33,15.76,5.28,4,1.01,0,2
605,0,1.5,0,9,1,18,0.9,162,2,14,329.0,656,2301,15,9,8,1,0,0,1,23,135,1.988,45.87,1150.5,3.73,7.67,2,6.9,2,0
1245,1,0.6,0,2,0,30,0.7,105,5,3,330.0,1434,2676,17,8,7,1,0,0,2,5,136,4.332,81.75,535.2,11.86,11.06,2,8.03,2,1
1709,1,0.8,0,8,1,58,0.8,136,2,10,956.0,1292,1781,18,3,17,1,0,0,2,18,54,1.35,84.59,890.5,12.57,31.53,3,2.85,1,2
846,1,2.6,0,0,1,58,0.1,123,4,15,1140.0,1983,2248,16,8,13,1,0,0,2,15,128,1.738,134.55,562.0,6.88,25.27,3,23.38,2,0
1403,1,2.5,1,3,0,62,0.9,90,4,13,217.0,1623,921,14,13,18,1,0,0,0,16,182,7.445,109.16,230.25,15.59,62.04,3,9.21,0,1
688,1,1.5,0,0,0,2,1.0,89,3,2,271.0,869,391,5,2,8,1,1,1,0,2,10,3.195,151.71,130.33,7.73,4.15,4,1.76,0,0
775,1,2.5,1,1,1,10,0.1,185,7,14,444.0,1555,1719,19,3,18,1,1,1,1,15,57,3.494,80.86,245.57,4.19,5.62,6,30.08,1,0
1154,0,2.0,0,6,1,35,0.8,159,5,16,1003.0,1827,3262,16,15,16,1,0,0,3,22,240,1.82,122.6,652.4,7.26,10.65,2,32.62,3,1
1375,0,0.5,1,2,1,35,0.1,194,2,3,227.0,772,1947,15,13,15,1,1,1,1,5,195,3.386,50.29,973.5,7.09,17.49,5,1.95,1,1
1827,1,0.8,0,4,0,61,0.9,130,7,9,253.0,1764,2693,8,3,7,0,1,1,3,13,24,6.945,198.01,384.71,14.05,22.35,3,15.08,2,2
1697,0,0.5,0,0,1,60,0.1,90,4,0,88.0,1046,441,15,1,11,1,1,0,0,0,15,11.753,65.61,110.25,18.86,113.07,3,0.88,0,2
741,0,1.5,0,1,0,14,0.3,178,5,13,334.0,594,1886,19,11,9,1,1,1,0,14,209,1.773,34.07,377.2,4.16,7.21,3,14.14,1,0
1672,1,0.5,1,13,1,32,0.7,174,1,20,1281.0,1896,1267,17,4,20,1,1,0,1,33,68,1.479,127.12,1267.0,9.61,23.93,5,0.63,1,2
514,1,0.7,0,4,0,57,0.1,186,3,7,168.0,1320,687,6,6,20,1,1,1,0,11,36,7.811,190.09,229.0,2.76,73.94,4,1.44,0,0
1375,1,1.3,1,2,0,12,0.1,105,1,13,898.0,1687,2890,17,1,12,0,0,0,3,15,17,1.877,106.17,2890.0,13.1,4.11,2,3.76,2,1
989,1,1.8,1,4,1,55,0.7,124,1,12,46.0,1069,1737,8,5,10,1,0,1,1,16,40,22.745,118.89,1737.0,7.98,30.62,5,3.13,1,0
1510,1,2.5,1,11,0,47,0.7,138,2,13,118.0,1170,887,18,6,5,0,0,0,0,24,108,9.832,61.89,443.5,10.94,48.64,2,4.43,0,2
1266,0,2.6,0,1,0,18,0.4,86,7,2,1187.0,1595,398,16,8,3,1,1,1,0,3,128,1.343,116.95,56.86,14.72,36.83,3,7.24,0,1
1396,0,2.4,1,0,0,46,0.1,138,7,1,1191.0,1347,2389,7,3,15,0,0,1,2,1,21,1.13,224.75,341.29,10.12,18.91,2,40.14,2,1
808,0,2.3,0,3,0,45,0.8,161,1,9,526.0,1324,3431,15,6,13,0,1,1,3,12,90,2.512,89.04,3431.0,5.02,13.04,2,7.89,3,0
1542,0,2.3,0,1,0,43,0.8,182,2,11,346.0,966,3601,14,4,16,0,0,0,3,12,56,2.784,68.41,1800.5,8.47,11.89,0,16.56,3,2
745,1,0.6,1,5,0,35,0.8,102,8,10,89.0,1538,2459,14,1,16,1,1,0,1,15,14,17.089,102.7,307.38,7.3,13.99,4,11.8,2,0
1735,1,1.9,1,0,1,59,0.7,148,6,0,137.0,846,3230,6,1,9,1,1,0,3,0,6,6.13,122.43,538.33,11.72,18.13,5,36.82,3,2
586,0,0.5,1,1,0,57,0.3,188,2,5,1226.0,1389,3646,15,4,11,1,1,1,3,6,60,1.132,115.79,1823.0,3.12,15.57,4,3.65,3,0
1341,1,2.1,1,0,0,36,0.4,107,8,1,473.0,574,2200,18,14,15,0,1,0,1,1,252,1.211,39.15,275.0,12.53,16.01,3,36.96,2,1
781,1,1.3,1,1,0,64,0.2,88,2,7,368.0,607,3862,17,10,9,0,0,0,3,8,170,1.645,39.44,1931.0,8.88,16.53,2,10.04,3,0
501,1,0.5,1,14,0,22,0.5,174,6,20,239.0,1636,3077,17,3,17,0,0,0,2,34,51,6.817,91.85,512.83,2.88,7.09,2,9.23,3,0
1224,1,1.8,1,2,1,44,0.2,139,2,9,622.0,709,621,11,4,14,1,1,1,0,11,44,1.138,78.6,310.5,8.81,62.28,6,2.24,0,1
1970,0,1.6,1,11,1,58,0.3,80,8,19,654.0,882,2372,14,12,2,1,1,0,2,30,168,1.347,73.2,296.5,24.62,24.0,4,30.36,2,2
618,1,2.2,1,0,1,63,0.9,138,2,1,853.0,1781,2574,14,3,5,1,1,0,2,1,42,2.085,131.65,1287.0,4.48,24.1,5,11.33,2,0
1537,0,2.9,0,11,1,46,0.8,158,4,17,686.0,1305,2857,17,14,2,1,1,1,3,28,238,1.9,81.91,714.25,9.73,15.92,4,33.14,2,2
1018,0,2.2,0,8,0,16,0.6,153,8,10,992.0,1433,3143,17,12,20,0,1,0,3,18,204,1.443,96.83,392.88,6.65,5.05,1,55.32,3,1
1545,0,1.3,1,15,1,35,0.1,173,5,20,115.0,1352,3197,14,9,6,1,0,1,3,35,126,11.655,90.46,639.4,8.93,10.86,4,20.78,3,2
1871,0,2.1,0,4,1,41,0.4,144,8,5,275.0,1966,2727,15,8,11,1,0,0,3,9,120,7.123,124.07,340.88,12.99,14.84,2,45.81,2,2
1729,1,2.1,1,1,0,12,0.9,186,1,6,461.0,1178,1519,9,4,5,1,0,1,1,7,36,2.55,126.5,1519.0,9.3,7.58,4,3.19,1,2
680,1,2.1,1,9,1,9,0.1,131,3,11,1428.0,1500,2438,14,2,17,1,0,0,2,20,28,1.05,138.07,812.67,5.19,3.63,4,15.36,2,0
1106,1,1.9,0,4,0,54,0.7,107,3,9,614.0,1212,2674,9,3,9,1,0,1,2,13,27,1.971,135.87,891.33,10.34,19.92,3,15.24,2,1
635,1,0.6,1,1,1,50,0.3,97,5,13,193.0,989,2107,13,12,12,1,0,0,1,14,156,5.098,71.98,421.4,6.55,23.17,4,6.32,2,0
618,0,0.6,0,8,0,16,0.2,143,1,14,1105.0,1602,2262,16,15,4,0,1,0,2,22,240,1.448,114.48,2262.0,4.32,6.93,1,1.36,2,0
1671,0,0.5,1,13,0,5,0.9,179,8,18,398.0,1263,815,16,6,10,1,1,1,0,31,96,3.165,77.9,101.88,9.34,5.58,4,3.26,0,2
1562,1,1.2,1,0,1,52,0.1,105,7,9,480.0,728,2829,13,10,3,1,1,1,2,9,130,1.514,62.29,404.14,14.88,18.16,6,23.76,2,2
1975,1,1.9,1,2,0,31,0.9,151,1,17,775.0,1607,3022,13,5,19,0,0,1,3,19,65,2.071,127.44,3022.0,13.08,10.16,3,5.74,3,2
831,1,0.7,0,2,1,62,0.7,134,8,9,1482.0,1490,2573,16,12,18,1,0,1,2,11,192,1.005,123.62,321.62,6.2,23.73,4,14.41,2,0
1524,1,1.8,1,0,0,10,0.6,174,4,1,154.0,550,2678,16,5,13,1,0,1,2,1,80,3.548,33.6,669.5,8.76,3.68,4,19.28,2,2
1528,1,1.8,1,3,1,55,0.8,129,5,6,454.0,1762,1282,11,9,11,1,1,1,1,9,99,3.873,151.63,256.4,11.84,40.68,6,11.54,1,2
1447,1,2.5,1,2,0,9,0.2,155,8,16,737.0,1455,568,12,11,8,0,0,0,0,18,132,1.972,125.46,71.0,9.34,13.75,2,11.36,0,1
1344,0,1.5,0,1,0,14,0.5,190,1,3,419.0,556,2074,8,1,5,1,1,0,1,4,8,1.324,77.36,2074.0,7.07,6.59,2,3.11,2,1
564,0,3.0,1,1,0,8,0.7,130,2,3,853.0,1737,2227,9,2,14,1,0,1,1,4,18,2.034,193.51,1113.5,4.34,3.52,3,13.36,2,0
921,0,0.6,1,1,0,60,0.1,83,2,3,1211.0,1229,1080,10,6,6,0,0,1,0,4,60,1.014,156.85,540.0,11.1,51.96,2,1.3,1,0
1413,1,1.7,0,2,0,10,0.2,200,6,6,314.0,1606,2867,5,4,15,0,1,0,2,8,20,5.098,272.73,477.83,7.06,3.45,2,29.24,2,1
831,0,2.4,0,10,0,55,0.5,86,6,12,172.0,1239,1075,12,11,3,1,1,0,0,22,132,7.162,96.22,179.17,9.66,47.83,2,15.48,1,0
802,0,0.5,1,3,0,43,0.6,153,5,6,527.0,734,3063,17,13,4,0,1,0,2,9,221,1.39,50.2,612.6,5.24,13.91,2,7.66,3,0
1923,0,1.3,0,3,0,24,1.0,86,4,4,874.0,1264,2479,9,2,15,1,1,0,2,7,18,1.445,153.67,619.75,22.36,9.52,2,12.89,2,2
1193,1,3.0,0,10,0,56,0.4,196,3,17,674.0,864,2394,19,11,14,1,1,0,2,27,209,1.28,54.79,798.0,6.09,22.97,3,21.55,2,1
904,1,1.2,1,10,1,31,0.8,112,3,11,657.0,1014,2814,13,3,19,1,0,0,2,21,39,1.541,86.3,938.0,8.07,10.88,4,10.13,2,0
1285,0,2.4,0,1,1,51,1.0,140,7,2,475.0,500,2094,8,6,10,1,0,0,1,3,48,1.05,76.63,299.14,9.18,23.78,2,35.18,2,1
1635,0,2.6,1,0,1,2,0.6,182,4,0,1209.0,1411,2315,10,1,2,1,1,0,2,0,10,1.166,168.92,578.75,8.98,0.85,4,24.08,2,2
1923,0,1.0,1,5,1,14,0.9,154,4,6,15.0,525,2519,13,6,16,1,0,1,2,11,78,32.812,37.52,629.75,12.49,5.47,4,10.08,2,2
1851,1,1.9,1,3,1,12,0.9,198,6,11,293.0,1967,735,7,6,14,1,0,1,0,14,42,6.69,248.59,122.5,9.35,14.67,5,8.38,0,2
727,1,1.5,0,0,1,32,1.0,131,7,1,813.0,1377,1891,19,13,7,1,0,1,1,1,247,1.692,79.95,270.14,5.55,16.44,4,19.86,1,0
1396,0,1.5,1,0,1,44,0.1,118,6,1,173.0,1843,1386,7,1,8,1,1,1,1,1,7,10.592,231.39,231.0,11.83,30.27,5,12.47,1,1
877,0,1.3,1,9,1,46,0.8,135,1,14,457.0,652,3260,14,12,6,1,0,0,2,23,168,1.424,53.08,3260.0,6.5,14.01,3,4.24,3,0
696,1,2.4,0,11,1,35,0.2,103,3,13,533.0,797,2022,14,11,4,1,0,1,1,24,154,1.493,63.92,674.0,6.76,16.87,4,14.56,2,0
1009,1,1.0,1,2,0,2,0.6,102,8,14,912.0,1043,1716,7,5,15,0,0,0,1,16,35,1.142,173.19,214.5,9.89,1.13,2,13.73,1,1
1526,0,1.1,1,2,1,38,0.3,116,5,6,798.0,1418,3317,7,1,8,1,1,1,3,8,7,1.775,203.39,663.4,13.16,11.38,5,18.24,3,2
987,0,2.0,1,1,0,20,0.8,192,7,3,412.0,565,1454,11,3,8,1,1,0,0,4,33,1.368,58.27,207.71,5.14,13.16,3,20.36,1,0
1414,1,2.2,1,0,1,49,0.5,101,4,1,130.0,887,2290,13,6,12,1,1,0,1,1,78,6.771,64.03,572.5,14.0,20.97,5,20.15,2,1
1732,0,0.8,0,2,0,61,0.3,172,5,3,201.0,656,3940,17,11,20,0,1,1,3,5,187,3.248,38.12,788.0,10.07,15.45,2,15.76,3,2
1587,1,0.5,0,0,0,50,0.9,148,8,15,299.0,874,461,17,4,4,1,0,1,0,15,68,2.913,51.32,57.62,10.72,90.88,3,1.84,0,2
1097,0,0.8,0,10,1,21,0.1,160,7,15,1277.0,1352,2219,15,6,12,1,0,1,2,25,90,1.058,116.23,317.0,6.86,9.26,3,12.43,2,1
504,0,2.8,1,0,0,40,0.5,178,3,0,626.0,1195,470,6,6,16,1,0,0,0,0,36,1.906,192.72,156.67,2.83,71.56,2,3.95,0,0
1159,0,2.7,0,13,1,28,0.2,80,8,18,378.0,751,2495,10,6,9,1,1,1,2,31,60,1.982,76.43,311.88,14.49,11.04,4,53.89,2,1
1910,0,1.4,0,0,0,29,0.6,146,7,2,333.0,639,2944,8,7,2,1,1,1,2,2,56,1.913,80.06,420.57,13.08,9.75,3,28.85,2,2
865,0,1.2,1,8,0,59,0.1,159,3,9,805.0,1804,2361,16,11,19,1,0,1,2,17,176,2.238,116.2,787.0,5.44,24.53,3,8.5,2,0
1930,1,2.0,0,11,0,16,0.8,186,8,12,1901.0,1920,1783,17,3,13,0,0,1,2,23,51,1.009,150.1,222.88,10.38,8.69,2,28.53,1,2
860,1,1.3,1,8,1,40,0.7,170,3,13,1573.0,1581,2832,13,7,20,1,1,1,2,21,91,1.004,159.3,944.0,5.06,13.96,6,11.04,2,0
1268,1,2.9,0,9,1,42,0.9,182,6,17,360.0,912,931,11,5,20,1,1,0,0,26,55,2.526,81.71,155.17,6.97,41.62,4,16.2,0,1
999,1,1.8,1,0,1,27,0.1,167,4,1,20.0,745,1344,17,10,5,1,0,0,0,1,170,35.476,41.4,336.0,5.98,19.12,4,9.68,1,0
622,0,0.7,0,0,1,9,0.3,127,2,0,98.0,511,3916,13,1,5,1,0,1,2,0,13,5.162,37.17,1958.0,4.9,2.29,3,5.48,3,0
1250,1,1.4,0,8,0,44,0.2,182,7,20,703.0,1011,1882,14,1,14,0,0,0,1,28,14,1.436,82.09,268.86,6.87,22.71,1,18.44,1,1
763,1,0.5,0,9,1,51,0.3,104,5,12,273.0,1278,2865,11,6,9,1,1,1,2,21,66,4.664,108.9,573.0,7.34,17.6,5,7.16,2,0
1100,1,1.6,0,12,0,15,0.1,112,8,14,919.0,1344,757,12,2,16,1,1,1,0,26,24,1.461,125.24,94.62,9.82,17.87,4,9.69,0,1
815,0,2.0,1,4,0,51,0.3,85,6,12,982.0,1291,3469,5,4,6,1,0,1,3,16,20,1.313,270.34,578.17,9.59,14.62,3,41.63,3,0
618,1,0.5,1,2,1,57,0.2,88,3,7,879.0,896,2399,18,15,17,1,1,1,1,9,270,1.018,66.06,799.67,7.02,23.33,6,3.6,2,0
553,1,2.2,1,0,1,18,0.7,136,2,1,1287.0,1892,3300,12,10,20,1,0,0,3,1,120,1.469,176.02,1650.0,4.07,5.42,4,14.52,3,0
673,1,2.2,1,2,0,3,0.4,84,2,9,1109.0,1247,2719,19,2,9,1,1,1,2,11,38,1.123,83.44,1359.5,8.01,1.09,5,11.96,2,0
563,0,2.0,1,3,0,47,0.3,115,7,12,211.0,684,3012,14,4,15,1,0,0,2,15,56,3.226,47.72,430.29,4.9,15.45,2,42.17,3,0
1590,0,1.5,1,12,1,14,0.5,187,4,15,1058.0,1109,2836,6,5,4,1,0,0,3,27,30,1.047,218.96,709.0,8.5,4.88,3,17.02,2,2
1031,1,2.1,1,2,1,11,0.1,121,2,9,532.0,1247,2385,11,7,16,1,0,0,2,11,77,2.34,112.98,1192.5,8.52,4.53,4,10.02,2,1
909,1,0.5,1,9,0,30,0.4,97,3,10,290.0,773,594,12,6,4,1,1,1,0,19,72,2.656,63.51,198.0,9.37,44.11,5,0.89,0,0
1880,0,0.5,0,0,1,7,0.6,104,4,1,890.0,1019,2968,9,6,3,1,1,0,3,1,54,1.144,135.29,742.0,18.08,2.33,3,5.94,2,2
1479,1,1.8,1,0,1,24,0.1,146,6,0,327.0,645,3762,12,10,5,1,0,0,3,0,120,1.966,55.63,627.0,10.13,6.36,4,40.63,3,1
1271,0,1.5,1,0,0,2,0.9,161,1,1,1260.0,1788,892,15,13,20,0,1,0,1,1,195,1.418,136.71,892.0,7.89,2.06,2,1.34,0,1
709,0,1.9,0,11,1,13,0.1,81,8,15,570.0,1422,467,17,11,5,1,1,1,0,26,187,2.49,85.11,58.38,8.75,23.38,4,7.1,0,0
1744,0,2.8,0,0,1,62,0.7,158,1,0,621.0,1558,345,10,6,14,1,0,0,0,0,60,2.505,152.47,345.0,11.04,141.9,2,0.97,0,2
1314,1,2.2,0,0,1,40,0.8,116,7,1,328.0,1858,3033,9,8,17,1,1,1,3,1,72,5.647,188.67,433.29,11.33,13.06,5,46.71,3,1
1136,0,0.5,0,0,1,9,0.9,150,6,2,1307.0,1767,2110,9,5,16,1,0,1,2,2,45,1.351,219.78,351.67,7.57,4.17,3,6.33,2,1
1039,1,2.7,0,11,0,56,0.3,125,8,13,497.0,618,3105,14,8,5,0,1,1,2,24,112,1.241,52.87,388.12,8.31,17.88,3,67.07,3,1
1300,1,0.5,0,5,0,62,0.1,156,6,7,219.0,1037,874,15,3,10,1,1,0,0,12,45,4.714,66.24,145.67,8.33,65.02,3,2.62,0,1
732,1,2.3,1,7,1,39,0.6,188,7,11,1163.0,1554,3681,19,3,15,1,1,1,3,18,57,1.335,97.05,525.86,3.89,10.56,6,59.26,3,0
511,0,0.7,1,1,1,52,0.7,180,2,10,24.0,759,3865,8,3,7,1,0,1,2,11,24,30.36,84.38,1932.5,2.84,13.42,4,5.41,3,0
1092,1,0.5,1,10,0,11,0.5,167,3,14,468.0,571,737,14,4,11,0,1,0,0,24,56,1.217,49.22,245.67,6.54,13.42,3,1.11,0,1
921,1,2.2,1,12,1,10,0.1,170,7,18,1272.0,1469,3153,8,2,11,1,1,0,3,30,16,1.154,215.91,450.43,5.42,3.15,5,48.56,3,0
1030,1,0.5,0,4,1,37,0.7,147,1,8,503.0,551,2800,8,6,12,1,0,1,2,12,48,1.093,82.9,2800.0,7.01,13.05,4,1.4,2,1
1130,0,1.8,1,0,0,27,0.9,101,1,8,1495.0,1579,315,14,5,11,1,1,0,0,8,70,1.055,144.96,315.0,11.19,66.24,3,0.57,0,1
1299,0,2.8,1,2,0,60,0.8,187,8,6,1333.0,1838,1412,13,1,20,0,1,1,1,8,13,1.378,162.18,176.5,6.95,40.57,3,31.63,1,1
1009,1,2.8,1,7,1,2,0.6,115,7,15,267.0,1841,2286,19,8,13,1,0,0,2,22,152,6.869,93.01,326.57,8.77,0.86,4,44.81,2,1
1735,0,1.8,1,16,0,34,0.1,140,2,17,149.0,876,2392,17,15,19,1,0,1,2,33,255,5.84,49.37,1196.0,12.39,13.96,3,8.61,2,2
1129,1,2.8,1,0,0,49,0.5,185,2,2,1070.0,1079,1857,8,4,5,1,1,1,1,2,32,1.007,168.84,928.5,6.1,25.61,5,10.4,1,1
708,0,1.9,0,0,0,26,0.3,116,7,1,206.0,620,1419,10,6,16,1,1,1,0,1,60,2.995,59.39,202.71,6.1,17.5,3,18.87,1,0
894,0,0.7,0,2,1,58,0.1,123,2,3,158.0,747,3305,12,7,2,1,0,0,2,5,84,4.698,58.73,1652.5,7.27,17.43,2,4.63,3,0
530,0,2.4,0,1,0,32,0.3,88,6,20,48.0,1012,959,17,7,6,0,1,0,0,21,119,20.653,56.29,159.83,6.02,30.87,1,13.81,0,0
1481,1,2.0,1,0,0,35,0.5,105,3,0,249.0,522,2635,17,16,4,1,0,1,2,0,272,2.088,32.13,878.33,14.1,13.09,4,15.81,2,1
1068,0,2.7,1,0,1,45,0.6,194,5,1,935.0,1499,1754,17,7,9,1,0,1,1,1,119,1.601,98.15,350.8,5.51,24.82,4,23.68,1,1
1487,0,0.5,0,6,1,57,0.7,84,3,12,140.0,768,2563,18,4,14,1,0,0,2,18,72,5.447,41.09,854.33,17.7,21.9,2,3.84,2,1
1524,0,2.5,1,11,1,41,1.0,96,4,20,184.0,740,1936,7,6,9,1,1,1,1,31,42,4.0,95.32,484.0,15.88,20.6,5,19.36,1,2
1093,0,1.9,1,2,1,22,0.3,196,8,14,238.0,807,1869,8,5,4,1,1,1,1,16,40,3.377,93.48,233.62,5.58,11.43,5,28.41,1,1
1816,1,1.6,1,0,0,50,0.1,186,5,2,800.0,1089,3637,11,7,16,0,0,1,3,2,77,1.36,112.61,727.4,9.76,13.69,3,29.1,3,2
627,0,1.8,0,2,0,20,0.8,142,3,8,211.0,507,896,17,6,14,0,0,0,0,10,102,2.392,30.51,298.67,4.42,20.51,0,4.84,0,0
989,1,0.7,0,13,1,51,0.4,132,3,15,670.0,804,2349,10,1,20,1,0,1,1,28,10,1.198,95.14,783.0,7.49,21.3,4,4.93,2,0
1895,0,0.5,0,2,1,5,0.7,134,1,11,725.0,1335,774,15,4,6,1,1,0,1,13,60,1.839,94.95,774.0,14.14,5.84,3,0.39,0,2
805,1,1.7,1,0,1,58,0.9,168,3,10,81.0,1544,3397,7,6,2,1,0,0,2,10,42,18.829,193.27,1132.33,4.79,16.97,4,17.32,3,0
713,1,1.6,0,7,1,2,0.4,181,8,9,1211.0,1378,485,10,6,4,1,1,1,0,16,60,1.137,166.77,60.62,3.94,3.49,5,6.21,0,0
864,0,2.5,0,10,1,24,0.7,148,4,15,1362.0,1378,3964,13,8,12,1,1,0,3,25,104,1.011,138.39,991.0,5.84,6.04,3,39.64,3,0
1177,0,0.9,0,1,0,11,1.0,181,4,7,945.0,1923,1887,8,5,11,1,1,1,1,8,40,2.033,238.07,471.75,6.5,5.66,3,6.79,1,1
582,0,0.5,0,8,0,32,0.7,107,3,11,1043.0,1702,2977,6,1,20,0,1,1,2,19,6,1.63,285.17,992.33,5.44,10.64,2,4.47,2,0
1898,0,1.8,1,3,1,56,0.2,185,7,4,444.0,739,2114,10,5,19,1,1,1,2,7,50,1.661,78.37,302.0,10.26,25.87,5,26.64,2,2
1158,0,0.7,1,1,1,29,0.7,123,2,20,311.0,1796,1542,17,9,15,1,0,1,1,21,153,5.756,101.26,771.0,9.41,18.06,4,2.16,1,1
1451,1,0.5,0,5,1,57,0.6,181,8,12,812.0,1456,3038,15,7,18,1,0,1,3,17,105,1.791,104.19,379.75,8.02,18.59,4,12.15,3,1
1820,1,1.4,0,5,0,51,0.9,163,7,10,202.0,1884,2481,11,9,11,0,0,0,2,15,99,9.281,157.9,354.43,11.17,20.22,1,24.31,2,2
984,0,0.5,1,3,1,9,0.8,140,3,20,531.0,707,841,18,15,16,1,0,0,0,23,270,1.329,46.54,280.33,7.03,9.77,3,1.26,0,0
580,1,2.1,1,0,0,24,0.4,135,4,5,404.0,898,3565,12,11,8,1,0,1,2,5,132,2.217,75.75,891.25,4.3,6.7,4,29.95,3,0
1263,1,2.0,0,0,0,5,0.4,146,6,3,954.0,1609,1958,9,6,4,1,1,1,2,3,54,1.685,187.06,326.33,8.65,2.48,4,23.5,1,1
1237,0,0.5,0,2,0,27,0.1,87,8,5,274.0,603,2454,14,6,8,1,1,1,2,7,84,2.193,44.16,306.75,14.22,10.82,3,9.82,2,1
514,1,1.6,0,7,1,37,0.1,172,1,9,956.0,1723,3392,12,8,5,1,1,1,3,16,96,1.8,151.57,3392.0,2.99,10.84,5,5.43,3,0
1515,0,2.6,0,0,1,56,0.9,184,3,1,1438.0,1593,262,14,4,20,1,1,0,0,1,56,1.107,143.07,87.33,8.23,157.37,3,2.04,0,2
721,0,0.5,1,6,1,6,0.4,194,4,9,1446.0,1988,530,8,4,8,1,0,1,0,15,32,1.374,273.14,132.5,3.72,9.72,4,1.06,0,0
603,1,2.5,1,3,0,35,0.7,126,3,16,692.0,1057,3703,13,1,9,0,0,1,3,19,13,1.525,90.24,1234.33,4.79,9.42,3,27.77,3,0
1426,1,2.5,0,2,1,55,0.4,109,1,7,777.0,1032,2562,5,1,3,1,0,0,2,9,5,1.326,215.3,2562.0,13.08,21.14,3,6.4,2,1
1820,1,1.7,1,0,1,64,0.6,161,1,3,1157.0,1951,574,10,2,18,1,1,0,1,3,20,1.685,206.21,574.0,11.3,96.89,5,0.98,0,2
1215,0,1.0,0,4,0,16,0.1,130,4,8,454.0,1473,2632,7,1,15,0,0,1,2,12,7,3.237,192.67,658.0,9.35,5.99,1,10.53,2,1
697,0,2.7,1,5,1,20,0.4,173,2,6,478.0,1477,259,12,6,4,1,1,1,0,11,72,3.084,119.42,129.5,4.03,56.67,5,1.4,0,0
717,1,0.5,1,4,0,10,0.6,198,1,5,217.0,1106,688,10,7,15,0,1,0,0,9,70,5.073,102.46,688.0,3.62,12.96,3,0.34,0,0
1348,1,2.0,1,5,0,36,0.3,145,6,6,468.0,741,2554,19,1,12,0,1,0,2,11,19,1.58,43.82,425.67,9.3,13.88,3,30.65,2,1
1164,1,2.6,1,0,0,61,0.3,88,1,6,1107.0,1656,3859,11,10,17,0,1,0,3,6,110,1.495,165.99,3859.0,13.23,15.77,3,10.03,3,1
578,1,0.5,0,9,1,62,0.3,170,5,13,626.0,1134,2977,15,12,5,1,1,1,2,22,180,1.809,80.96,595.4,3.4,20.62,5,7.44,2,0
1971,1,0.5,1,0,0,40,0.3,186,7,19,485.0,922,571,8,7,17,1,1,0,0,19,56,1.897,115.75,81.57,10.6,60.83,4,2.0,0,2
1794,1,0.5,1,5,1,55,0.5,86,7,7,43.0,627,402,14,7,14,1,0,1,0,12,98,14.25,41.9,57.43,20.86,111.66,5,1.41,0,2
1558,1,2.5,0,2,1,32,0.1,114,5,3,322.0,1385,878,16,5,17,1,1,1,0,5,80,4.288,83.64,175.6,13.67,33.42,5,10.98,0,2
1597,1,0.9,0,4,1,4,0.5,85,1,19,880.0,1145,2130,8,3,15,1,1,0,2,23,24,1.3,160.46,2130.0,18.79,1.83,4,1.92,2,2
1240,0,1.6,0,0,0,39,0.1,146,2,9,1511.0,1756,3260,13,1,17,0,0,1,3,9,13,1.161,165.47,1630.0,8.49,11.88,1,10.43,3,1
1994,1,0.8,1,2,1,7,0.6,88,8,4,667.0,711,454,11,8,6,1,1,0,0,6,88,1.064,81.24,56.75,22.66,12.88,5,2.91,0,2
1221,0,2.3,0,7,1,35,0.4,152,7,19,765.0,1899,2638,19,16,14,1,1,1,2,26,304,2.479,102.36,376.86,8.03,13.08,4,42.47,2,1
989,1,1.6,1,11,1,24,0.6,156,8,17,614.0,679,2819,16,13,5,1,0,1,2,28,208,1.104,53.85,352.38,6.34,8.41,5,36.08,2,0
1180,1,1.2,0,5,1,50,1.0,144,4,20,925.0,1252,1464,7,3,20,1,1,1,1,25,21,1.352,194.58,366.0,8.19,32.69,5,7.03,1,1
718,0,2.8,0,10,0,59,0.8,113,6,13,1185.0,1387,1824,11,9,3,1,1,0,1,23,99,1.169,152.02,304.0,6.35,31.36,2,30.64,1,0
1670,1,1.6,1,0,0,47,0.8,139,8,15,1706.0,1886,876,16,6,5,1,1,0,1,15,96,1.105,149.59,109.5,12.01,49.19,4,11.21,0,2
534,1,2.5,0,1,1,21,0.3,164,7,9,347.0,1477,2706,7,5,18,1,1,0,2,10,35,4.244,189.65,386.57,3.26,7.66,4,47.36,2,0
1566,1,0.5,1,0,0,20,0.5,126,2,0,1603.0,1930,659,14,9,13,1,1,1,1,0,126,1.203,167.26,329.5,12.43,26.9,5,0.66,0,2
1935,0,0.5,0,0,1,29,0.6,124,5,9,806.0,860,455,9,2,6,1,0,1,0,9,18,1.066,117.87,91.0,15.6,53.28,3,1.14,0,2
504,1,2.8,1,2,0,54,0.4,163,2,10,1207.0,1539,2378,17,11,2,1,0,0,2,12,187,1.274,108.66,1189.0,3.09,22.29,3,13.32,2,0
913,0,1.7,1,1,1,41,0.3,103,1,14,431.0,1144,2278,15,3,18,1,1,0,1,15,45,2.648,76.41,2278.0,8.86,17.64,4,3.87,2,0
1317,0,1.8,1,2,0,43,0.5,113,5,3,179.0,613,3436,16,13,5,0,1,1,3,5,208,3.406,37.56,687.2,11.65,12.44,3,30.92,3,1
917,1,0.5,0,1,1,31,0.5,88,6,2,423.0,909,3424,19,2,13,1,1,0,3,3,38,2.144,50.13,570.67,10.42,9.0,4,10.27,3,0
712,0,2.5,1,1,0,49,0.6,99,6,3,1131.0,1743,401,5,6,10,1,0,1,0,4,30,1.54,346.3,66.83,7.19,99.67,3,6.02,0,0
1083,0,1.0,0,6,0,52,0.9,126,2,20,925.0,1469,681,19,18,19,1,1,1,0,26,342,1.586,86.8,340.5,8.6,67.97,3,1.36,0,1
1039,0,0.6,0,5,1,6,0.1,136,6,8,62.0,544,3212,15,7,7,1,0,1,2,13,105,8.635,34.22,535.33,7.64,1.85,3,11.56,3,1
1747,0,0.5,0,4,0,13,0.7,185,6,12,800.0,873,3105,7,1,10,1,0,0,3,16,7,1.09,148.01,517.5,9.44,4.15,1,9.32,3,2
1449,1,0.5,1,0,0,52,0.6,105,6,0,211.0,947,2036,5,1,10,0,1,0,1,0,5,4.467,161.7,339.33,13.8,24.9,3,6.11,2,1
1872,1,0.5,1,14,0,49,0.2,139,7,18,81.0,1389,3153,16,15,5,1,1,0,3,32,240,16.939,81.84,450.43,13.47,15.41,4,11.04,3,2
1796,0,1.6,1,5,0,7,0.1,101,4,6,667.0,798,1642,9,4,3,0,1,1,1,11,36,1.195,104.0,410.5,17.78,4.11,3,10.51,1,2
1097,0,1.4,0,0,0,60,0.8,181,1,17,405.0,519,509,15,12,12,1,0,0,0,17,180,1.278,41.15,509.0,6.06,100.49,1,0.71,0,1
1562,0,0.5,1,1,1,20,0.8,172,8,10,678.0,1676,3465,16,11,6,1,1,0,3,11,176,2.468,106.35,433.12,9.08,5.74,4,13.86,3,2
1433,1,2.3,0,8,1,27,0.9,153,7,12,1619.0,1651,3900,18,16,2,1,0,1,3,20,288,1.019,121.7,557.14,9.37,6.91,4,62.79,3,1
740,0,1.8,0,1,0,12,0.2,123,1,11,935.0,1147,1105,7,6,19,0,1,1,0,12,42,1.225,184.98,1105.0,6.02,10.18,2,1.99,1,0
676,0,2.2,0,1,1,39,0.2,84,1,5,864.0,1011,2064,13,7,6,1,0,0,1,6,91,1.169,94.99,2064.0,8.05,18.43,2,4.54,2,0
503,1,1.8,1,1,1,13,0.7,131,1,4,1495.0,1688,3117,19,6,9,1,0,1,3,5,114,1.128,112.74,3117.0,3.84,4.13,5,5.61,3,0
1020,0,1.5,0,13,1,7,0.7,96,3,18,870.0,1613,1142,13,9,8,1,0,1,1,31,117,1.852,130.9,380.67,10.62,5.76,3,5.14,1,1
896,0,1.0,1,3,1,4,0.3,111,1,4,1379.0,1469,1060,12,10,4,1,1,1,1,7,120,1.064,154.99,1060.0,8.07,3.52,5,1.06,1,0
1824,1,0.8,0,4,1,19,0.9,143,2,5,1055.0,1738,2381,14,1,5,1,0,0,2,9,14,1.646,135.54,1190.5,12.76,7.83,3,3.81,2,2
1512,0,0.6,1,1,1,54,0.4,134,3,2,220.0,1838,3366,7,3,11,1,0,1,3,3,21,8.317,231.39,1122.0,11.28,15.94,4,6.06,3,2
1053,0,2.9,0,7,0,42,0.9,126,6,17,419.0,1261,1339,17,6,14,0,0,1,0,24,102,3.002,73.82,223.17,8.36,29.84,1,23.3,1,1
1944,1,1.8,1,0,1,31,0.8,87,4,10,1111.0,1362,2560,7,3,8,1,0,0,3,10,21,1.225,219.71,640.0,22.34,11.92,4,18.43,2,2
1174,0,0.7,1,1,1,25,0.8,91,2,8,1097.0,1461,285,19,7,3,1,0,1,0,9,133,1.331,91.35,142.5,12.9,66.08,4,0.4,0,1
627,1,1.6,1,3,1,12,0.2,131,7,17,447.0,819,2476,17,1,10,1,0,0,1,20,17,1.828,51.84,353.71,4.79,4.77,4,27.73,2,0
1602,0,2.7,0,4,1,46,0.6,118,1,5,273.0,1062,1862,16,9,2,1,0,1,1,9,144,3.876,64.5,1862.0,13.58,23.98,3,5.03,1,2
1733,1,1.5,1,4,1,6,0.9,170,1,15,590.0,997,3488,6,4,10,1,1,1,3,19,24,1.687,165.5,3488.0,10.19,1.71,6,5.23,3,2
586,0,1.4,1,10,1,8,0.5,142,8,14,116.0,598,3178,9,7,10,1,0,1,2,24,63,5.111,60.91,397.25,4.13,2.5,4,35.59,3,0
1528,0,2.4,0,2,0,37,0.2,156,8,3,306.0,564,733,15,6,14,1,1,0,0,5,90,1.837,40.1,91.62,9.79,45.35,2,14.07,0,2
875,0,0.7,0,2,0,23,0.1,110,7,7,300.0,1316,756,14,5,6,0,0,0,0,9,70,4.372,89.98,108.0,7.95,27.44,0,3.7,0,0
1602,0,0.6,0,12,0,58,0.4,170,1,13,1259.0,1746,3622,17,2,17,0,1,1,3,25,34,1.386,119.59,3622.0,9.42,15.95,2,2.17,3,2
1426,0,1.6,0,4,1,12,0.7,174,5,16,1573.0,1694,1277,14,9,5,1,0,0,1,20,126,1.076,154.11,255.4,8.2,8.91,2,10.22,1,1
1370,0,1.4,0,5,1,6,0.2,158,6,8,1392.0,1783,3703,13,10,11,1,1,0,3,13,130,1.28,161.57,617.17,8.67,1.61,3,31.11,3,1
609,1,0.5,0,4,1,10,0.1,81,6,6,113.0,1524,1905,16,3,18,1,1,1,1,10,48,13.368,89.89,317.5,7.52,5.1,5,5.72,1,0
840,0,1.2,1,5,1,15,0.3,178,6,8,526.0,1728,2636,12,2,6,1,1,0,2,13,24,3.279,138.94,439.33,4.72,5.61,4,18.98,2,0
991,0,2.0,0,2,1,12,0.3,158,5,6,1209.0,1678,2014,11,9,10,1,0,0,2,8,99,1.387,172.35,402.8,6.27,5.81,2,20.14,2,0
1724,1,1.8,0,0,1,9,0.8,100,2,1,655.0,828,3056,18,16,6,1,0,0,3,1,288,1.262,55.57,1528.0,17.24,2.92,3,11.0,3,2
584,1,1.8,0,0,1,19,0.3,168,3,0,1123.0,1622,465,12,8,4,1,1,0,0,0,96,1.443,151.76,155.0,3.48,34.29,4,2.51,0,0
860,1,1.3,1,1,1,49,0.7,141,6,13,692.0,979,3869,16,14,20,1,1,1,3,14,224,1.413,70.52,644.83,6.1,12.63,6,30.18,3,0
1541,1,2.8,1,10,1,28,0.2,165,5,15,796.0,1052,1108,12,1,7,1,0,1,1,25,12,1.32,101.48,221.6,9.34,23.69,5,15.51,1,2
615,1,0.5,1,7,0,58,0.5,130,5,8,1021.0,1958,1906,14,5,5,1,0,0,1,15,70,1.916,147.21,381.2,4.73,29.57,3,4.76,1,0
912,1,2.8,1,6,1,46,0.4,84,4,11,995.0,1310,851,8,4,4,1,1,1,0,17,32,1.315,182.78,212.75,10.86,49.41,6,9.53,0,0
1278,1,1.2,0,10,1,60,0.6,172,7,14,1244.0,1504,3142,11,4,19,1,0,1,3,24,44,1.208,162.65,448.86,7.43,18.94,4,26.39,3,1
1365,0,0.6,0,0,1,31,0.3,125,4,0,293.0,970,1300,14,7,13,1,0,1,0,0,98,3.299,67.55,325.0,10.92,22.64,3,3.12,1,1
1702,0,1.0,0,7,0,36,0.1,177,5,9,1240.0,1931,1430,8,6,10,0,0,0,2,16,48,1.556,254.98,286.0,9.62,24.06,0,7.15,1,2
589,1,0.5,0,1,1,59,0.7,146,8,4,759.0,1858,362,16,10,6,1,1,1,0,5,160,2.445,118.06,45.25,4.03,130.09,5,1.45,0,0
1347,0,1.5,1,10,0,56,0.3,95,1,19,398.0,1528,2456,13,6,13,1,1,1,2,29,78,3.83,112.78,2456.0,14.18,22.41,4,3.68,2,1
1644,0,2.8,0,0,1,44,1.0,137,8,0,358.0,791,2360,7,4,19,1,0,0,2,0,28,2.203,108.53,295.0,12.0,18.3,2,52.86,2,2
956,0,1.9,1,1,0,42,0.1,133,7,11,403.0,1614,3700,10,6,7,1,1,0,3,12,60,3.995,151.23,528.57,7.19,11.31,3,49.21,3,0
1089,0,1.4,1,10,0,2,0.1,153,7,20,211.0,1409,2620,7,5,13,1,0,0,2,30,35,6.646,178.09,374.29,7.12,0.75,2,25.68,2,1
871,0,0.6,0,2,0,52,0.1,178,3,3,194.0,1437,437,14,7,17,1,0,0,0,5,98,7.369,96.67,145.67,4.89,98.72,1,0.79,0,0
664,0,1.5,0,5,1,6,0.9,164,2,19,1076.0,1472,3774,11,5,18,1,0,0,3,24,55,1.367,151.94,1887.0,4.05,1.58,2,11.32,3,0
1874,1,0.6,0,1,0,19,0.8,192,2,9,1238.0,1418,1218,15,10,17,0,1,0,1,10,150,1.144,117.65,609.0,9.76,14.73,2,1.46,1,2
1928,0,2.6,0,5,0,5,0.8,162,5,16,229.0,1004,696,14,12,15,1,1,1,0,21,168,4.365,68.65,139.2,11.9,6.41,3,9.05,0,2
888,0,2.6,1,2,1,33,0.4,198,2,17,327.0,1683,3407,12,1,20,1,0,0,3,19,12,5.131,131.88,1703.5,4.48,9.63,3,17.72,3,0
1077,1,1.7,1,1,0,58,0.8,86,7,13,135.0,1892,3902,9,3,3,1,0,0,3,14,27,13.912,189.68,557.43,12.52,14.83,3,46.43,3,1
1023,1,2.3,1,5,1,30,0.2,80,8,7,5.0,1744,2086,10,6,19,1,1,1,1,12,60,290.667,158.55,260.75,12.79,14.04,6,38.38,2,1
1426,1,0.8,0,2,1,42,0.6,84,3,10,715.0,1163,1356,15,9,16,1,0,1,1,12,135,1.624,85.33,452.0,16.98,29.49,4,3.25,1,1
831,0,1.7,1,7,1,26,0.7,177,5,11,511.0,621,1704,6,5,20,1,1,1,0,18,30,1.213,114.89,340.8,4.69,14.74,5,14.48,1,0
1496,1,1.3,1,0,1,6,0.5,85,3,9,549.0,1383,3571,16,1,11,1,1,1,3,9,16,2.515,87.53,1190.33,17.6,1.67,6,13.93,3,1
1433,1,2.3,0,2,1,5,0.1,129,5,11,420.0,784,2132,18,15,19,1,0,1,1,13,270,1.862,46.81,426.4,11.11,2.29,4,24.52,2,1
1095,1,2.6,1,0,1,44,0.7,103,4,5,838.0,1066,3209,13,11,8,1,1,1,3,5,143,1.271,96.85,802.25,10.63,13.61,6,33.37,3,1
643,1,0.7,1,3,1,23,0.8,156,1,9,314.0,1400,2096,13,6,2,1,0,0,1,12,78,4.444,102.48,2096.0,4.12,10.71,4,1.47,2,0
1142,1,1.1,0,0,1,6,0.5,198,4,0,739.0,1766,1273,19,6,6,1,0,0,1,0,114,2.386,95.72,318.25,5.77,4.47,3,5.6,1,1
730,1,0.5,1,3,1,27,0.1,112,5,10,62.0,846,3623,9,4,15,1,1,0,2,13,36,13.429,84.83,724.6,6.52,7.42,5,9.06,3,0
1901,1,0.5,0,5,1,41,0.6,131,2,17,3.0,1662,368,5,1,12,1,0,0,0,22,5,415.5,277.0,184.0,14.51,89.25,3,0.37,0,2
1510,0,0.6,1,1,0,32,0.7,135,3,8,963.0,1520,854,8,2,10,1,0,1,1,9,16,1.577,199.93,284.67,11.19,34.26,3,1.54,0,2
1924,0,2.6,0,0,1,59,0.9,136,6,0,1438.0,1923,3646,10,9,16,1,0,1,3,0,90,1.336,218.29,607.67,14.15,16.12,3,56.88,3,2
1825,0,1.1,1,13,1,17,0.1,157,4,18,1621.0,1773,3130,12,4,2,1,0,1,3,31,48,1.093,184.79,782.5,11.62,5.39,4,13.77,3,2
1275,1,0.5,1,3,1,5,0.2,152,1,9,19.0,501,3784,13,4,4,1,1,0,3,12,52,25.05,35.81,3784.0,8.39,1.32,5,1.89,3,1
987,1,2.3,0,9,0,17,0.8,124,7,17,887.0,1274,3885,11,6,14,1,1,0,3,26,66,1.435,129.36,555.0,7.96,4.37,3,62.55,3,0
1538,1,2.3,0,6,1,13,0.2,121,7,7,567.0,986,1494,18,10,12,1,1,1,1,13,180,1.736,59.86,213.43,12.71,8.34,5,24.05,1,2
1965,1,0.5,0,4,1,29,0.5,149,5,13,584.0,676,2973,11,1,20,1,1,1,3,17,11,1.156,74.44,594.6,13.19,9.66,5,7.43,2,2
808,0,1.9,0,7,0,20,0.8,185,6,14,496.0,974,1471,13,4,11,0,1,0,0,21,52,1.96,78.07,245.17,4.37,13.02,1,16.77,1,0
712,0,0.5,0,6,0,27,0.5,86,2,11,1245.0,1309,2001,11,10,12,1,1,1,1,17,110,1.051,150.54,1000.5,8.28,13.14,3,2.0,2,0
1507,1,0.9,1,0,1,42,0.4,123,5,0,682.0,888,1486,15,3,19,1,0,0,1,0,45,1.3,69.98,297.2,12.25,27.08,4,6.69,1,2
912,0,0.7,0,3,0,47,0.9,182,3,6,724.0,794,1321,7,2,6,0,1,1,0,9,14,1.095,134.32,440.33,5.01,33.81,2,2.77,1,0
769,1,1.2,0,2,0,17,0.1,95,8,4,1384.0,1454,1877,18,2,11,0,0,1,1,6,36,1.05,105.65,234.62,8.09,8.79,2,18.02,1,0
948,0,2.3,0,14,0,22,0.1,173,5,20,257.0,1654,3499,11,7,19,1,1,1,3,34,77,6.411,139.49,699.8,5.48,6.26,3,40.24,3,0
507,1,1.9,1,0,1,39,0.7,142,1,0,17.0,1084,2124,6,6,12,1,1,0,1,0,36,60.222,154.88,2124.0,3.57,17.94,5,4.04,2,0
1384,1,2.8,1,15,0,60,0.1,82,3,18,983.0,1210,1221,18,12,15,1,0,1,1,33,216,1.23,82.05,407.0,16.88,46.43,4,10.26,1,1
1766,1,1.3,0,1,0,29,0.5,194,8,20,439.0,1306,2316,19,2,6,0,0,1,2,21,38,2.968,68.89,289.5,9.1,12.28,2,24.09,2,2
1407,0,1.8,1,5,1,16,0.2,170,4,6,925.0,1206,1068,6,6,8,1,1,0,1,11,36,1.302,217.13,267.0,8.28,14.0,4,7.69,1,1
614,0,2.9,1,3,1,24,0.2,94,4,7,409.0,603,1930,13,12,4,1,0,1,1,10,156,1.471,52.04,482.5,6.53,12.09,4,22.39,1,0
1972,0,2.9,0,9,0,14,0.4,196,7,18,293.0,952,1316,8,1,8,1,1,0,1,27,8,3.238,110.67,188.0,10.06,10.11,2,26.71,1,2
1039,0,0.5,1,8,0,47,0.2,130,8,9,384.0,1878,1742,18,12,15,1,0,0,1,17,216,4.878,100.89,217.75,7.99,26.09,2,6.97,1,1
511,1,3.0,1,5,1,34,0.9,125,8,13,149.0,1285,3265,14,7,14,1,0,0,2,18,98,8.567,86.24,408.12,4.09,10.34,4,78.36,3,0
1811,1,2.5,0,4,1,5,0.6,98,4,16,447.0,568,2700,13,7,8,1,1,1,2,20,91,1.268,51.63,675.0,18.48,1.83,5,27.0,2,2
1159,0,1.5,0,3,0,36,0.4,104,4,8,717.0,1206,2115,8,7,18,0,0,0,2,11,56,1.68,155.89,528.75,11.14,16.62,0,12.69,2,1
1848,0,1.3,1,7,0,12,0.1,178,2,19,195.0,533,3915,9,7,8,0,0,1,3,26,63,2.719,56.76,1957.5,10.38,3.06,2,10.18,3,2
1988,1,0.5,0,0,1,16,0.1,94,8,1,153.0,696,3144,16,2,14,1,0,0,3,1,32,4.519,41.92,393.0,21.15,5.05,3,12.58,3,2
1469,0,0.5,0,3,1,58,0.5,150,7,8,1699.0,1850,1571,17,16,2,1,0,0,2,11,272,1.088,139.54,224.43,9.79,35.49,2,5.5,1,1
1423,0,0.6,0,12,0,44,0.8,131,5,13,501.0,640,2253,10,8,9,0,0,0,1,25,80,1.275,73.89,450.6,10.86,19.13,0,6.76,2,1
1974,0,0.5,1,9,0,10,0.8,145,6,12,530.0,1496,1433,6,1,17,0,0,0,1,21,6,2.817,226.73,238.83,13.61,6.67,1,4.3,1,2
835,0,0.8,1,2,1,42,0.8,128,5,18,396.0,1378,2583,15,2,13,1,1,1,2,20,30,3.471,89.61,516.6,6.52,16.02,5,10.33,2,0
1429,0,0.6,0,8,0,42,0.9,151,5,9,670.0,1552,1817,6,1,16,1,0,0,1,17,6,2.313,241.49,363.4,9.46,22.41,1,5.45,1,1
947,1,0.5,0,1,1,51,0.1,144,2,15,193.0,887,2915,17,1,6,1,1,1,2,16,17,4.572,50.43,1457.5,6.58,17.31,5,2.92,2,0
1446,1,2.8,1,0,1,18,0.3,178,8,1,351.0,1769,3340,8,6,16,1,1,1,3,1,48,5.026,200.39,417.5,8.12,5.35,6,74.82,3,1
1332,0,1.3,1,5,1,7,0.8,168,7,19,846.0,855,2790,19,11,10,1,1,0,2,24,209,1.009,60.14,398.57,7.93,2.48,4,25.39,2,1
1498,1,1.2,1,0,1,14,0.1,191,4,1,111.0,1167,577,14,12,12,1,1,0,0,1,168,10.42,78.15,144.25,7.84,21.1,5,2.77,0,1
1576,1,0.9,1,0,1,14,0.4,173,2,4,1213.0,1386,3220,17,2,6,1,1,0,3,4,34,1.142,102.32,1610.0,9.11,4.31,5,5.8,3,2
1398,0,1.6,1,8,1,26,0.8,150,1,12,755.0,1284,3488,14,3,11,1,1,0,3,20,42,1.698,99.3,3488.0,9.32,7.42,4,5.58,3,1
1885,0,2.4,1,12,1,14,0.6,92,4,15,1406.0,1517,1277,9,6,16,1,0,1,1,27,54,1.078,206.84,319.25,20.49,10.39,4,12.26,1,2
798,1,0.5,1,7,0,2,0.8,148,2,15,497.0,627,3593,14,9,3,0,1,0,2,22,126,1.259,53.34,1796.5,5.39,0.55,3,3.59,3,0
1436,0,2.5,1,0,1,42,0.9,124,8,1,1826.0,1836,2736,12,5,19,1,1,0,3,1,60,1.005,199.19,342.0,11.58,15.15,4,54.72,2,1
1998,1,1.2,0,8,0,31,0.6,196,8,19,50.0,1356,2311,17,9,18,1,1,0,2,27,153,26.588,75.38,288.88,10.19,13.15,3,22.19,2,2
1321,1,1.3,0,0,1,63,0.4,109,8,9,817.0,941,1464,7,6,16,1,1,1,1,9,42,1.15,155.77,183.0,12.12,41.18,5,15.23,1,1
1021,0,1.3,0,7,0,9,0.7,192,2,12,901.0,1793,1355,6,1,14,1,1,0,1,19,6,1.988,286.66,677.5,5.32,6.32,2,3.52,1,1
1339,1,2.3,1,0,0,40,0.1,123,2,1,212.0,1269,2382,6,4,7,1,0,1,2,1,24,5.958,183.8,1191.0,10.89,16.49,4,10.96,2,1
1210,1,1.6,1,9,0,57,0.5,111,4,20,329.0,1039,1886,16,6,17,1,0,1,1,29,96,3.148,64.11,471.5,10.9,29.35,4,12.07,1,1
1949,1,0.5,1,2,1,31,0.1,145,5,9,837.0,1182,832,7,3,19,1,0,0,1,11,21,1.411,181.04,166.4,13.44,33.97,4,2.08,0,2
882,0,0.7,1,9,1,28,0.2,151,6,16,248.0,884,751,19,11,8,1,0,1,0,25,209,3.55,45.91,125.17,5.84,33.6,4,3.15,0,0
1549,1,1.5,1,0,1,27,0.4,113,5,7,632.0,1162,436,10,8,11,1,0,0,0,7,80,1.836,120.25,87.2,13.71,51.35,4,3.27,0,2
1991,0,2.2,1,1,1,42,0.7,82,1,13,366.0,613,722,6,5,10,1,1,0,0,14,30,1.67,101.99,722.0,24.28,52.17,4,1.59,0,2
796,0,0.5,0,2,0,12,0.5,114,1,8,174.0,518,1075,7,3,2,0,1,0,0,10,21,2.96,68.31,1075.0,6.98,10.44,1,0.54,1,0
1012,0,0.5,1,4,0,39,0.1,161,4,6,882.0,1195,2802,8,6,10,1,1,0,2,10,48,1.353,165.03,700.5,6.29,13.75,3,5.6,2,1
1318,0,1.9,1,0,1,11,0.8,188,2,15,688.0,1591,1780,12,10,2,1,0,0,1,15,120,2.309,133.34,890.0,7.01,5.98,3,6.76,1,1
1708,0,0.8,0,8,1,14,0.9,197,4,16,263.0,1345,1247,19,16,16,1,0,0,1,24,304,5.095,68.52,311.75,8.67,10.62,2,3.99,1,2
598,1,0.8,1,8,1,62,0.1,117,8,9,118.0,764,3066,11,2,19,1,1,0,2,17,22,6.42,64.42,383.25,5.11,20.04,5,19.62,3,0
541,1,2.3,0,4,0,51,0.4,200,8,17,1012.0,1226,403,11,2,12,0,0,0,0,21,22,1.21,132.48,50.38,2.7,103.33,1,7.42,0,0
818,0,0.5,1,2,1,23,0.2,192,5,17,586.0,1552,2518,19,12,3,1,1,0,2,19,228,2.644,82.95,503.6,4.26,8.99,4,6.3,2,0
1414,0,0.5,0,0,1,15,0.8,168,2,0,294.0,1233,1069,18,6,14,1,0,0,0,0,108,4.18,66.71,534.5,8.42,13.11,2,1.07,1,1
601,1,1.7,1,3,1,6,0.8,169,4,11,818.0,1827,2651,14,8,9,1,0,1,2,14,112,2.231,133.45,662.75,3.56,2.23,5,18.03,2,0
561,1,2.8,1,2,1,40,0.1,99,7,6,426.0,865,2974,15,12,19,1,0,1,2,8,180,2.026,60.26,424.86,5.67,13.31,5,58.29,2,0
1616,1,2.3,1,3,0,52,0.1,100,5,8,151.0,1133,657,7,3,2,1,1,0,0,11,21,7.454,142.88,131.4,16.16,70.12,4,7.56,0,2
1263,1,1.4,1,1,1,32,0.4,103,2,2,409.0,644,3372,18,13,10,1,1,0,3,3,234,1.571,40.15,1686.0,12.26,9.43,5,9.44,3,1
1604,1,1.9,1,0,1,63,0.6,93,5,2,641.0,1156,1464,15,9,20,1,1,0,1,2,135,1.801,82.61,292.8,17.25,41.18,5,13.91,1,2
539,0,2.0,1,1,0,24,0.5,86,4,2,958.0,967,1326,7,4,3,1,1,0,0,3,28,1.008,170.15,331.5,6.27,17.21,3,10.61,1,0
1071,0,2.6,0,0,0,49,0.3,199,4,5,1328.0,1970,3393,6,5,7,1,0,0,3,5,30,1.482,339.4,848.25,5.38,14.35,1,35.29,3,1
826,0,0.5,1,0,1,57,0.5,135,2,0,354.0,530,323,17,3,7,1,0,1,0,0,51,1.493,35.41,161.5,6.12,137.21,4,0.32,0,0
771,0,2.9,0,2,0,62,0.7,106,1,8,1709.0,1781,1628,9,3,6,0,1,0,1,10,27,1.042,246.83,1628.0,7.27,36.69,1,4.72,1,0
1811,0,2.9,0,0,0,33,0.2,132,8,2,1099.0,1553,2610,8,3,13,1,1,0,3,2,24,1.412,211.39,326.25,13.72,12.46,2,60.55,2,2
1842,1,2.2,1,7,0,56,0.4,179,4,10,783.0,1227,3721,16,11,4,0,1,1,3,17,176,1.565,85.62,930.25,10.29,15.0,4,32.74,3,2
1420,0,2.8,1,1,0,50,0.1,100,8,8,194.0,1393,763,17,1,17,0,1,1,0,9,17,7.144,78.14,95.38,14.2,59.16,3,17.09,0,1
1763,0,0.5,1,12,0,10,0.2,184,3,19,238.0,1893,792,17,12,13,1,0,1,0,31,204,7.921,105.99,264.0,9.58,11.45,3,1.19,0,2
1163,1,1.9,0,6,0,2,0.9,133,5,20,919.0,1076,1568,14,6,19,1,0,0,1,26,84,1.17,94.34,313.6,8.74,1.23,2,14.9,1,1
1805,1,0.5,0,0,0,29,0.2,182,4,2,758.0,891,1276,19,4,17,0,1,0,1,2,76,1.174,58.49,319.0,9.92,21.54,2,2.55,1,2
610,1,1.6,1,9,0,52,0.4,90,4,19,1039.0,1273,3472,10,4,12,1,1,1,3,28,40,1.224,149.38,868.0,6.78,14.9,5,22.22,3,0
1533,1,1.1,1,16,1,17,0.3,160,4,20,1054.0,1393,2520,8,2,11,1,0,1,2,36,16,1.32,194.09,630.0,9.58,6.64,5,11.09,2,2
1924,0,0.5,0,3,1,63,0.3,111,2,10,122.0,686,3423,13,3,19,1,0,0,3,13,39,5.577,49.77,1711.5,17.33,18.3,2,3.42,3,2
1801,0,0.5,1,6,0,52,0.9,120,6,10,100.0,1708,258,14,8,9,1,0,0,0,16,112,16.911,114.06,43.0,15.01,147.75,2,0.77,0,2
1726,1,1.9,0,1,1,42,0.6,106,5,3,1221.0,1804,1868,16,7,6,1,0,0,2,4,112,1.476,128.14,373.6,16.28,21.83,3,17.75,1,2
794,0,2.5,1,15,0,14,0.6,197,3,19,312.0,1376,2171,19,8,18,0,0,1,1,34,152,4.396,70.55,723.67,4.03,6.31,2,16.28,2,0
1686,1,0.5,1,4,0,28,0.8,182,5,8,599.0,1073,780,11,10,5,0,0,0,0,12,110,1.788,102.41,156.0,9.26,32.49,2,1.95,0,2
1444,1,2.1,1,0,0,6,0.9,103,1,1,1274.0,1340,712,17,5,10,0,0,0,0,1,85,1.051,102.72,712.0,14.02,7.54,2,1.5,0,1
1004,0,1.6,1,0,1,30,1.0,160,8,1,62.0,581,1012,7,4,13,1,1,1,0,1,28,9.222,73.04,126.5,6.28,27.57,5,12.95,1,1
1242,1,2.4,0,8,0,28,0.2,166,4,9,315.0,1796,318,11,10,19,1,0,0,0,17,110,5.684,151.95,79.5,7.48,68.2,2,3.05,0,1
539,0,1.5,0,6,1,26,0.2,137,6,8,1123.0,1709,3948,18,11,15,1,1,1,3,14,198,1.52,107.63,658.0,3.93,6.57,4,35.53,3,0
717,0,1.1,1,2,1,14,0.1,99,8,6,1878.0,1981,629,16,15,20,1,0,0,0,8,240,1.054,160.57,78.62,7.24,19.6,3,5.54,0,0
1540,0,0.7,1,0,1,29,0.1,157,7,1,318.0,831,1161,11,8,5,1,0,0,0,1,88,2.605,74.15,165.86,9.81,23.5,3,5.69,1,2
672,0,0.5,0,7,1,35,0.1,99,8,17,574.0,1267,1403,16,7,6,1,0,0,0,24,112,2.203,81.82,175.38,6.79,23.81,2,5.61,1,0
1325,1,0.5,0,0,1,13,1.0,133,4,8,1353.0,1915,3707,19,3,18,1,1,0,3,8,57,1.414,117.24,926.75,9.96,3.49,4,7.41,3,1
950,0,0.5,0,6,1,55,0.1,124,8,7,86.0,1681,1305,6,5,4,1,0,1,0,13,30,19.322,240.46,163.12,7.66,40.02,3,5.22,1,0
948,0,1.5,1,6,0,18,0.3,119,4,7,340.0,1728,2926,17,13,9,1,1,1,2,13,221,5.067,97.84,731.5,7.97,6.09,4,17.56,2,0
1328,1,0.5,0,5,1,27,0.3,144,3,18,602.0,1156,2674,7,2,5,1,0,1,2,23,14,1.917,162.92,891.33,9.22,9.96,4,4.01,2,1
1447,0,0.5,0,3,0,40,0.7,184,2,5,963.0,1062,471,8,4,20,0,0,1,0,8,32,1.102,159.29,235.5,7.86,71.43,1,0.47,0,1
1973,1,0.5,1,3,0,21,0.8,95,8,7,127.0,507,1724,12,10,8,0,0,1,1,10,120,3.961,40.2,215.5,20.77,11.77,3,6.9,1,2
1731,1,2.3,1,16,0,60,0.5,171,4,20,142.0,1039,1220,9,3,20,0,1,0,1,36,27,7.266,104.87,305.0,10.12,46.46,3,11.22,1,2
1617,0,1.5,0,1,1,63,0.7,111,2,10,274.0,1079,2754,19,10,8,1,1,1,2,11,190,3.924,55.66,1377.0,14.57,22.59,4,8.26,2,2
1791,1,0.5,1,1,1,33,0.5,110,5,4,371.0,682,594,17,8,16,1,0,1,0,5,136,1.833,43.13,118.8,16.28,48.52,5,1.48,0,2
851,0,2.3,1,7,1,54,1.0,101,2,9,788.0,1007,1005,12,2,14,1,0,1,0,16,24,1.276,98.36,502.5,8.43,49.93,4,4.62,1,0
856,0,1.9,1,0,1,14,0.6,115,1,7,395.0,1027,2439,6,3,12,1,1,1,1,7,18,2.593,157.19,2439.0,7.44,5.64,5,4.63,2,0
714,1,0.5,0,1,0,30,0.3,145,4,2,643.0,1527,2302,12,10,10,0,1,1,1,3,120,2.371,127.45,575.5,4.92,12.78,3,4.6,2,0
951,0,0.5,0,6,1,15,0.6,81,2,17,854.0,935,1083,16,11,16,1,1,0,0,23,176,1.094,74.49,541.5,11.74,12.96,3,1.08,1,0
1303,1,2.1,0,6,1,10,0.4,109,8,15,1335.0,1873,2219,9,3,15,1,1,1,2,21,27,1.402,230.01,277.38,11.95,4.41,5,37.28,2,1
1550,1,2.7,0,2,0,32,0.1,126,7,5,1541.0,1619,1571,12,3,14,0,0,0,2,7,36,1.05,171.93,224.43,12.3,19.58,1,29.69,1,2
1759,1,1.4,0,10,1,15,0.4,101,4,13,382.0,1163,2107,18,5,16,1,1,0,2,23,90,3.037,64.43,526.75,17.42,6.95,4,11.8,2,2
1448,0,0.5,1,16,0,2,0.2,100,5,19,846.0,1144,593,9,4,18,1,1,1,0,35,36,1.351,142.28,118.6,14.48,2.95,4,1.48,0,1
1987,1,1.9,0,0,0,50,0.7,119,8,18,960.0,1925,857,12,4,6,1,1,0,1,18,48,2.003,165.47,107.12,16.7,53.37,3,13.03,0,2
908,0,2.1,0,1,0,44,0.6,95,5,2,154.0,941,3518,16,12,7,1,1,1,3,3,192,6.071,56.09,703.6,9.56,12.45,3,36.94,3,0
820,0,0.5,1,2,0,58,0.3,160,4,4,468.0,694,1284,17,7,17,0,0,1,0,6,119,1.48,46.5,321.0,5.12,42.84,2,2.57,1,0
904,0,2.7,1,4,0,19,0.6,147,6,7,1094.0,1496,545,19,18,16,0,0,0,0,11,342,1.366,92.67,90.83,6.15,30.05,1,8.83,0,0
667,0,1.3,1,4,1,6,0.1,149,6,10,272.0,870,3566,9,5,12,1,0,1,2,14,45,3.187,91.15,594.33,4.48,1.67,4,27.81,3,0
1109,0,2.1,0,1,0,34,0.1,173,1,4,165.0,1103,2821,13,5,17,1,0,1,2,5,65,6.645,79.66,2821.0,6.41,11.91,2,5.92,2,1
1333,0,1.4,0,3,1,59,0.7,183,7,5,394.0,1301,3442,18,16,5,1,1,0,3,8,288,3.294,71.54,491.71,7.28,17.05,3,33.73,3,1
1352,0,2.4,0,5,1,6,0.9,92,6,9,629.0,1299,1309,12,1,14,1,0,0,1,14,12,2.062,111.02,218.17,14.7,4.35,2,18.85,1,1
1600,0,2.5,1,1,0,19,0.6,88,6,9,831.0,1713,1179,10,3,18,0,0,1,1,10,30,2.059,173.08,196.5,18.18,15.18,2,17.68,1,2
1454,0,1.4,1,8,0,37,0.8,80,8,20,903.0,910,1713,16,6,19,0,0,0,1,28,96,1.007,75.41,214.12,18.18,20.87,1,19.19,1,1
1489,0,2.1,1,0,0,9,0.4,169,3,1,923.0,1759,1663,9,3,14,1,0,1,1,1,27,1.904,198.65,554.33,8.81,5.22,3,10.48,1,1
1823,0,2.8,1,11,0,10,0.6,81,8,19,362.0,1250,1812,5,6,19,1,1,1,2,30,30,3.444,216.89,226.5,22.51,5.35,4,40.59,1,2
1581,1,1.0,0,9,0,41,0.4,172,4,19,693.0,850,1384,19,9,2,0,1,1,1,28,171,1.225,54.83,346.0,9.19,28.25,3,5.54,1,2
1672,1,1.7,1,1,1,44,0.5,172,8,4,1250.0,1435,1348,11,6,7,1,1,1,1,5,66,1.147,158.59,168.5,9.72,31.06,6,18.33,1,2
1283,1,0.7,1,0,1,27,0.2,80,4,6,1135.0,1923,3957,17,15,6,1,0,0,3,6,255,1.693,124.05,989.25,16.04,6.81,4,11.08,3,1
630,0,2.0,0,9,1,14,0.5,180,8,13,66.0,1448,1212,12,8,12,1,0,0,0,22,96,21.612,111.5,151.5,3.5,10.91,2,19.39,1,0
659,0,2.2,0,0,1,24,0.7,151,8,2,924.0,1877,3925,8,1,10,1,1,1,3,2,8,2.029,232.46,490.62,4.36,6.1,4,69.08,3,0
1811,1,0.5,1,0,0,32,1.0,115,6,0,204.0,1132,348,17,11,18,1,0,1,0,0,187,5.522,63.9,58.0,15.75,72.75,4,1.04,0,2
688,1,2.5,0,9,0,40,0.2,109,5,20,376.0,1957,1382,12,7,8,0,1,0,1,29,84,5.191,153.29,276.4,6.31,27.59,2,17.27,1,0
514,1,2.9,1,5,0,18,0.7,141,2,8,1083.0,1492,980,13,7,16,0,0,1,0,13,91,1.376,131.69,490.0,3.65,17.03,3,5.68,0,0
1933,0,2.8,1,1,0,16,0.5,154,3,9,229.0,1473,838,14,2,18,0,1,0,0,10,28,6.404,99.38,279.33,12.55,17.42,2,7.04,0,2
915,0,2.0,0,8,1,31,0.3,91,3,20,875.0,1316,378,11,6,9,1,1,0,0,28,66,1.502,131.7,126.0,10.05,66.08,3,2.27,0,0
1006,0,2.2,1,4,1,22,0.8,135,4,8,35.0,991,909,18,4,7,1,0,1,0,12,72,27.528,52.19,227.25,7.45,22.27,4,8.0,0,1
1134,1,0.9,0,2,1,13,0.4,92,4,19,18.0,903,3632,17,8,19,1,1,0,3,21,136,47.526,50.18,908.0,12.33,3.56,4,13.08,3,1
599,1,2.9,0,0,1,64,0.3,186,8,1,103.0,646,3396,5,3,7,1,0,0,2,1,15,6.212,109.03,424.5,3.22,18.73,3,78.79,3,0
973,0,0.5,1,5,0,53,0.5,196,5,7,105.0,588,1861,13,10,16,0,1,0,1,12,130,5.547,42.66,372.2,4.96,27.64,2,4.65,1,0
1180,1,2.5,0,0,1,27,0.1,90,6,1,168.0,540,348,7,5,19,1,1,1,0,1,35,3.195,70.69,58.0,13.11,61.39,5,5.22,0,1
1237,1,2.5,0,7,0,13,0.8,98,4,12,18.0,1004,2528,11,8,16,0,0,0,2,19,88,52.842,83.68,632.0,12.62,5.06,1,25.28,2,1
659,0,0.5,1,7,1,5,0.3,169,8,10,659.0,730,2190,16,10,16,1,1,0,1,17,160,1.106,57.85,273.75,3.9,2.23,4,8.76,2,0
1142,1,1.4,1,6,0,6,0.7,190,8,8,534.0,855,663,12,4,5,0,1,1,0,14,48,1.598,77.54,82.88,6.01,8.03,4,7.43,0,1
1002,0,2.7,1,16,1,11,0.4,185,6,18,285.0,512,961,10,7,19,1,0,1,0,34,70,1.79,53.27,160.17,5.42,10.59,4,15.57,0,1
1392,0,2.5,0,0,1,44,0.7,113,4,2,482.0,1098,1280,8,1,16,1,0,1,1,2,8,2.273,133.24,320.0,12.32,32.59,3,12.8,1,1
602,0,0.9,0,9,0,50,0.9,141,8,18,1571.0,1717,2189,7,5,16,0,1,0,2,27,35,1.092,290.91,273.62,4.27,22.34,1,15.76,2,0
1249,1,0.5,0,3,1,55,0.8,140,3,8,605.0,1193,531,18,10,13,1,1,1,0,11,180,1.969,70.4,177.0,8.92,88.92,5,0.8,0,1
531,1,0.5,1,0,1,12,0.5,121,4,3,158.0,1657,2331,18,12,20,1,0,1,1,3,216,10.421,87.61,582.75,4.39,5.05,5,4.66,2,0
1450,0,2.1,0,1,0,31,0.6,114,5,4,1573.0,1639,794,11,5,9,0,1,1,1,5,55,1.041,189.31,158.8,12.72,35.41,2,8.34,0,1
1342,0,2.8,0,1,0,50,0.1,173,1,8,127.0,620,2644,7,2,11,0,1,1,2,9,14,4.844,79.11,2644.0,7.76,18.64,2,7.4,2,1
832,1,0.5,0,5,1,22,0.6,198,1,8,343.0,1431,1666,15,4,20,1,1,1,1,13,60,4.16,91.97,1666.0,4.2,12.74,5,0.83,1,0
867,1,1.5,0,0,1,57,0.1,159,4,0,289.0,724,2157,8,6,18,1,0,0,1,0,48,2.497,86.62,539.25,5.45,25.83,3,12.94,2,0
1404,0,2.1,0,16,0,44,0.9,151,1,20,1703.0,1880,1196,10,6,5,0,0,1,1,36,60,1.103,230.6,1196.0,9.3,34.7,1,2.51,1,1
840,0,0.9,1,6,0,33,0.7,150,6,7,1482.0,1591,2072,10,8,19,0,1,0,2,13,80,1.073,197.66,345.33,5.6,15.54,2,11.19,2,0
1368,0,0.5,0,10,1,42,0.2,91,1,20,907.0,925,1590,12,6,14,1,0,0,1,30,72,1.019,99.65,1590.0,15.03,25.41,2,0.8,1,1
1927,0,0.9,1,3,0,11,0.4,190,8,12,491.0,1506,2916,16,11,18,0,1,1,3,15,176,3.061,93.18,364.5,10.14,3.73,3,21.0,2,2
1714,0,0.5,1,7,0,31,0.4,120,2,10,287.0,627,3707,5,1,19,0,0,1,3,17,5,2.177,114.93,1853.5,14.28,8.33,2,3.71,3,2
1201,1,0.5,0,1,1,10,0.4,198,6,5,1151.0,1723,726,11,4,3,1,1,0,0,6,44,1.496,172.67,121.0,6.07,12.36,4,2.18,0,1
1796,1,2.3,0,4,0,44,0.9,184,2,11,1024.0,1363,3577,17,7,4,1,1,0,3,15,119,1.33,94.71,1788.5,9.76,12.25,3,16.45,3,2
1147,0,0.8,1,11,0,28,0.7,158,6,13,1085.0,1134,2627,18,3,15,1,0,1,2,24,54,1.044,82.6,437.83,7.26,10.5,3,12.61,2,1
776,1,1.7,0,0,1,20,1.0,146,4,9,991.0,1803,685,15,11,7,1,1,1,0,9,165,1.818,128.59,171.25,5.32,26.01,5,4.66,0,0
510,0,2.6,0,0,0,33,0.1,110,6,10,1052.0,1897,1693,6,2,5,0,1,0,1,10,12,1.802,309.88,282.17,4.64,18.82,1,26.41,1,0
1045,1,1.2,1,3,1,40,0.1,175,6,7,1078.0,1564,2137,11,8,12,1,0,1,2,10,88,1.449,158.29,356.17,5.97,18.29,5,15.39,2,1
1497,1,0.9,1,4,1,10,0.1,153,8,20,98.0,977,3696,9,6,3,1,0,1,3,24,54,9.869,98.19,462.0,9.78,2.7,5,26.61,3,1
1425,1,0.6,0,0,1,33,0.5,89,3,2,396.0,1648,3771,10,3,9,1,0,1,3,2,30,4.151,154.08,1257.0,16.01,8.72,4,6.79,3,1
726,0,2.2,0,0,1,40,0.8,94,4,20,323.0,978,1342,16,11,4,1,1,1,0,20,176,3.019,60.59,335.5,7.72,28.36,4,11.81,1,0
1576,1,2.0,0,0,1,20,0.6,148,3,0,410.0,1551,1379,17,1,16,1,0,1,1,0,17,3.774,89.13,459.67,10.65,13.82,4,8.27,1,2
714,1,2.1,1,5,1,11,0.1,197,3,6,1750.0,1857,1164,15,12,19,1,1,0,1,11,180,1.061,159.48,388.0,3.62,8.89,5,7.33,1,0
1595,0,1.9,1,1,0,63,0.9,88,1,20,1475.0,1988,908,18,13,6,0,0,1,1,21,234,1.347,130.29,908.0,18.12,63.85,2,1.73,0,2
541,0,1.0,0,0,1,10,0.4,127,4,0,1836.0,1873,1019,19,9,15,1,1,0,1,0,171,1.02,131.14,254.75,4.26,9.13,3,4.08,1,0
1617,1,2.6,0,14,0,29,0.9,113,6,20,283.0,676,3685,13,1,18,0,0,0,3,34,13,2.38,52.35,614.17,14.31,7.84,1,57.49,3,2
1154,0,1.1,1,2,1,5,0.2,98,1,13,539.0,1240,1470,12,6,12,1,0,0,1,15,72,2.296,104.01,1470.0,11.78,3.26,3,1.62,1,1
1638,0,1.0,0,6,0,2,0.2,189,1,11,440.0,563,2299,19,9,9,1,1,1,2,17,171,1.277,35.73,2299.0,8.67,0.85,3,2.3,2,2
1150,1,2.7,0,0,0,39,0.4,151,8,1,397.0,800,999,6,2,11,1,1,0,0,1,12,2.01,127.58,124.88,7.62,36.26,3,21.58,0,1
1254,1,2.3,0,0,1,44,0.2,149,1,10,204.0,1021,3011,7,4,12,1,1,0,2,10,28,4.98,130.15,3011.0,8.42,14.47,4,6.93,3,1
1806,1,2.0,1,2,1,54,0.1,117,1,11,347.0,727,3142,13,6,6,1,0,1,3,13,78,2.089,57.54,3142.0,15.44,17.04,5,6.28,3,2
603,0,1.5,0,8,0,12,0.7,114,6,20,1003.0,1284,1543,7,5,19,1,1,0,1,28,35,1.279,203.66,257.17,5.29,7.47,2,13.89,1,0
1834,0,2.1,0,7,1,40,0.1,99,4,11,565.5,1987,3692,13,6,16,1,1,0,3,18,78,3.508,147.56,923.0,18.53,10.79,3,31.01,3,2
520,0,2.3,0,0,1,31,0.8,145,6,14,264.0,519,2753,13,7,17,1,0,1,1,14,91,1.958,41.59,458.83,3.59,11.12,3,37.99,2,0
565,0,0.6,1,1,0,50,0.1,158,2,8,543.0,703,2156,13,6,6,1,1,1,1,9,78,1.292,63.45,1078.0,3.58,22.67,4,2.59,2,0
1689,1,0.5,0,11,0,9,0.5,150,5,15,467.0,675,2637,8,4,3,1,0,0,2,26,32,1.442,91.2,527.4,11.26,3.36,2,6.59,2,2
742,1,2.3,0,0,0,21,0.7,104,8,1,875.0,925,331,11,8,7,1,0,0,0,1,88,1.056,106.11,41.38,7.13,49.62,2,6.09,0,0
1143,0,1.2,1,1,1,22,1.0,125,3,6,1116.0,1724,1214,12,5,16,1,1,0,1,7,60,1.543,157.98,404.67,9.14,17.11,4,4.37,1,1
761,1,0.5,0,9,0,3,0.8,196,7,15,1325.0,1945,2248,19,3,15,1,1,1,2,24,57,1.467,117.67,321.14,3.88,1.31,4,7.87,2,0
959,1,1.3,1,0,0,36,0.4,196,5,14,1313.0,1331,3073,19,1,8,1,1,1,3,14,19,1.013,93.48,614.6,4.89,11.61,5,19.97,3,0
772,1,1.2,1,7,1,8,0.6,134,7,8,552.0,1802,422,7,6,15,1,0,0,0,15,42,3.259,235.58,60.29,5.76,15.62,4,3.54,0,0
1015,1,0.8,0,5,0,12,0.5,102,3,14,335.0,679,2293,5,1,2,0,1,0,1,19,5,2.021,126.19,764.33,9.95,5.13,2,5.5,2,1
1824,1,1.9,1,9,1,2,0.7,103,1,14,50.0,1105,3958,12,2,19,1,1,0,3,23,24,21.667,85.09,3958.0,17.71,0.5,5,7.52,3,2
1130,1,0.5,1,1,1,29,0.7,130,1,14,593.0,1327,432,6,1,10,1,1,1,0,15,6,2.234,207.64,432.0,8.69,55.57,6,0.22,0,1
1183,1,0.5,1,3,1,48,0.1,120,8,12,268.0,1010,1152,8,3,3,1,0,0,0,15,24,3.755,116.11,144.0,9.86,39.18,4,4.61,1,1
574,1,2.0,1,0,1,26,0.5,118,6,2,382.0,1364,1303,8,4,2,1,0,1,0,2,32,3.561,157.39,217.17,4.86,18.94,5,15.64,1,0
1472,0,3.0,0,4,1,20,0.3,169,2,6,443.0,892,797,6,1,11,1,1,0,0,10,6,2.009,142.28,398.5,8.71,22.77,3,4.78,0,1
1868,1,0.5,0,2,1,40,0.9,179,8,17,576.0,884,298,8,2,17,1,1,0,0,19,16,1.532,117.23,37.25,10.44,102.3,4,1.19,0,2
1375,0,2.9,0,2,0,20,0.4,147,6,7,596.0,679,3847,8,6,12,1,0,1,3,9,48,1.137,100.39,641.17,9.35,5.19,2,66.94,3,1
881,0,1.0,0,1,0,64,0.5,160,3,6,115.0,636,2110,18,9,6,1,1,1,1,7,162,5.483,34.02,703.33,5.51,29.62,3,6.33,2,0
1742,1,0.5,1,5,1,43,0.9,176,3,7,356.0,1407,1921,9,2,3,1,1,0,2,12,18,3.941,145.13,640.33,9.9,21.76,5,2.88,1,2
1225,0,0.7,1,6,0,60,0.1,107,2,15,10.0,1567,2423,17,11,6,1,0,0,2,21,187,142.455,87.06,1211.5,11.45,24.33,2,3.39,2,1
1970,1,0.5,1,0,1,15,1.0,132,2,0,1399.0,1684,1658,15,9,20,1,1,1,2,0,135,1.203,136.83,829.0,14.92,8.73,6,1.66,1,2
1186,1,0.5,1,2,0,21,0.4,160,8,4,68.0,584,2361,17,8,7,1,0,0,1,6,136,8.464,32.66,295.12,7.41,8.73,3,9.44,2,1
1762,0,0.7,0,7,0,60,0.1,157,4,10,643.0,790,1380,14,5,14,1,0,0,1,17,70,1.227,67.91,345.0,11.22,41.45,1,3.86,1,2
1731,1,1.4,1,4,1,4,0.5,163,6,18,809.0,1988,3892,5,1,4,1,1,1,3,22,5,2.454,357.72,648.67,10.62,1.03,6,32.69,3,2
852,0,1.8,1,5,1,8,0.8,160,5,9,683.0,1349,315,7,6,20,1,0,0,0,14,42,1.972,189.01,63.0,5.32,19.63,3,2.84,0,0
848,1,1.5,1,4,1,36,0.3,151,4,16,56.0,527,2289,10,2,19,1,1,1,1,20,20,9.246,48.18,572.25,5.62,15.42,6,13.73,2,0
1575,0,2.5,1,0,1,11,0.2,185,7,20,492.0,818,2182,7,3,17,1,1,0,2,20,21,1.659,119.32,311.71,8.51,4.93,4,38.18,2,2
1554,0,2.8,1,7,0,23,0.1,105,6,18,699.0,1492,2184,13,9,20,1,0,1,2,25,117,2.131,117.69,364.0,14.8,10.3,3,36.69,2,2
1972,1,1.6,0,0,0,48,0.5,92,8,2,290.0,804,2872,7,2,11,1,0,1,3,2,14,2.763,106.84,359.0,21.43,16.53,3,36.76,2,2
827,1,0.6,1,9,1,35,0.2,87,6,17,23.0,826,2367,5,3,15,1,0,1,1,26,15,34.417,137.72,394.5,9.51,14.51,5,8.52,2,0
1063,0,1.5,0,7,0,3,0.9,155,4,10,394.0,849,1919,12,10,20,1,1,0,1,17,120,2.149,72.0,479.75,6.86,1.52,2,11.51,1,1
1695,0,2.3,1,1,0,34,0.4,84,5,10,713.0,1742,3296,17,6,14,0,0,0,3,11,102,2.44,104.57,659.2,20.18,10.24,1,37.9,3,2
1343,0,2.4,1,5,1,14,0.9,81,8,10,1063.0,1205,462,18,7,11,1,1,1,0,15,126,1.133,84.57,57.75,16.58,25.4,5,8.87,0,1
834,0,0.5,0,2,1,27,0.2,123,1,16,1421.0,1463,1591,11,9,20,1,1,0,1,18,99,1.029,169.96,1591.0,6.78,16.33,3,0.8,1,0
595,0,2.6,0,0,1,20,0.4,122,2,18,623.0,816,1593,19,11,2,1,0,1,0,18,209,1.308,51.33,796.5,4.88,12.08,3,8.28,1,0
1081,1,1.9,1,13,1,42,0.1,101,7,17,83.0,816,2456,7,4,7,1,0,0,1,30,28,9.714,102.53,350.86,10.7,16.81,4,32.66,2,1
911,0,1.4,1,3,0,14,0.7,199,4,4,1563.0,1692,2933,16,3,11,0,1,0,3,7,48,1.082,135.5,733.25,4.58,4.72,2,16.42,2,0
844,0,2.2,1,1,1,22,0.9,197,7,2,777.0,1995,3154,14,11,7,1,0,0,3,3,154,2.564,142.73,450.57,4.28,6.92,3,48.57,3,0
1335,1,3.0,0,3,0,60,0.8,180,2,4,83.0,559,3615,5,2,9,1,0,0,3,7,10,6.655,94.19,1807.5,7.42,16.53,2,21.69,3,1
1883,0,1.6,0,9,0,24,0.1,87,1,16,203.0,915,3563,17,10,3,0,0,0,3,25,170,4.485,52.07,3563.0,21.64,6.7,0,5.7,3,2
1128,1,0.5,1,6,0,33,0.6,147,8,7,938.0,1226,1440,17,15,19,1,0,0,1,13,255,1.306,85.76,180.0,7.67,21.91,3,5.76,1,1
826,1,2.4,1,14,1,57,0.6,117,2,17,1077.0,1183,1907,15,14,5,1,0,0,1,31,210,1.097,99.99,953.5,7.06,29.05,4,9.15,1,0
1650,0,2.3,0,0,1,38,0.7,89,1,1,773.0,881,324,14,10,2,1,1,1,0,1,140,1.138,78.14,324.0,18.54,91.26,4,0.75,0,2
1162,0,1.0,0,0,0,50,0.5,104,4,10,332.0,866,1404,10,3,15,1,1,1,1,10,30,2.601,84.31,351.0,11.17,33.99,3,5.62,1,1
1517,0,2.5,0,2,1,8,0.8,169,4,18,570.0,1645,2738,18,16,12,1,0,0,2,20,288,2.881,91.63,684.5,8.98,2.88,2,27.38,2,2
963,0,0.5,0,1,1,60,0.8,156,3,3,742.0,821,2722,12,6,16,1,0,0,2,4,72,1.105,85.12,907.33,6.17,21.75,2,4.08,2,0
1837,0,1.0,1,5,1,12,0.9,103,8,6,1420.0,1539,2294,8,7,20,1,0,1,3,11,56,1.083,232.67,286.75,17.83,5.13,4,18.35,2,2
1028,1,2.8,0,1,1,30,0.1,193,1,10,1801.0,1923,1424,18,4,13,1,0,1,1,11,72,1.067,138.67,1424.0,5.33,20.13,4,3.99,1,1
1831,1,2.2,1,4,0,55,1.0,189,8,9,1693.0,1790,1133,14,3,10,0,1,0,1,13,42,1.057,164.25,141.62,9.69,45.59,3,19.94,1,2
571,1,2.0,1,5,1,58,0.6,101,6,11,31.0,1536,555,19,10,11,1,0,1,0,16,190,48.0,76.82,92.5,5.65,90.34,5,6.66,0,0
1770,1,2.3,0,0,0,9,0.6,183,6,5,1098.0,1373,3785,13,10,14,1,0,1,3,5,130,1.249,125.57,630.83,9.67,2.37,3,52.23,3,2
970,1,1.3,1,5,0,59,0.2,84,7,19,1765.0,1786,3675,12,6,12,0,0,0,3,24,72,1.011,193.15,525.0,11.55,15.99,2,33.44,3,0
642,1,0.5,0,0,1,38,0.8,86,5,10,887.0,1775,435,9,2,2,1,1,0,0,10,18,1.999,198.43,87.0,7.47,72.41,4,1.09,0,0
622,1,1.9,1,12,0,11,0.8,193,8,14,760.0,1964,3183,5,6,4,1,1,1,2,26,30,2.581,350.99,397.88,3.22,3.43,5,48.38,3,0
600,1,1.8,0,9,1,6,0.8,199,2,15,486.0,1032,3495,17,4,7,1,1,0,2,24,68,2.119,63.37,1747.5,3.02,1.71,4,12.58,3,0
1412,0,0.6,0,9,0,57,0.2,86,3,10,2.0,660,1853,15,10,18,0,0,1,1,19,150,220.0,41.25,617.67,16.42,29.85,1,3.34,1,1
733,0,0.8,0,7,0,16,0.4,138,4,12,202.0,1787,2648,12,6,19,1,1,0,2,19,72,8.803,138.34,662.0,5.31,5.96,2,8.47,2,0
1070,1,3.0,0,9,0,19,0.8,160,7,16,90.0,1614,2647,14,13,20,0,1,0,2,25,182,17.736,107.77,378.14,6.69,7.08,2,55.59,2,1
875,1,0.7,1,1,0,30,0.7,146,8,8,469.0,853,702,19,15,15,1,1,1,0,9,285,1.815,48.67,87.75,5.99,38.19,5,3.93,0,0
1994,1,0.7,0,5,0,5,0.4,189,2,7,86.0,1546,1836,12,11,18,1,0,0,2,12,132,17.77,119.11,918.0,10.55,2.64,2,2.57,1,2
823,0,1.0,1,9,1,18,0.2,182,5,16,1180.0,1350,3894,13,10,9,1,1,0,3,25,130,1.143,128.07,778.8,4.52,4.61,4,19.47,3,0
1908,0,0.5,0,9,1,30,1.0,111,2,19,140.0,1046,2944,19,17,17,1,0,1,3,28,323,7.418,52.77,1472.0,17.19,10.08,3,2.94,2,2
790,0,0.5,1,7,1,44,0.1,89,8,8,1100.0,1437,3424,13,11,9,1,1,0,3,15,143,1.305,129.26,428.0,8.88,12.78,4,13.7,3,0
1330,1,1.8,1,1,0,40,0.5,177,1,5,194.0,892,2678,9,4,14,1,1,1,2,6,36,4.574,91.29,2678.0,7.51,14.73,5,4.82,2,1
1660,0,0.5,0,2,1,15,0.7,100,8,8,440.0,569,2424,12,5,9,1,1,0,2,10,60,1.29,55.33,303.0,16.6,6.08,3,9.7,2,2
1776,0,2.2,0,2,0,20,0.9,82,6,16,1563.0,1803,2671,15,10,12,0,1,1,3,18,150,1.153,149.14,445.17,21.66,7.38,2,35.26,2,2
1611,0,0.5,1,4,1,27,0.9,199,1,10,163.0,1011,3078,15,2,6,1,0,1,2,14,30,6.165,64.0,3078.0,8.1,8.69,4,1.54,3,2
1410,1,0.5,1,0,1,15,0.3,92,3,1,192.0,1311,2304,18,4,18,1,1,0,2,1,72,6.793,69.74,768.0,15.33,6.38,5,3.46,2,1
1772,1,1.6,0,16,1,45,0.5,159,2,18,837.0,1405,1146,6,1,17,1,1,0,1,34,6,1.677,233.63,573.0,11.14,36.91,4,3.67,1,2
1280,1,1.3,0,0,1,39,1.0,108,7,1,356.0,588,2335,6,4,2,1,0,1,1,1,24,1.647,98.2,333.57,11.85,16.38,4,21.25,2,1
1712,1,0.9,1,2,0,23,1.0,155,7,19,155.0,663,1422,5,6,15,1,1,0,1,21,30,4.25,113.48,203.14,11.05,15.45,4,8.96,1,2
1562,1,0.7,0,0,0,55,0.1,140,8,1,1032.0,1776,2096,15,3,3,0,0,0,2,1,45,1.719,128.38,262.0,11.16,25.62,1,11.74,2,2
891,0,1.9,1,1,1,18,0.1,153,6,3,40.0,1435,1303,17,16,4,1,1,1,0,4,272,35.0,79.75,217.17,5.82,13.12,5,14.85,1,0
1957,0,1.2,1,16,1,36,0.8,151,2,19,1194.0,1727,1115,16,2,18,1,0,1,1,35,32,1.445,123.5,557.5,12.96,30.28,4,2.68,1,2
1110,0,0.6,0,1,0,42,0.9,192,5,2,1179.0,1262,456,12,8,18,1,1,0,0,3,96,1.069,132.85,91.2,5.78,77.02,2,1.37,0,1
875,1,1.4,1,1,1,43,0.6,104,8,3,902.0,969,3396,14,2,18,1,0,0,3,4,28,1.073,88.26,424.5,8.41,12.59,4,38.04,3,0
1211,1,1.2,0,0,0,28,0.3,130,2,3,58.0,963,2750,6,1,14,0,1,0,2,3,6,16.322,137.82,1375.0,9.32,10.05,2,6.6,2,1
769,0,0.5,1,12,1,54,0.2,112,4,19,1385.0,1780,941,15,8,20,1,0,1,0,31,120,1.284,140.96,235.25,6.87,53.0,4,1.88,0,0
671,0,2.9,0,7,1,2,0.1,95,6,19,614.0,1617,2278,13,4,2,1,0,0,2,26,52,2.629,123.55,379.67,7.06,0.86,2,39.64,2,0
1872,0,0.5,0,5,1,26,0.5,172,4,10,672.0,1088,2273,8,4,8,1,0,1,2,15,32,1.617,142.09,568.25,10.88,11.21,3,4.55,2,2
1076,0,2.3,1,0,1,14,0.7,191,5,0,1088.0,1718,2355,17,16,2,1,1,1,2,0,272,1.578,112.97,471.0,5.63,5.83,5,27.08,2,1
1325,0,1.9,0,2,0,50,0.1,146,1,10,499.0,695,2328,17,10,2,1,0,0,2,12,170,1.39,47.53,2328.0,9.08,21.07,1,4.42,2,1
911,1,2.2,1,1,1,28,0.5,182,2,2,157.0,763,2638,8,4,13,1,1,1,1,3,32,4.829,86.55,1319.0,5.01,10.46,6,11.61,2,0
1273,1,0.7,0,1,0,23,0.6,178,6,14,485.0,1399,558,8,5,13,1,0,0,0,15,40,2.879,164.52,93.0,7.15,35.66,2,2.34,0,1
1062,0,0.5,0,3,1,39,0.9,124,4,4,571.0,817,1345,16,6,11,1,0,1,0,7,96,1.428,58.63,336.25,8.56,27.59,3,2.69,1,1
1317,0,1.5,0,6,0,12,0.1,154,2,9,431.0,542,425,7,6,11,1,1,1,0,15,42,1.255,86.56,212.5,8.55,23.3,3,1.27,0,1
940,0,2.9,0,0,0,16,0.7,115,4,1,499.0,1090,2192,15,13,9,1,1,1,1,1,195,2.18,74.92,548.0,8.17,7.14,3,25.43,2,0
729,1,2.0,0,0,0,14,0.6,135,6,2,563.0,1055,3397,19,15,17,1,0,1,2,2,285,1.871,59.79,566.17,5.4,4.1,3,40.76,3,0
1494,0,2.4,0,6,1,3,0.9,93,7,17,944.0,1003,1208,14,13,17,1,1,0,1,23,182,1.061,91.82,172.57,16.06,2.34,3,20.29,1,1
1546,1,1.6,1,2,1,27,0.7,124,2,6,1138.0,1491,267,12,10,16,1,1,0,0,8,120,1.309,144.28,133.5,12.47,74.85,5,0.85,0,2
1253,0,0.7,0,0,1,34,0.9,113,4,10,161.0,647,3518,7,3,8,1,1,1,3,10,21,3.994,83.34,879.5,11.09,9.62,4,9.85,3,1
895,0,0.5,1,6,0,16,0.3,164,8,14,126.0,1575,3122,7,6,4,0,0,1,2,20,42,12.402,197.5,390.25,5.46,5.08,2,12.49,3,0
793,1,1.9,1,0,1,43,0.3,124,8,2,15.0,1196,1050,11,9,3,1,1,1,0,2,99,74.75,99.67,131.25,6.4,38.21,6,15.96,1,0
1628,1,1.8,1,11,0,56,0.1,136,2,13,500.0,1713,3358,17,11,12,1,1,1,3,24,187,3.419,99.14,1679.0,11.97,16.57,5,12.09,3,2
625,0,2.7,1,2,0,42,0.8,138,8,3,203.0,1771,2929,10,4,17,1,0,0,2,5,40,8.681,162.05,366.12,4.53,14.19,2,63.27,2,0
1110,0,1.5,0,2,1,12,0.3,153,8,5,961.0,1950,624,9,7,15,1,0,0,0,7,63,2.027,217.39,78.0,7.25,16.92,2,7.49,0,1
999,0,1.7,0,6,0,49,0.6,132,1,17,608.0,1970,1598,7,6,8,0,1,0,1,23,42,3.235,257.71,1598.0,7.57,29.51,1,2.72,1,0
1856,0,0.5,1,0,1,24,0.1,155,5,1,277.0,1155,2052,17,6,10,1,1,0,2,1,102,4.155,65.99,410.4,11.97,11.41,4,5.13,2,2
1715,0,2.6,1,9,1,15,0.6,120,6,20,114.0,1849,1249,16,2,4,1,1,0,1,29,32,16.078,108.97,208.17,14.29,11.37,4,19.48,1,2
1897,1,1.9,0,2,1,54,0.3,154,2,7,630.0,738,412,17,11,2,1,0,0,0,9,187,1.17,53.91,206.0,12.32,107.5,3,1.57,0,2
1202,1,2.4,1,0,0,19,0.1,122,2,1,404.0,1742,595,19,6,3,0,0,0,0,1,114,4.301,89.41,297.5,9.85,27.9,2,2.86,0,1
1171,1,1.7,1,2,0,19,0.3,167,7,19,248.0,755,263,6,5,8,0,0,0,0,21,30,3.032,113.53,37.57,7.01,53.25,2,3.13,0,1
964,0,2.0,0,0,1,22,0.7,86,8,0,225.0,1234,2577,17,16,5,1,1,0,2,0,272,5.46,69.69,322.12,11.21,8.41,3,41.23,2,0
1973,1,2.4,1,6,0,46,0.1,193,4,10,699.0,851,639,6,6,3,0,0,1,0,16,36,1.216,157.32,159.75,10.22,63.53,3,6.13,0,2
1992,1,0.6,1,11,0,2,0.1,141,1,14,649.0,895,3206,10,9,10,1,1,0,3,25,90,1.377,100.5,3206.0,14.13,0.62,4,1.92,3,2
546,1,2.6,1,5,0,26,1.0,159,5,15,416.0,1658,1550,7,2,3,0,1,0,1,20,14,3.976,213.67,310.0,3.43,16.11,3,20.15,1,0
1093,0,0.5,0,1,1,31,0.6,171,2,12,1310.0,1420,1646,12,6,6,1,1,0,1,13,72,1.083,148.61,823.0,6.39,18.16,3,1.65,1,1
1880,1,2.0,0,11,0,35,0.1,200,4,14,930.0,1983,1930,17,7,15,0,1,0,2,25,119,2.13,121.68,482.5,9.4,17.63,2,15.44,1,2
1765,0,1.1,0,3,0,11,0.7,87,2,7,835.0,1175,3695,6,5,18,1,0,0,3,10,30,1.406,205.92,1847.5,20.29,2.97,1,8.13,3,2
1640,0,0.5,1,1,1,36,0.9,87,8,11,664.0,1806,3235,6,1,10,1,0,1,3,12,6,2.716,274.89,404.38,18.85,11.05,4,12.94,3,2
1830,0,0.5,0,0,0,7,0.9,191,6,12,460.0,1583,2334,8,7,14,0,1,0,2,12,56,3.434,183.16,389.0,9.58,2.94,1,7.0,2,2
826,0,0.6,0,3,0,62,0.7,187,4,19,778.0,1615,1998,17,4,17,0,0,0,1,22,68,2.073,99.59,499.5,4.42,30.23,0,4.8,1,0
1864,0,2.2,0,0,1,7,0.1,142,1,2,225.0,1545,2258,10,1,10,1,0,0,2,2,10,6.836,141.94,2258.0,13.13,3.04,2,4.97,2,2
586,1,0.6,0,16,1,42,0.3,121,7,17,785.0,1118,1869,12,2,7,1,1,1,1,33,24,1.422,105.08,267.0,4.84,21.82,5,7.85,1,0
1206,0,3.0,1,10,1,30,0.6,127,3,13,1581.0,1713,1825,7,1,4,1,0,1,2,23,7,1.083,291.38,608.33,9.5,15.94,4,16.42,1,1
832,1,0.5,1,1,1,5,0.1,165,5,2,9.0,1944,3946,12,5,14,1,1,1,3,3,60,194.4,149.54,789.2,5.04,1.26,6,9.86,3,0
848,1,2.8,0,1,0,8,0.1,103,7,3,7.0,1294,436,10,6,15,1,1,1,0,4,60,161.75,117.64,62.29,8.23,15.22,4,8.55,0,0
1851,0,2.9,0,0,0,53,0.7,112,6,2,174.0,1175,2678,6,6,8,1,0,0,2,2,36,6.714,169.69,446.33,16.53,19.52,1,46.6,2,2
1166,1,0.5,0,7,0,59,0.5,80,1,11,437.0,638,3887,8,6,7,1,0,1,3,18,48,1.457,85.92,3887.0,14.58,15.14,3,1.94,3,1
1776,1,2.1,1,10,0,35,0.1,172,4,16,278.0,623,1813,16,13,20,1,1,1,1,26,208,2.233,40.13,453.25,10.33,18.71,5,15.23,1,2
1254,1,1.2,0,2,1,27,0.2,134,2,10,1288.0,1372,817,14,1,16,1,1,1,0,12,14,1.064,125.46,408.5,9.36,30.07,5,1.96,0,1
1494,0,1.6,1,4,1,24,0.2,101,1,17,979.0,1190,3614,15,12,9,1,0,0,3,21,180,1.214,96.31,3614.0,14.79,6.61,3,5.78,3,1
984,1,2.2,1,0,1,39,0.5,119,8,18,56.0,1931,2013,11,7,16,1,1,0,1,18,77,33.877,160.98,251.62,8.27,18.88,5,35.43,2,0
1179,1,0.8,0,1,0,5,0.9,154,5,17,913.0,1429,543,8,7,18,0,0,1,0,18,56,1.563,188.42,108.6,7.66,7.93,2,2.17,0,1
513,0,1.9,0,8,0,27,0.4,174,8,13,282.0,710,3400,16,6,13,0,1,1,2,21,96,2.509,44.94,425.0,2.95,7.89,2,51.68,3,0
557,0,0.5,1,3,0,17,0.2,89,6,4,322.0,710,2623,17,16,16,0,0,0,1,7,272,2.198,43.31,437.17,6.26,6.39,1,7.87,2,0
744,0,1.7,1,0,1,33,0.5,105,4,2,1252.0,1963,2700,9,3,19,1,0,0,2,2,27,1.567,232.83,675.0,7.09,12.06,3,18.36,2,0
1129,1,0.8,1,9,1,21,0.6,116,2,10,1128.0,1702,1400,11,6,13,1,1,0,1,19,66,1.508,170.15,700.0,9.73,14.31,5,2.24,1,1
1148,0,2.3,1,0,1,58,0.3,170,5,20,606.0,688,3127,10,7,11,1,0,0,2,20,70,1.133,83.35,625.4,6.75,18.39,3,35.96,3,1
1793,0,2.7,0,12,1,44,0.7,175,5,17,655.0,1459,2803,19,9,6,1,1,1,3,29,171,2.224,79.96,560.6,10.25,15.51,4,37.84,2,2
1310,0,2.3,1,3,0,15,0.2,150,5,11,954.0,970,2518,18,17,5,0,1,1,2,14,306,1.016,71.61,503.6,8.73,5.86,3,28.96,2,1
1604,0,1.2,0,1,0,6,0.5,191,6,15,68.0,1042,3564,7,2,2,1,1,0,3,16,14,15.101,130.53,594.0,8.4,1.68,2,25.66,3,2
1676,0,1.6,0,2,0,37,0.2,145,1,3,134.0,1197,2515,14,8,4,1,0,1,2,5,112,8.867,80.3,2515.0,11.56,14.48,2,4.02,2,2
1001,0,2.8,1,1,0,40,0.2,117,3,7,922.0,1836,3654,13,9,10,1,1,1,3,8,117,1.989,146.75,1218.0,8.56,10.9,4,30.69,3,1
1086,0,2.7,0,0,1,24,0.1,135,8,19,1874.0,1976,3930,17,1,18,1,1,1,3,19,17,1.054,151.3,491.25,8.04,6.09,4,84.89,3,1
1986,1,0.5,1,7,1,39,0.1,89,7,19,251.0,599,3476,11,8,17,1,1,0,3,26,88,2.377,54.12,496.57,22.31,11.16,5,12.17,3,2
634,1,0.8,0,5,0,41,0.2,192,1,12,1362.0,1853,3242,18,11,4,1,0,1,3,17,198,1.36,121.04,3242.0,3.3,12.55,3,2.59,3,0
502,0,0.8,0,7,0,52,1.0,82,6,8,281.0,1159,2666,5,4,20,1,1,0,2,15,20,4.11,198.76,444.33,6.12,19.23,2,12.8,2,0
1641,0,1.1,0,6,0,48,0.7,97,8,7,224.0,1994,1695,13,6,17,1,0,1,2,13,78,8.862,143.32,211.88,16.92,27.35,2,14.92,1,2
623,0,1.4,1,0,1,15,0.2,189,3,1,778.0,844,3510,14,4,18,1,0,1,2,1,56,1.083,76.53,1170.0,3.3,4.25,4,14.74,3,0
962,1,1.1,1,3,0,17,0.1,161,8,20,546.0,1424,3438,14,3,20,0,0,0,3,23,42,2.603,101.67,429.75,5.98,4.92,2,30.25,3,0
1057,1,2.7,0,3,1,41,0.1,97,4,10,397.0,891,2033,16,9,2,1,1,0,1,13,144,2.239,57.38,508.25,10.9,19.66,4,21.96,2,1
1862,0,1.5,0,1,0,62,1.0,182,1,2,386.0,1046,1017,11,3,9,1,0,0,1,3,33,2.703,92.91,1017.0,10.23,56.72,1,1.53,1,2
555,1,3.0,1,5,1,38,0.8,193,2,10,214.0,1970,1686,8,1,8,1,0,1,1,15,8,9.163,220.18,843.0,2.88,21.76,5,10.12,1,0
1000,0,2.7,0,1,1,58,1.0,135,5,12,461.0,833,862,7,6,20,1,0,0,0,13,42,1.803,119.01,172.4,7.41,61.58,2,11.64,0,1
841,0,0.5,0,6,1,11,0.3,81,5,14,125.0,675,957,6,5,11,1,1,0,0,20,30,5.357,98.07,191.4,10.38,10.63,3,2.39,0,0
865,0,2.9,0,5,0,16,0.1,89,4,12,335.0,1009,3494,13,3,14,0,0,1,3,17,39,3.003,75.94,873.5,9.72,4.56,1,40.53,3,0
999,0,2.6,1,11,1,56,1.0,165,4,13,342.0,1641,3083,8,4,11,1,1,1,2,24,32,4.784,186.25,770.75,6.05,18.0,5,32.06,3,0
1232,0,1.2,0,12,0,30,0.9,131,6,14,625.0,761,1656,8,4,15,1,1,1,1,26,32,1.216,109.42,276.0,9.4,17.47,3,11.92,1,1
1194,0,2.3,0,6,1,34,0.2,165,2,12,494.0,509,313,15,1,19,1,1,0,0,18,15,1.028,44.33,156.5,7.24,83.81,3,1.44,0,1
612,1,0.5,1,1,1,20,0.8,179,8,6,1145.0,1487,3282,16,2,18,1,1,1,3,7,32,1.298,110.4,410.25,3.42,6.05,6,13.13,3,0
1362,1,2.9,0,0,0,47,0.5,186,6,4,600.0,1042,3629,19,17,5,0,1,1,3,4,323,1.734,60.12,604.83,7.32,12.9,3,63.14,3,1
1469,0,1.7,1,11,1,44,0.5,169,2,14,484.0,711,1687,15,5,5,1,1,1,1,25,75,1.466,53.76,843.5,8.69,25.18,5,5.74,1,1
986,1,0.8,0,13,1,28,0.8,182,4,20,199.0,679,1149,8,7,18,1,1,0,0,33,56,3.395,78.62,287.25,5.42,22.91,4,3.68,1,0
1843,0,2.8,0,1,1,62,0.8,104,3,7,21.0,832,3899,5,4,6,1,0,1,3,8,20,37.818,138.71,1299.67,17.72,15.87,3,32.75,3,2
1561,0,0.5,1,10,1,4,0.5,134,2,13,885.0,1811,1783,13,12,10,1,1,0,2,23,156,2.044,143.98,891.5,11.65,2.17,4,1.78,1,2
1695,1,0.5,1,2,1,47,0.5,189,5,13,308.0,1208,1629,8,6,11,1,1,0,1,15,48,3.909,138.52,325.8,8.97,27.8,5,4.07,1,2
667,0,2.6,1,3,0,8,0.8,185,1,7,1015.0,1947,2528,11,8,8,0,1,0,2,10,88,1.916,182.97,2528.0,3.61,3.11,2,6.57,2,0
1768,1,2.0,0,0,1,2,0.8,88,7,2,1303.0,1814,3256,9,6,5,1,1,0,3,2,54,1.391,223.35,465.14,20.09,0.61,4,45.58,3,2
1269,1,2.8,1,16,0,41,1.0,180,8,17,406.0,1036,2341,10,9,16,0,0,1,2,33,90,2.545,101.16,292.62,7.05,17.18,3,52.44,2,1
1109,1,2.8,1,6,0,57,0.9,151,1,12,124.0,833,2785,15,10,16,1,0,0,2,18,150,6.664,52.64,2785.0,7.34,20.21,3,7.8,2,1
936,0,0.5,1,14,1,14,0.1,164,3,17,150.0,1677,3761,13,1,12,1,0,0,3,31,13,11.106,120.26,1253.67,5.71,3.71,3,5.64,3,0
1713,1,2.0,0,9,1,5,0.7,199,6,16,108.0,1963,1513,15,6,2,1,0,1,1,25,90,18.009,122.87,252.17,8.61,3.17,4,18.16,1,2
1175,1,1.7,1,1,1,45,0.6,167,2,7,90.0,557,2240,10,6,5,1,1,0,1,8,60,6.121,51.29,1120.0,7.04,19.67,5,7.62,2,1
1940,1,1.0,1,0,1,5,0.2,194,4,1,588.0,1809,820,19,18,3,1,1,1,1,1,342,3.071,95.11,205.0,10.0,5.55,6,3.28,0,2
855,1,0.5,0,2,1,59,0.5,159,2,3,1028.0,1196,1875,16,8,8,1,1,1,1,5,128,1.162,92.77,937.5,5.38,30.55,5,1.88,1,0
771,1,0.5,1,0,1,33,0.1,157,3,17,776.0,1247,920,16,2,10,1,1,1,0,17,32,1.605,86.4,306.67,4.91,33.05,6,1.38,0,0
645,0,2.5,0,10,1,63,1.0,174,4,14,278.0,584,3615,18,8,13,1,0,1,2,24,144,2.093,34.04,903.75,3.71,17.35,3,36.15,3,0
1307,0,1.8,0,2,0,7,0.6,88,7,3,897.0,1103,1412,16,9,5,0,0,1,1,5,144,1.228,83.63,201.71,14.85,4.73,1,17.79,1,1
1948,0,2.9,1,4,0,5,0.2,136,1,13,651.0,700,361,6,1,10,0,1,0,0,17,6,1.074,136.56,361.0,14.32,11.05,2,1.05,0,2
1509,0,0.6,1,5,0,50,0.3,81,4,8,1010.0,1684,1540,12,8,3,1,1,0,1,13,96,1.666,151.05,385.0,18.63,31.17,3,3.7,1,2
626,1,2.8,1,3,1,11,0.8,109,2,9,737.0,1759,1077,6,1,4,1,0,1,0,12,6,2.383,272.45,538.5,5.74,9.55,5,6.03,1,0
1190,0,2.0,1,0,0,40,0.2,93,5,1,1399.0,1646,3610,13,7,9,0,0,1,3,1,91,1.176,154.3,722.0,12.8,11.03,2,36.1,3,1
1727,1,2.1,1,10,0,57,0.3,158,6,18,376.0,1288,512,5,2,6,0,0,0,0,28,10,3.416,223.63,85.33,10.93,95.0,2,6.45,0,2
1670,1,3.0,0,14,0,62,0.5,114,8,20,1117.0,1330,3024,6,6,20,0,0,1,3,34,36,1.19,248.12,378.0,14.65,20.31,2,72.58,3,2
1150,1,0.5,1,4,1,27,1.0,134,1,17,234.0,1947,1610,11,6,16,1,0,0,1,21,66,8.285,163.42,1610.0,8.58,16.15,4,0.8,1,1
1208,0,2.9,0,5,1,16,1.0,175,1,19,691.0,1028,2201,17,16,12,1,0,0,1,24,272,1.486,68.81,2201.0,6.9,7.11,2,6.38,2,1
1812,1,1.3,1,4,1,42,1.0,162,7,15,380.0,1550,3338,18,13,11,1,1,1,3,19,234,4.068,83.99,476.86,11.19,12.5,6,30.38,3,2
770,1,1.5,1,6,0,61,0.2,196,4,9,603.0,1483,3473,7,3,4,0,0,1,3,15,21,2.455,200.11,868.25,3.93,17.47,3,20.84,3,0
1559,1,1.3,1,10,1,10,0.3,114,8,17,117.0,681,2203,7,5,15,1,1,1,1,27,35,5.771,86.37,275.38,13.68,4.44,6,22.91,2,2
1902,0,0.5,0,10,0,13,0.2,155,4,11,766.0,877,940,14,10,15,1,1,0,1,21,140,1.143,77.63,235.0,12.27,12.77,2,1.88,0,2
1751,0,2.5,0,1,0,4,0.6,146,8,9,1499.0,1952,1155,19,14,12,0,1,1,1,10,266,1.301,123.06,144.38,11.99,3.26,2,23.1,1,2
1416,1,1.8,1,0,0,20,0.1,93,4,0,1175.0,1578,3872,10,2,7,0,0,1,3,0,20,1.342,178.86,968.0,15.23,5.15,3,27.88,3,1
1288,0,0.5,1,3,1,61,0.2,115,6,6,988.0,1503,1882,16,6,10,1,0,1,2,9,96,1.52,105.8,313.67,11.2,31.48,4,5.65,1,1
1003,1,2.9,0,16,1,16,0.6,119,8,19,190.0,1905,1798,16,7,10,1,0,0,1,35,112,9.974,112.61,224.75,8.43,8.62,3,41.71,1,1
1715,1,0.5,1,1,1,18,0.1,96,6,3,674.0,1375,2598,17,2,3,1,0,0,3,4,34,2.037,85.07,433.0,17.86,6.83,4,7.79,2,2
1967,0,0.5,0,0,1,46,0.6,199,1,7,518.0,1374,1567,15,2,7,1,1,0,1,7,30,2.647,91.78,1567.0,9.88,28.22,3,0.78,1,2
962,0,1.0,1,14,0,2,0.9,125,1,20,1618.0,1916,1491,16,2,14,1,0,0,1,34,32,1.183,147.52,1491.0,7.7,1.29,2,1.49,1,0
1487,0,1.5,0,5,1,42,0.8,120,2,7,857.0,989,2003,12,4,3,1,0,0,2,12,48,1.153,100.67,1001.5,12.39,20.43,2,6.01,2,1
1569,1,1.6,1,4,1,54,0.9,190,4,6,371.0,665,3905,6,2,4,1,0,0,3,10,12,1.788,108.78,976.25,8.26,13.8,4,24.99,3,2
1146,0,3.0,0,5,1,57,0.4,111,5,10,73.0,583,291,19,9,11,1,1,1,0,15,171,7.878,29.38,58.2,10.32,148.37,4,4.36,0,1
1379,1,1.5,0,6,1,9,0.8,118,8,13,98.0,755,1693,11,4,18,1,0,1,1,19,44,7.626,63.44,211.62,11.69,5.13,4,20.32,1,1
1504,0,1.9,1,7,1,25,0.3,152,4,9,395.0,1853,1788,13,11,13,1,0,1,1,16,143,4.679,135.33,447.0,9.89,13.54,4,13.59,1,2
1945,0,1.2,0,3,0,26,0.7,112,6,5,1064.0,1540,3322,18,7,20,0,0,1,3,8,126,1.446,98.52,553.67,17.37,7.77,1,23.92,3,2
1630,1,2.8,1,0,1,32,0.9,80,6,1,712.0,1726,1751,12,10,20,1,0,1,2,1,120,2.421,143.62,291.83,20.38,17.68,5,29.42,1,2
1125,1,2.7,0,10,0,23,0.4,117,1,14,774.0,939,1641,14,8,12,1,1,0,1,24,112,1.212,81.13,1641.0,9.62,13.51,3,4.43,1,1
614,1,0.7,0,4,1,51,0.1,178,7,7,1012.0,1040,2854,10,7,12,1,0,1,2,11,70,1.027,131.92,407.71,3.45,17.66,4,13.98,2,0
854,0,1.0,0,5,1,17,0.9,101,4,9,730.0,1148,3115,7,6,2,1,0,0,2,14,42,1.57,170.06,778.75,8.46,5.41,2,12.46,3,0
1470,1,1.7,1,6,0,45,0.1,121,1,9,777.0,1090,3259,10,1,14,1,0,1,3,15,10,1.401,121.69,3259.0,12.15,13.71,4,5.54,3,1
1826,1,0.5,1,5,1,49,0.6,172,8,6,973.0,1633,1612,17,9,17,1,1,0,2,11,153,1.677,105.61,201.5,10.62,29.27,5,6.45,1,2
807,1,0.5,1,0,0,37,0.2,127,4,0,245.0,829,2319,5,4,4,0,0,0,1,0,20,3.37,144.07,579.75,6.35,15.65,2,4.64,2,0
1996,1,2.8,1,0,1,7,0.1,138,5,4,937.0,1083,1258,17,14,16,1,0,0,1,4,238,1.155,79.56,251.6,14.46,5.27,4,17.61,1,2
1083,1,2.0,0,3,0,41,0.7,158,5,5,937.0,1164,1543,18,3,10,0,0,1,1,8,54,1.241,78.65,308.6,6.85,25.52,2,15.43,1,1
1035,0,0.5,1,14,1,49,0.3,178,2,15,574.0,1171,3991,12,4,19,1,0,0,3,29,48,2.037,100.32,1995.5,5.81,12.26,3,3.99,3,1
1521,1,1.6,0,5,1,62,0.3,143,1,9,678.0,1630,3555,5,2,19,1,0,0,3,14,10,2.401,294.23,3555.0,10.64,17.36,3,5.69,3,2
1314,1,2.8,1,13,1,5,1.0,87,4,18,82.0,512,3411,17,16,18,1,0,0,3,31,272,6.169,28.81,852.75,15.1,1.46,4,38.2,3,1
535,0,1.9,0,5,0,24,0.2,190,8,19,398.0,1775,524,9,3,4,0,0,0,0,24,27,4.449,181.91,65.5,2.82,39.23,0,7.96,0,0
673,1,1.9,0,13,1,35,0.4,142,6,14,1096.0,1570,3541,18,17,4,1,0,1,3,27,306,1.431,100.77,590.17,4.74,9.84,4,40.37,3,0
1219,0,1.6,1,5,0,4,0.3,169,6,7,1419.0,1698,1998,9,2,4,0,0,0,2,12,18,1.196,221.29,333.0,7.21,1.95,1,19.18,1,1
1606,1,0.5,1,0,1,33,0.9,200,5,0,157.0,770,3437,11,1,2,1,0,0,3,0,11,4.873,65.49,687.4,8.03,9.55,4,8.59,3,2
1603,1,0.5,1,1,1,17,0.5,114,2,8,430.0,1207,1637,17,3,11,1,0,1,1,9,51,2.8,71.18,818.5,14.06,10.01,5,1.64,1,2
1958,0,0.5,0,6,1,52,0.4,153,1,14,1524.0,1848,3064,7,6,3,1,0,0,3,20,42,1.212,299.42,3064.0,12.8,16.82,2,1.53,3,2
695,0,0.5,0,16,1,12,0.6,196,2,19,1649.0,1829,2855,16,13,7,1,1,1,2,35,208,1.108,144.86,1427.5,3.55,4.16,4,2.86,2,0
1441,0,0.6,1,0,1,53,0.5,106,1,12,254.0,954,1393,9,4,4,1,1,1,1,12,36,3.741,98.72,1393.0,13.59,36.29,5,0.84,1,1
1470,0,2.2,1,4,1,33,0.4,138,7,10,1790.0,1988,1633,18,4,4,1,0,0,2,14,72,1.11,140.8,233.29,10.65,19.47,3,25.15,1,1
1890,0,1.1,0,4,1,48,0.5,127,4,5,1438.0,1832,2392,10,4,15,1,0,1,3,9,40,1.273,211.72,598.0,14.88,19.7,3,10.52,2,2
1152,1,2.1,1,0,1,26,0.3,82,2,0,1304.0,1673,3284,15,2,8,1,0,1,3,0,30,1.282,132.57,1642.0,14.05,7.86,5,13.79,3,1
1619,1,0.9,0,3,0,20,0.9,117,6,9,813.0,1180,464,7,5,16,1,0,1,0,12,35,1.45,179.12,77.33,13.84,36.16,3,2.51,0,2
1002,1,1.8,0,1,0,45,0.7,180,7,7,948.0,1007,1234,19,13,18,1,1,0,0,8,247,1.061,69.15,176.29,5.57,34.48,3,15.55,1,1
742,1,0.5,0,0,1,36,0.7,139,3,1,1161.0,1288,292,8,6,6,1,1,1,0,1,48,1.108,192.67,97.33,5.34,93.47,5,0.44,0,0
1306,1,2.1,1,2,1,33,0.4,174,3,9,867.0,1258,2521,6,5,16,1,0,0,2,11,30,1.449,218.26,840.33,7.51,12.88,4,15.88,2,1
1424,1,2.9,1,0,0,20,0.6,180,5,0,181.0,1199,2658,15,6,19,1,0,0,2,0,90,6.588,75.79,531.6,7.91,7.42,3,38.54,2,1
942,0,1.4,1,8,0,27,0.5,91,4,9,754.0,1532,587,6,3,13,0,1,1,0,17,18,2.029,243.93,146.75,10.35,40.1,3,3.29,0,0
1934,1,2.7,0,8,1,2,0.1,118,4,16,242.0,1127,2190,18,1,9,1,0,1,2,24,18,4.638,60.67,547.5,16.39,0.89,4,23.65,2,2
1290,1,1.4,1,16,1,35,0.3,110,4,20,405.0,742,879,16,2,8,1,0,0,0,36,32,1.828,49.73,219.75,11.73,36.52,4,4.92,0,1
930,0,2.1,1,0,0,54,0.9,80,1,13,1569.0,1763,1743,7,1,9,0,1,0,2,13,7,1.123,295.01,1743.0,11.62,29.96,2,3.66,1,0
1699,1,0.5,0,16,0,21,0.1,156,4,20,105.0,1099,1181,16,6,18,1,1,0,1,36,96,10.368,64.94,295.25,10.89,16.76,3,2.36,1,2
1849,1,0.5,0,1,0,29,0.5,181,7,12,978.0,1986,3330,14,4,15,1,0,1,3,13,56,2.029,147.58,475.71,10.22,8.65,3,11.66,3,2
1922,0,0.5,0,15,1,42,0.6,153,8,16,725.0,1882,3564,12,1,17,1,0,0,3,31,12,2.592,155.14,445.5,12.56,11.73,2,14.26,3,2
548,0,1.0,1,0,1,56,0.4,146,4,14,657.0,1657,562,17,14,8,1,1,1,0,14,238,2.518,99.03,140.5,3.75,86.31,5,2.25,0,0
916,1,0.5,0,0,1,47,0.2,82,4,1,1147.0,1393,1659,11,10,11,1,1,0,1,1,110,1.213,150.37,414.75,11.17,27.32,4,3.32,1,0
1783,1,0.5,0,8,0,14,0.6,183,8,11,910.0,1566,1816,12,7,7,0,0,1,2,19,84,1.719,139.32,227.0,9.74,7.47,2,7.26,1,2
1083,1,1.4,1,2,1,49,0.8,156,5,9,295.0,503,1338,16,8,5,1,1,1,0,11,128,1.699,34.3,267.6,6.94,34.83,6,9.37,1,1
1698,0,2.8,0,10,1,7,0.8,131,8,12,26.0,508,2992,15,3,17,1,1,0,2,22,45,18.815,31.79,374.0,12.96,2.32,3,67.02,2,2
1969,0,0.8,1,5,1,7,0.2,85,8,20,332.0,764,315,16,7,7,1,1,0,0,25,112,2.294,49.0,39.38,23.16,17.17,4,2.02,0,2
869,0,1.9,0,0,0,2,0.6,197,7,3,519.0,533,3249,19,6,12,0,0,1,2,3,114,1.025,37.2,464.14,4.41,0.61,1,43.21,3,0
1337,1,2.7,1,0,0,5,0.7,200,4,1,161.0,1029,3242,10,1,20,0,1,0,2,1,10,6.352,94.68,810.5,6.68,1.53,3,35.01,3,1
637,1,0.8,1,2,0,28,0.6,194,4,6,1080.0,1289,2725,15,10,7,0,0,0,2,8,150,1.192,105.1,681.25,3.28,10.14,2,8.72,2,0
833,1,0.6,1,0,1,27,0.3,145,4,2,649.0,1290,586,19,8,19,1,0,1,0,2,152,1.985,72.2,146.5,5.74,40.16,5,1.41,0,0
1248,0,2.4,0,6,1,9,0.4,89,3,8,71.0,1686,2454,9,8,13,1,1,0,2,14,72,23.417,168.75,818.0,14.02,3.61,3,17.67,2,1
1174,1,0.9,0,7,0,30,1.0,147,4,20,744.0,1244,804,17,14,16,0,1,1,0,27,238,1.67,80.53,201.0,7.99,33.89,3,2.89,0,1
1831,1,2.3,0,3,1,44,0.2,148,7,14,437.0,1113,2460,10,5,18,1,0,0,2,17,50,2.541,108.7,351.43,12.37,17.58,3,39.61,2,2
1002,0,2.6,1,7,0,27,0.1,146,1,10,115.0,1111,1295,18,15,17,1,0,1,0,17,270,9.578,58.79,1295.0,6.86,19.79,3,3.37,1,1
1010,1,2.0,1,2,1,8,0.9,139,5,3,547.0,957,2625,15,11,12,1,1,0,2,5,165,1.746,68.89,525.0,7.27,3.0,5,26.25,2,1
1117,1,0.5,1,2,0,21,0.1,177,2,19,495.0,1035,1999,15,9,2,1,0,1,1,21,135,2.087,71.7,999.5,6.31,10.23,4,2.0,1,1
990,1,2.7,1,3,0,15,0.9,153,2,7,1466.0,1717,2698,11,8,6,1,0,0,2,10,88,1.17,188.14,1349.0,6.47,5.48,3,14.57,2,0
1564,0,1.4,0,5,1,26,0.1,129,6,16,117.0,1115,3742,13,3,13,1,1,0,3,21,39,9.449,80.08,623.67,12.12,6.93,3,31.43,3,2
1065,0,2.8,1,0,1,21,0.1,158,5,3,760.0,1722,1193,16,13,20,1,0,1,1,3,208,2.263,110.72,238.6,6.74,16.6,4,16.7,1,1
1982,0,1.1,0,12,0,24,0.1,129,7,16,764.0,1873,3511,16,14,15,1,1,1,3,28,224,2.448,118.99,501.57,15.36,6.8,3,27.03,3,2
1607,0,1.1,1,6,1,20,1.0,192,2,8,776.0,1005,885,11,1,14,1,1,0,0,14,11,1.293,105.81,442.5,8.37,20.74,4,1.95,0,2
1066,0,3.0,1,6,1,5,0.5,167,5,7,53.0,1504,1044,8,7,11,1,0,0,0,13,56,27.852,167.21,208.8,6.38,4.47,3,15.66,1,1
681,0,0.5,1,12,1,17,0.9,194,5,19,371.0,1702,2548,6,1,5,1,0,1,2,31,6,4.575,248.85,509.6,3.51,6.57,4,6.37,2,0
1163,1,2.1,1,0,1,19,0.9,132,2,1,728.0,818,2940,13,6,15,1,0,1,2,1,78,1.122,78.22,1470.0,8.81,6.39,5,12.35,2,1
1285,0,0.8,1,4,1,11,0.8,199,5,7,1791.0,1896,3966,17,15,2,1,1,1,3,11,255,1.058,144.9,793.2,6.46,2.77,5,15.86,3,1
753,1,0.5,0,11,1,48,0.1,121,8,20,606.0,1316,3484,11,10,16,1,0,0,3,31,110,2.168,120.74,435.5,6.22,13.71,3,13.94,3,0
1779,1,2.6,1,2,0,5,0.8,90,1,3,1225.0,1717,1246,12,2,20,0,1,0,1,5,24,1.4,162.25,1246.0,19.77,3.8,3,3.24,1,2
987,1,1.9,0,4,1,52,0.5,83,3,8,419.0,736,2757,17,12,15,1,1,0,2,12,204,1.752,47.05,919.0,11.89,18.62,4,15.71,2,0
511,0,0.9,1,15,1,24,0.6,136,3,18,367.0,1264,2378,18,3,4,1,0,0,1,33,54,3.435,69.27,792.67,3.76,9.91,3,6.42,2,0
1044,0,1.8,0,4,1,12,0.7,104,6,5,1230.0,1263,1794,18,7,19,1,1,1,1,9,126,1.026,92.79,299.0,10.04,6.48,4,19.38,1,1
1855,0,0.5,0,5,0,32,0.6,187,8,18,267.0,1161,3933,7,6,7,1,0,1,3,23,42,4.332,148.91,491.62,9.92,8.12,2,15.73,3,2
946,1,1.4,0,9,0,26,0.1,186,6,10,273.0,891,1637,7,3,6,1,0,1,0,19,21,3.252,116.49,272.83,5.09,15.31,3,13.75,1,0
657,1,1.9,1,2,0,21,0.1,110,8,8,705.0,1905,783,6,1,11,1,1,0,0,10,6,2.698,290.18,97.88,5.97,24.29,4,11.9,0,0
1673,1,1.6,0,2,0,42,0.5,182,5,6,214.0,679,3094,12,4,20,0,0,0,2,8,48,3.158,54.76,618.8,9.19,13.46,1,24.75,3,2
731,1,0.5,1,0,1,28,0.5,130,8,0,424.0,1032,1774,12,8,10,1,0,0,1,0,96,2.428,85.82,221.75,5.62,15.28,4,7.1,1,0
926,1,0.8,0,6,1,59,0.8,161,7,14,84.0,793,256,18,7,2,1,0,1,0,20,126,9.329,41.97,36.57,5.75,168.57,4,1.43,0,0
1261,0,0.5,0,3,1,52,0.3,86,2,9,605.0,1429,1365,9,3,16,1,0,1,1,12,27,2.358,155.18,682.5,14.66,36.29,3,1.36,1,1
618,0,1.1,0,11,1,45,0.2,188,3,20,1175.0,1586,2339,19,2,10,1,1,0,2,31,38,1.349,98.69,779.67,3.29,18.87,3,7.72,2,0
936,1,2.3,0,5,1,57,0.2,129,2,6,657.0,938,2049,12,8,5,1,1,0,1,11,96,1.426,88.09,1024.5,7.26,27.13,4,9.43,2,0
1485,1,0.9,1,0,1,28,0.8,158,5,1,371.0,1023,3241,14,11,11,1,1,0,3,1,154,2.75,72.55,648.2,9.4,8.58,5,14.58,3,1
1339,1,0.5,1,10,1,21,0.5,80,4,11,833.0,1441,867,8,3,3,1,1,0,0,21,24,1.728,184.94,216.75,16.74,22.18,5,1.73,0,1
508,1,1.3,0,1,0,50,0.7,82,5,9,102.0,1195,2175,14,4,14,0,0,1,1,10,56,11.602,79.96,435.0,6.2,22.48,2,14.14,2,0
1938,1,0.5,1,5,0,44,0.5,121,2,9,1299.0,1935,3497,18,10,18,0,1,0,3,14,180,1.488,122.66,1748.5,16.02,12.52,3,3.5,3,2
995,0,1.3,1,1,0,10,0.1,104,4,3,258.0,1889,609,11,3,5,1,0,1,0,4,33,7.293,158.88,152.25,9.57,14.39,3,3.17,0,0
1086,1,1.7,1,0,1,43,0.2,111,6,1,56.0,1150,3285,11,5,17,1,1,0,2,1,55,20.175,95.95,547.5,9.78,13.0,5,33.51,3,1
1322,0,2.3,1,1,1,35,0.1,157,1,3,443.0,708,3684,15,8,6,1,0,0,3,4,120,1.595,52.2,3684.0,8.42,9.47,3,8.47,3,1
1864,0,1.9,1,2,0,57,0.1,181,6,6,1279.0,1793,3586,19,9,8,0,0,1,3,8,171,1.401,110.12,597.67,10.3,15.82,2,40.88,3,2
1944,1,0.5,0,1,1,26,0.5,92,4,9,313.0,712,2322,19,8,7,1,0,1,2,10,152,2.268,38.89,580.5,21.13,10.98,4,4.64,2,2
581,0,0.6,0,5,1,56,0.2,180,2,10,523.0,565,354,10,4,13,1,1,1,0,15,40,1.078,69.99,177.0,3.23,125.64,4,0.42,0,0
1020,1,0.7,1,3,1,27,0.7,128,4,4,919.0,1482,3204,18,1,9,1,0,1,3,7,18,1.611,91.78,801.0,7.97,8.36,5,8.97,3,1
1936,0,1.3,0,2,0,44,0.1,139,3,3,570.0,1021,1400,17,7,3,0,0,1,1,5,119,1.788,64.96,466.67,13.93,29.99,1,5.46,1,2
1329,1,1.7,0,5,1,23,0.6,198,8,6,380.0,682,2308,11,10,9,1,1,0,1,11,110,1.79,65.06,288.5,6.71,9.77,4,31.39,2,1
808,1,0.5,1,3,0,46,0.5,105,8,15,119.0,529,1082,15,5,10,1,0,1,0,18,75,4.408,33.89,135.25,7.7,39.77,4,4.33,1,0
994,0,1.2,1,4,0,40,0.9,164,2,17,296.0,839,3104,17,7,11,0,0,0,2,21,119,2.825,49.43,1552.0,6.06,12.77,1,7.45,3,0
1811,1,2.0,0,3,1,22,0.2,82,2,8,358.0,614,2847,9,2,4,1,0,1,2,11,18,1.71,71.07,1423.5,22.09,7.64,4,11.39,2,2
765,1,2.5,0,3,0,44,0.3,88,8,11,1364.0,1851,2256,6,1,19,0,1,1,2,14,6,1.356,328.47,282.0,8.69,19.1,3,45.12,2,0
993,1,2.3,1,0,0,16,0.4,106,7,13,424.0,1639,1113,14,1,6,0,0,1,0,13,14,3.856,112.86,159.0,9.37,13.48,3,17.92,1,0
1136,1,1.6,0,15,0,32,0.5,150,6,19,961.0,1030,3210,10,3,8,1,1,1,3,34,30,1.071,128.06,535.0,7.57,9.89,4,30.82,3,1
719,1,0.5,1,0,1,23,0.4,113,6,9,431.0,1727,3990,14,9,12,1,1,1,3,9,126,3.998,118.66,665.0,6.36,5.76,6,11.97,3,0
733,1,0.6,1,0,0,63,0.3,105,7,10,950.0,1739,984,17,4,9,1,0,1,0,10,68,1.829,110.09,140.57,6.98,59.38,4,4.13,0,0
1946,0,2.7,1,8,0,8,0.3,123,8,19,647.0,1849,3117,6,6,2,1,0,0,3,27,36,2.853,279.85,389.62,15.82,2.54,2,67.33,3,2
1230,1,1.6,0,0,1,48,0.7,111,7,2,1942.125,1963,1622,18,17,16,1,1,1,2,2,306,1.01,145.34,231.71,11.08,28.5,5,18.17,1,1
1577,0,1.0,1,0,1,64,0.1,105,3,7,116.0,1432,2967,7,3,7,1,1,1,3,7,21,12.239,179.59,989.0,15.02,21.35,5,8.9,2,2
1514,1,1.4,0,3,1,12,0.6,138,3,4,306.0,538,1037,15,3,15,1,0,1,0,7,45,1.752,38.68,345.67,10.97,10.78,4,4.36,1,2
579,1,2.5,0,3,0,7,1.0,89,8,10,808.0,1517,2908,12,4,11,0,0,1,2,13,48,1.875,132.21,363.5,6.51,2.38,2,58.16,2,0
574,1,3.0,0,1,1,30,0.9,126,2,3,94.0,1334,1167,5,3,19,1,0,0,0,4,15,14.042,222.88,583.5,4.56,24.2,3,7.0,1,0
1072,1,2.2,1,6,0,19,0.4,114,8,16,380.0,877,2715,15,9,16,0,1,0,2,22,135,2.302,59.74,339.38,9.4,6.91,3,47.78,2,1
843,0,1.3,1,1,0,16,0.9,119,7,4,593.0,732,1734,17,8,14,0,0,1,1,5,136,1.232,52.34,247.71,7.08,8.92,2,15.78,1,0
1492,1,1.5,0,5,0,11,0.9,85,3,7,1684.0,1746,2259,14,12,19,0,1,1,3,12,168,1.036,161.72,753.0,17.55,4.77,3,10.17,2,1
1807,1,2.9,0,0,0,16,0.2,125,3,0,1221.0,1415,2921,8,5,17,0,1,0,3,0,40,1.158,207.66,973.67,14.46,5.42,2,25.41,2,2
909,1,0.7,1,7,0,47,0.1,146,3,9,410.0,1643,1244,14,10,16,0,1,0,0,16,140,3.998,112.89,414.67,6.23,35.75,3,2.61,1,0
1876,0,1.3,1,9,1,64,1.0,98,3,19,600.0,1211,3132,17,6,2,1,1,1,3,28,102,2.015,75.08,1044.0,19.14,20.26,5,12.21,3,2
1436,1,2.4,1,3,1,23,0.3,106,5,4,189.0,1411,2488,8,4,8,1,0,0,2,7,32,7.426,158.18,497.6,13.55,9.09,4,29.86,2,1
1251,0,0.5,1,10,1,29,0.7,133,6,16,308.0,591,1052,11,9,11,1,0,0,0,26,99,1.913,55.54,175.33,9.41,25.72,3,3.16,1,1
636,0,0.5,0,8,1,28,0.9,152,2,15,148.0,742,2927,15,6,3,1,0,0,2,23,90,4.98,47.29,1463.5,4.18,9.46,2,2.93,2,0
1354,1,0.7,1,3,1,26,0.5,136,4,6,297.0,918,2090,5,1,13,1,1,0,1,9,5,3.081,160.81,522.5,9.96,12.14,5,5.85,2,1
930,1,0.5,1,3,1,34,0.5,190,4,16,1050.0,1726,2131,7,2,6,1,0,1,2,19,14,1.642,252.54,532.75,4.89,15.59,5,4.26,2,0
1830,1,1.0,0,7,1,47,0.3,117,1,11,1191.0,1882,3362,13,10,11,1,0,0,3,18,130,1.579,159.09,3362.0,15.64,13.89,3,3.36,3,2
1424,0,0.5,1,16,1,23,0.6,80,4,18,1399.0,1663,1053,14,11,16,1,1,1,1,34,154,1.188,144.88,263.25,17.8,20.38,5,2.11,1,1
583,1,0.9,1,1,0,51,0.9,88,8,2,1658.0,1794,1799,16,9,7,0,1,0,1,3,144,1.081,143.7,224.88,6.62,27.47,3,12.95,1,0
648,1,0.5,1,9,1,54,0.4,109,5,20,1153.0,1817,3124,5,6,13,1,0,0,3,29,30,1.575,358.66,624.8,5.94,17.14,4,7.81,3,0
1203,1,0.5,1,0,1,11,0.9,109,2,12,35.0,510,1672,17,13,19,1,1,0,0,12,221,14.167,28.4,836.0,11.04,6.35,5,1.67,1,1
1777,0,2.2,1,0,0,15,0.2,100,4,7,553.0,874,1552,10,8,10,1,1,0,1,7,80,1.578,94.02,388.0,17.77,9.28,3,13.66,1,2
1299,1,2.8,1,0,0,64,0.5,83,6,6,46.0,908,1938,19,8,5,1,0,1,1,6,152,19.319,45.46,323.0,15.65,32.12,4,32.56,1,1
1494,0,1.9,0,2,1,47,0.4,129,2,9,207.0,1177,3202,13,1,14,1,0,0,3,11,13,5.659,85.36,1601.0,11.58,14.56,2,12.17,3,1
527,0,0.7,1,4,0,53,0.9,128,1,11,67.0,1924,1302,13,7,13,0,0,0,0,15,91,28.294,137.51,1302.0,4.12,38.64,1,0.91,1,0
793,1,2.8,1,1,1,64,0.4,179,4,2,818.0,1006,2296,12,6,5,1,1,0,1,3,72,1.228,99.74,574.0,4.43,27.32,5,25.72,2,0
873,1,0.5,1,6,0,8,0.6,152,7,9,1257.0,1411,575,15,8,7,1,0,1,0,15,120,1.122,118.11,82.14,5.74,12.09,4,2.01,0,0
722,0,1.1,0,12,0,12,1.0,93,6,20,138.0,1371,2359,13,6,3,0,0,0,1,32,78,9.863,98.42,393.17,7.76,4.99,0,15.57,2,0
1250,1,1.5,0,14,1,20,0.4,167,5,18,11.0,1020,3314,6,5,6,1,1,1,2,32,30,85.0,145.72,662.8,7.49,5.99,5,24.86,3,1
1358,0,1.7,0,0,0,60,0.6,147,3,1,889.0,1635,440,14,10,13,1,0,0,0,1,140,1.837,124.07,146.67,9.24,113.27,1,2.24,0,1
1035,1,1.9,1,8,0,11,1.0,173,6,10,831.0,1709,2002,17,8,5,1,1,0,1,18,136,2.054,105.57,333.67,5.98,5.35,4,22.82,2,1
1289,0,0.8,1,3,1,16,0.9,161,6,17,713.0,1854,3167,14,8,20,1,1,0,3,20,112,2.597,132.42,527.83,8.01,5.01,4,15.2,3,1
1445,0,2.2,1,2,0,37,0.4,82,2,6,527.0,1393,3480,17,16,17,1,1,1,3,8,272,2.638,82.74,1740.0,17.62,10.58,4,15.31,3,1
1702,1,2.3,1,12,1,47,0.6,107,2,19,1284.0,1643,595,10,6,19,1,0,1,1,31,60,1.279,189.56,297.5,15.91,69.01,5,2.74,0,2
534,0,0.5,1,4,0,2,0.2,85,5,16,911.0,1220,2466,5,3,18,0,1,1,2,20,15,1.338,253.77,493.2,6.28,0.8,3,6.16,2,0
628,1,1.8,0,5,0,60,0.2,87,6,6,1047.0,1534,1337,12,7,14,0,1,0,1,11,84,1.464,142.87,222.83,7.22,42.68,2,14.44,1,0
713,0,1.4,1,4,0,53,0.8,98,1,17,123.0,1477,1462,19,18,13,1,0,1,0,21,342,11.911,74.11,1462.0,7.28,34.69,3,2.05,1,0
1207,0,0.5,0,0,0,58,0.3,112,8,0,406.0,681,503,7,3,5,1,1,0,0,0,21,1.673,99.11,62.88,10.78,98.1,2,2.01,0,1
683,1,2.1,0,7,0,30,0.1,197,7,8,927.0,1135,2066,9,6,15,0,0,0,1,15,54,1.223,146.55,295.14,3.47,14.17,1,30.37,2,0
594,1,2.6,0,1,0,27,0.1,196,5,2,407.0,528,708,17,5,17,0,1,1,0,3,85,1.294,37.04,141.6,3.03,34.12,3,9.2,0,0
537,1,2.0,0,1,1,55,0.3,103,7,2,1041.0,1430,2029,10,5,12,1,1,1,1,3,50,1.372,160.8,289.86,5.21,26.42,5,28.41,2,0
1565,1,0.5,0,0,0,38,0.1,121,5,1,781.0,1364,308,19,17,7,1,1,1,0,1,323,1.744,78.59,61.6,12.93,94.81,4,0.77,0,2
1052,0,0.9,0,1,0,6,0.8,195,4,16,1191.0,1839,552,6,1,11,0,0,1,0,17,6,1.543,313.0,138.0,5.39,9.39,1,1.99,0,1
713,0,1.6,0,4,1,63,0.7,89,2,8,103.0,1760,2082,15,10,12,1,0,0,1,12,150,16.923,110.19,1041.0,8.01,29.53,2,6.66,2,0
1766,1,0.5,1,1,0,16,0.6,141,5,7,125.0,1227,3314,9,7,17,0,0,1,3,8,63,9.738,123.34,662.8,12.52,4.8,3,8.28,3,2
584,1,1.7,1,1,1,19,0.4,199,4,4,919.0,1343,3996,12,9,17,1,1,1,3,5,108,1.46,125.18,999.0,2.93,4.75,6,27.17,3,0
1541,1,1.5,1,6,1,5,0.5,109,4,10,536.0,1656,1795,7,3,4,1,1,1,1,16,21,3.084,217.57,448.75,14.14,2.7,6,10.77,1,2
837,0,2.4,1,1,0,51,0.2,104,5,15,638.0,1831,594,16,6,20,1,0,1,0,16,96,2.865,114.06,118.8,8.05,74.99,3,7.13,0,0
935,1,0.5,1,3,1,58,0.1,155,5,12,639.0,1087,2473,10,4,9,1,0,1,2,15,40,1.698,114.63,494.6,6.03,23.06,5,6.18,2,0
665,1,0.7,0,0,1,31,0.1,185,5,2,496.0,1804,690,5,2,15,1,0,0,0,2,10,3.63,311.82,138.0,3.59,40.06,3,2.41,0,0
680,1,2.4,0,13,1,34,0.4,157,2,17,686.0,1418,3845,15,1,4,1,1,1,3,30,15,2.064,98.45,1922.5,4.33,8.82,5,18.46,3,0
877,0,1.5,1,0,1,17,0.1,195,7,0,1064.0,1985,2004,11,8,9,1,1,1,1,0,88,1.864,187.68,286.29,4.5,8.26,5,21.04,2,0
1493,0,1.5,1,13,0,53,0.5,102,5,16,240.0,1414,2083,19,15,20,0,1,1,2,29,285,5.867,71.71,416.6,14.64,24.83,3,15.62,2,1
1762,0,0.6,0,3,1,26,0.1,83,6,14,525.0,704,2661,9,7,4,1,1,0,2,17,63,1.338,87.82,443.5,21.23,9.63,3,9.58,2,2
842,1,1.8,1,4,0,57,1.0,124,3,10,348.0,730,1903,8,4,14,0,1,0,1,14,32,2.092,89.86,634.33,6.79,29.11,3,10.28,1,0
925,1,2.1,0,9,0,56,0.2,196,1,14,1262.0,1520,2466,8,6,5,1,0,0,2,23,48,1.203,219.51,2466.0,4.72,22.33,2,5.18,2,0
1692,0,2.1,0,4,1,2,0.9,106,1,17,1899.0,1904,3779,9,3,7,1,1,1,3,21,27,1.002,268.91,3779.0,15.96,0.53,4,7.94,3,2
1576,1,2.2,0,8,0,5,0.7,139,3,17,258.0,789,3904,5,1,7,1,1,1,3,25,5,3.046,138.35,1301.33,11.34,1.28,4,25.77,3,2
1065,0,1.7,1,4,1,48,0.3,162,6,8,1188.0,1948,265,8,6,12,1,0,0,0,12,48,1.638,253.52,44.17,6.57,133.78,3,2.7,0,1
958,1,1.6,0,9,1,60,0.4,200,1,12,730.0,751,1417,10,4,19,1,0,1,0,21,40,1.027,95.21,1417.0,4.79,40.44,4,2.27,1,0
623,1,0.8,0,6,1,26,0.3,197,7,12,484.0,1238,1769,10,1,16,1,0,0,1,18,10,2.553,120.84,252.71,3.16,14.23,3,9.91,1,0
897,0,1.4,1,1,0,17,0.4,171,1,2,547.0,1852,2948,12,3,5,0,0,1,2,3,36,3.38,148.55,2948.0,5.25,5.71,2,4.13,2,0
1110,0,1.5,0,4,1,41,0.1,152,3,16,800.0,1455,2572,16,5,16,1,0,1,2,20,80,1.816,97.67,857.33,7.3,15.7,3,11.57,2,1
616,1,2.2,0,3,1,21,0.8,150,7,4,347.0,513,3267,17,9,19,1,0,0,2,7,153,1.474,34.41,466.71,4.11,6.38,3,50.31,3,0
1680,1,1.2,1,6,1,37,0.7,168,4,7,679.0,1231,1459,15,3,2,1,1,0,1,13,45,1.81,87.87,364.75,10.0,24.27,5,7.0,1,2
1715,0,1.3,0,0,1,12,0.3,94,8,6,1224.0,1676,1633,15,10,5,1,1,1,2,6,150,1.368,129.71,204.12,18.24,7.08,4,16.98,1,2
983,0,0.6,1,0,1,45,0.1,130,4,11,948.0,1205,2052,5,3,6,1,0,1,1,11,15,1.27,255.53,513.0,7.56,21.39,4,4.92,2,0
720,1,0.9,1,12,1,14,0.8,165,4,14,366.0,1234,1086,14,7,3,1,1,0,0,26,98,3.362,85.81,271.5,4.36,12.06,5,3.91,1,0
1660,0,0.6,0,2,1,24,0.8,169,2,3,223.0,1777,2402,12,10,14,1,1,1,2,5,120,7.933,137.76,1201.0,9.82,9.81,4,2.88,2,2
1564,0,1.5,1,1,0,42,0.7,108,2,2,1619.0,1962,3376,7,6,7,0,1,0,3,3,42,1.211,317.97,1688.0,14.48,12.36,2,10.13,3,2
592,0,0.8,1,1,0,52,0.9,103,7,10,332.0,970,1507,5,6,4,0,0,1,0,11,30,2.913,170.87,215.29,5.75,33.09,2,8.44,1,0
969,0,1.8,1,2,1,44,0.6,158,3,7,167.0,909,641,9,1,8,1,0,1,0,9,9,5.411,92.42,213.67,6.13,60.61,4,3.46,0,0
1356,1,0.5,1,0,0,35,0.8,131,1,19,782.0,951,3451,5,2,17,1,1,1,3,19,10,1.215,205.2,3451.0,10.35,10.09,5,1.73,3,1
504,1,1.0,0,8,0,14,0.5,189,7,9,881.0,1129,1607,15,6,10,1,1,1,0,17,90,1.28,89.5,229.57,2.67,8.39,4,11.25,1,0
1546,1,0.5,1,3,1,6,0.2,101,1,4,91.0,1317,3521,15,11,9,1,0,0,3,7,165,14.315,82.51,3521.0,15.31,1.7,4,1.76,3,2
689,0,2.9,1,3,1,7,0.8,147,2,6,487.0,722,1241,9,6,16,1,0,0,0,9,54,1.48,87.09,620.5,4.69,5.34,3,7.2,1,0
1685,0,0.6,0,14,0,16,0.6,137,7,15,120.0,1429,881,6,3,17,0,1,1,0,29,18,11.81,204.86,125.86,12.3,16.66,2,3.7,0,2
1792,1,1.0,0,3,1,62,0.3,170,7,8,1626.0,1913,2563,18,14,15,1,0,1,3,11,252,1.176,132.14,366.14,10.54,23.82,4,17.94,2,2
1786,0,1.2,0,11,0,61,0.1,123,3,14,74.0,865,3033,14,11,17,0,1,0,3,25,154,11.533,57.88,1011.0,14.52,19.92,1,10.92,3,2
1944,0,0.6,1,9,1,59,0.2,132,7,10,634.0,1079,769,19,13,3,1,0,1,0,19,247,1.699,62.57,109.86,14.73,69.33,4,3.23,0,2
1077,1,2.5,0,13,1,49,0.6,131,4,14,334.0,1079,3454,17,11,2,1,0,1,3,27,187,3.221,62.75,863.5,8.22,14.11,4,34.54,3,1
648,1,1.8,0,1,1,60,0.1,195,4,4,931.0,1811,819,10,3,4,1,0,0,0,5,30,1.943,185.12,204.75,3.32,66.68,3,5.9,0,0
1702,1,0.5,1,8,0,2,0.6,185,6,19,921.0,1351,435,12,9,3,0,1,1,0,27,108,1.465,125.77,72.5,9.2,3.81,4,1.3,0,2
1571,0,2.9,0,1,0,30,0.9,150,7,3,805.0,956,586,10,9,4,0,1,1,0,4,90,1.186,113.62,83.71,10.47,44.63,2,11.9,0,2
856,1,1.1,1,14,1,19,0.7,125,6,19,1057.0,1931,650,17,6,10,1,0,1,0,33,102,1.825,122.3,108.33,6.85,25.86,5,4.29,0,0
1786,0,2.6,0,6,0,14,1.0,115,4,15,616.0,912,3038,18,6,14,1,0,0,3,21,108,1.478,57.92,759.5,15.53,4.57,1,31.6,3,2
914,1,0.7,0,1,1,60,0.9,198,5,4,740.0,840,3736,14,8,5,1,0,0,3,5,112,1.134,74.63,747.2,4.62,16.01,3,13.08,3,0
1615,1,2.8,0,3,0,9,0.9,117,1,13,542.0,678,2948,8,3,3,1,1,0,2,16,24,1.249,96.45,2948.0,13.8,3.02,3,8.25,2,2
649,1,1.4,0,4,1,19,0.8,190,7,12,344.0,1551,739,18,1,2,1,1,0,0,16,18,4.496,83.62,105.57,3.42,23.12,4,7.24,0,0
1646,0,2.5,0,3,1,25,0.6,200,2,5,211.0,1608,686,8,6,11,1,1,0,0,8,48,7.585,180.2,343.0,8.23,32.47,3,3.43,0,2
1189,1,1.9,0,5,0,7,0.5,164,2,20,79.0,615,841,13,10,11,0,1,0,0,25,130,7.688,44.29,420.5,7.25,7.6,2,3.2,0,1
1043,0,2.7,0,3,0,29,0.2,83,8,17,887.0,893,1183,5,3,8,1,0,0,0,20,15,1.006,209.78,147.88,12.57,23.1,1,25.55,1,1
1920,0,0.6,1,3,1,19,0.5,131,3,8,670.0,1152,3943,13,6,4,1,1,0,3,11,78,1.717,95.19,1314.33,14.66,4.81,4,7.1,3,2
1220,1,2.8,0,1,0,54,0.7,109,7,20,383.0,1249,1037,6,4,15,1,0,0,0,21,24,3.253,186.63,148.14,11.19,48.53,2,20.33,1,1
1748,1,0.5,1,11,1,53,0.5,114,4,20,718.0,1109,2633,16,6,9,1,0,0,2,31,96,1.542,77.71,658.25,15.33,19.84,4,5.27,2,2
907,1,2.6,1,7,0,44,0.2,160,3,12,144.0,896,3911,13,6,8,0,0,0,3,19,78,6.179,64.82,1303.67,5.67,11.23,2,30.51,3,0
1193,1,2.3,0,7,0,20,1.0,158,7,13,1442.0,1904,1958,7,5,2,1,0,0,2,20,35,1.319,298.55,279.71,7.55,9.94,2,31.52,1,1
1766,1,0.5,1,1,1,22,0.8,122,8,4,291.0,1318,3297,7,5,16,1,0,0,3,5,35,4.514,168.72,412.12,14.48,6.63,4,13.19,3,2
1278,1,1.0,0,7,1,24,0.8,170,3,16,1352.0,1775,3141,6,2,11,1,1,1,3,23,12,1.312,318.75,1047.0,7.52,7.58,5,9.42,3,1
1234,0,1.7,1,8,0,17,0.9,174,6,15,209.0,725,3351,12,9,19,0,0,1,2,23,108,3.452,58.04,558.5,7.09,5.04,2,34.18,3,1
1961,1,1.5,0,10,0,55,0.5,100,7,20,861.0,1888,2355,14,7,6,1,1,1,3,30,98,2.19,138.34,336.43,19.61,22.92,4,24.73,2,2
1745,0,2.9,0,0,1,3,0.9,105,3,0,426.0,1629,1308,5,6,2,1,1,0,1,0,30,3.815,280.63,436.0,16.62,2.18,3,11.38,1,2
1442,0,0.6,1,1,0,27,0.4,127,5,8,266.0,642,991,14,8,7,1,0,0,0,9,112,2.404,46.33,198.2,11.35,25.29,2,2.97,0,1
1083,1,2.9,1,1,1,39,1.0,173,8,2,523.0,542,3248,8,6,6,1,0,1,2,3,48,1.034,83.69,406.0,6.26,11.92,5,75.35,3,1
868,1,0.9,0,5,0,5,0.4,137,4,7,40.0,1311,1519,13,6,2,0,0,1,0,12,78,31.976,93.69,379.75,6.34,3.16,2,5.47,1,0
864,0,1.6,1,0,1,53,0.3,88,6,1,262.0,1436,493,18,9,10,1,1,0,0,1,162,5.46,76.83,82.17,9.82,91.15,4,4.73,0,0
1142,1,1.2,0,0,0,2,0.6,114,6,0,623.0,769,1747,7,6,14,0,1,0,1,0,42,1.232,123.71,291.17,10.02,1.11,2,12.58,1,1
608,1,0.5,1,0,0,64,0.9,94,4,0,4.0,1351,2517,16,8,7,1,1,1,1,0,128,270.2,79.47,629.25,6.47,25.02,5,5.03,2,0
983,0,1.8,0,0,1,53,0.9,187,1,4,1001.0,1176,1389,17,8,8,1,1,1,1,4,136,1.174,85.8,1389.0,5.26,36.39,4,2.5,1,0
1720,0,1.6,0,16,1,2,0.8,188,5,20,334.0,896,2522,10,5,2,1,0,1,2,36,50,2.675,86.93,504.4,9.15,0.78,3,20.18,2,2
1802,1,1.2,1,8,0,27,0.5,116,5,16,453.0,963,1885,10,9,7,1,1,0,2,24,90,2.121,96.75,377.0,15.53,13.91,4,11.31,1,2
591,0,2.1,1,16,1,16,0.5,196,7,20,952.0,1726,704,14,5,4,1,1,1,0,36,70,1.811,131.41,100.57,3.02,20.32,5,10.35,0,0
1205,1,2.7,0,5,0,10,0.1,163,6,10,321.0,1870,953,18,11,20,0,1,1,0,15,198,5.807,99.86,158.83,7.39,9.7,3,15.44,0,1
1369,1,1.7,1,3,0,28,0.6,108,1,18,1451.0,1469,3206,16,15,4,0,0,0,3,21,240,1.012,121.46,3206.0,12.68,8.67,2,5.45,3,1
713,0,0.9,1,0,0,42,0.1,94,1,14,1048.0,1123,928,12,10,9,0,0,1,0,14,120,1.071,118.16,928.0,7.59,41.74,2,0.84,0,0
1082,0,2.3,1,11,0,2,1.0,101,4,20,398.0,724,2177,12,2,17,0,1,0,1,31,24,1.815,63.55,544.25,10.71,0.9,2,20.03,2,1
1719,1,2.1,1,0,0,52,0.1,187,3,1,417.0,520,2610,10,1,11,1,1,1,2,1,10,1.244,60.6,870.0,9.19,19.63,5,16.44,2,2
1544,0,2.4,0,16,1,12,0.1,186,7,20,470.0,844,489,9,4,2,1,0,1,0,36,36,1.792,96.6,69.86,8.3,20.78,3,8.22,0,2
1090,1,2.3,0,1,1,8,0.6,128,8,8,1217.0,1670,3839,17,3,11,1,0,1,3,9,51,1.371,114.8,479.88,8.52,2.08,4,70.64,3,1
1991,0,2.8,0,3,1,15,0.1,181,1,13,298.0,1037,1861,8,5,17,1,1,1,1,16,40,3.468,119.89,1861.0,11.0,7.82,4,5.21,1,2
1367,0,2.9,0,4,0,56,0.8,176,2,6,36.0,642,299,6,2,10,0,1,0,0,10,12,17.351,91.86,149.5,7.77,142.86,1,1.73,0,1
1179,1,0.5,0,7,1,32,0.3,182,2,12,85.0,1451,340,16,5,16,1,0,0,0,19,80,16.872,85.5,170.0,6.48,74.07,3,0.34,0,1
721,1,2.7,1,1,1,15,0.2,102,5,18,655.0,1255,3606,10,6,5,1,1,1,3,19,60,1.913,128.69,721.2,7.07,4.14,6,48.68,3,0
1549,1,1.8,1,0,0,62,0.7,91,4,4,167.0,990,799,7,3,9,1,0,1,0,4,21,5.893,125.5,199.75,17.02,70.43,4,5.75,0,2
1349,1,2.1,1,3,0,46,0.9,134,6,12,212.0,623,2367,11,7,10,1,0,1,1,15,77,2.925,54.84,394.5,10.07,19.08,4,29.82,2,1
1799,0,1.0,0,1,1,30,0.6,123,3,9,617.0,1386,445,10,8,10,1,1,0,0,10,80,2.243,137.92,148.33,14.63,56.12,3,1.34,0,2
1075,0,0.5,1,2,0,11,0.2,122,1,16,271.0,1769,3927,8,3,7,1,0,0,3,18,24,6.504,198.85,3927.0,8.81,2.8,2,1.96,3,1
684,1,0.9,1,3,1,63,1.0,157,5,9,159.0,1738,3756,17,5,12,1,1,1,3,12,85,10.862,96.96,751.2,4.36,16.72,6,16.9,3,0
1837,0,0.5,0,9,0,36,0.9,162,4,20,786.0,872,770,14,1,15,0,0,1,0,29,14,1.108,78.26,192.5,11.34,42.26,1,1.54,0,2
1619,1,1.9,0,2,1,21,0.4,138,1,9,46.0,562,1641,7,2,13,1,0,0,1,11,14,11.957,70.48,1641.0,11.73,12.33,3,3.12,1,2
965,1,1.4,0,1,0,13,0.9,197,8,2,645.0,1275,2343,17,12,15,1,0,0,2,3,204,1.974,79.38,292.88,4.9,5.44,2,26.24,2,0
730,0,1.5,0,9,0,9,0.7,122,4,15,1371.0,1677,2787,10,8,7,1,0,1,2,24,80,1.222,196.92,696.75,5.98,3.19,2,16.72,2,0
1361,1,1.4,0,1,0,47,1.0,169,5,2,881.0,1382,2495,8,7,16,0,0,1,2,3,56,1.567,182.1,499.0,8.05,18.53,2,17.46,2,1
1494,0,1.6,0,3,1,45,0.8,158,5,4,449.0,790,3208,11,9,4,1,0,0,3,7,99,1.756,75.72,641.6,9.46,13.92,2,25.66,3,1
1027,1,0.8,0,7,0,18,1.0,146,7,11,338.0,534,1234,7,4,14,1,0,1,0,18,28,1.575,79.0,176.29,7.03,13.79,3,6.91,1,1
1807,0,0.8,1,0,1,38,0.2,97,8,0,1332.0,1814,1069,7,6,7,1,0,0,1,0,42,1.361,281.31,133.62,18.63,33.22,3,6.84,1,2
709,0,2.4,1,1,0,11,0.1,130,5,11,119.0,1531,3568,16,14,3,0,0,1,3,12,224,12.758,90.33,713.6,5.45,3.07,2,42.82,3,0
689,0,1.4,0,2,0,45,0.5,103,5,11,256.0,823,3585,10,1,10,1,0,0,3,13,10,3.202,78.35,717.0,6.69,12.5,1,25.1,3,0
955,1,0.5,0,2,0,2,0.6,155,4,10,428.0,1254,1974,14,1,18,1,1,0,1,12,14,2.923,88.34,493.5,6.16,0.99,3,3.95,1,0
1872,1,1.9,0,5,0,35,0.6,111,3,14,1546.0,1879,2419,15,5,19,0,0,0,3,19,75,1.215,152.08,806.33,16.86,14.21,1,13.79,2,2
1259,0,1.2,1,0,0,13,0.5,97,2,0,1210.0,1989,340,17,13,4,1,0,1,0,0,221,1.642,129.34,170.0,12.98,30.09,3,0.82,0,1
695,0,1.2,0,1,1,41,0.4,169,8,8,789.0,1211,2282,5,2,17,1,1,0,1,9,10,1.533,240.89,285.25,4.11,17.61,3,21.91,2,0
1969,0,1.2,1,9,0,63,0.2,132,4,11,390.0,756,298,10,1,10,1,1,0,0,20,10,1.934,77.33,74.5,14.92,161.12,3,1.43,0,2
759,0,2.5,0,3,1,39,0.3,162,2,8,110.0,1317,968,6,2,2,1,0,0,0,11,12,11.865,188.8,484.0,4.69,37.31,2,4.84,0,0
936,0,1.0,0,1,0,18,0.2,153,3,18,1330.0,1686,2391,12,6,3,1,1,1,2,19,72,1.267,165.19,797.0,6.12,7.39,3,7.17,2,0
1176,1,2.1,0,2,1,62,0.5,168,2,10,674.0,1455,1534,6,2,17,1,0,0,1,12,12,2.156,229.08,767.0,7.0,38.8,3,6.44,1,1
1802,0,2.7,1,0,1,10,0.6,101,7,9,253.0,590,696,14,7,3,1,1,0,0,9,98,2.323,42.8,99.43,17.84,12.83,4,13.15,0,2
772,0,1.0,1,0,1,23,0.6,97,7,11,317.0,1805,2782,7,6,17,1,0,0,2,11,42,5.676,229.08,397.43,7.96,8.17,3,19.47,2,0
1318,1,2.4,0,1,1,45,0.1,136,2,7,183.0,661,755,18,3,9,1,0,1,0,8,54,3.592,36.1,377.5,9.69,53.74,4,3.62,0,1
591,1,0.5,1,1,1,16,0.9,90,6,17,892.0,1603,3746,5,6,5,1,1,0,3,18,30,1.795,305.74,624.33,6.57,4.26,5,11.24,3,0
569,1,2.5,1,0,0,41,0.3,124,1,1,388.0,605,2651,17,7,4,0,0,0,1,1,119,1.555,39.93,2651.0,4.59,15.25,2,6.63,2,0
764,0,1.0,1,9,1,45,0.5,124,8,11,52.0,539,1341,19,1,12,1,0,0,0,20,19,10.17,27.08,167.62,6.16,31.92,3,10.73,1,0
1056,1,2.1,1,8,1,37,0.7,101,3,11,914.0,979,2651,15,5,3,1,1,1,2,19,75,1.07,83.71,883.67,10.46,13.76,6,16.7,2,1
1982,1,1.6,0,2,1,12,0.2,80,5,20,287.0,593,1824,13,3,14,1,1,1,1,22,39,2.059,47.06,364.8,24.78,6.38,5,14.59,1,2
1830,1,0.5,0,5,0,14,0.8,160,6,6,773.0,1353,1905,16,3,19,1,1,1,2,11,48,1.748,91.66,317.5,11.44,7.14,4,5.72,1,2
1122,0,0.5,0,0,1,40,0.3,156,7,14,675.0,1163,1456,9,3,20,1,1,0,1,14,27,1.72,134.47,208.0,7.19,26.28,3,5.1,1,1
1023,1,0.7,0,2,1,63,0.7,153,7,8,367.0,1985,3155,11,10,7,1,1,1,3,10,110,5.394,168.22,450.71,6.69,19.8,5,15.46,3,1
1283,1,2.4,1,8,1,33,1.0,93,3,15,510.0,980,773,17,7,2,1,1,0,0,23,119,1.918,61.38,257.67,13.8,38.6,5,5.57,0,1
1602,0,1.6,1,0,1,35,0.1,99,7,7,1325.0,1800,1829,18,17,13,1,0,0,2,7,306,1.357,117.64,261.29,16.18,18.56,3,20.48,1,2
732,1,1.3,0,5,1,32,0.4,163,8,7,1661.0,1836,3883,12,2,5,1,0,1,3,12,24,1.105,190.45,485.38,4.49,8.22,4,40.38,3,0
1854,0,0.9,1,0,1,33,0.4,195,1,0,665.0,718,1675,14,12,9,1,0,1,1,0,168,1.078,65.24,1675.0,9.51,19.01,4,1.51,1,2
718,1,1.6,1,1,1,30,0.4,93,3,12,662.0,997,1601,10,9,12,1,1,1,1,13,90,1.504,108.8,533.67,7.72,18.03,6,7.68,1,0
897,1,2.0,0,3,1,2,0.6,154,8,10,565.5,994,1958,7,5,7,1,1,0,1,13,35,1.755,142.95,244.75,5.82,0.99,4,31.33,1,0
1405,0,1.7,0,0,0,8,0.3,107,4,7,284.0,1036,2376,19,6,11,0,1,0,2,7,114,3.635,53.71,594.0,13.13,3.31,1,16.16,2,1
798,0,0.6,1,6,1,21,0.5,110,2,12,661.0,1951,1647,12,2,3,1,0,0,1,18,24,2.947,158.46,823.5,7.25,12.29,3,1.98,1,0
1035,1,2.7,0,1,0,40,0.2,157,5,15,757.0,1912,3548,14,4,5,0,1,1,3,16,56,2.522,137.09,709.6,6.59,11.22,3,47.9,3,1
1396,1,0.6,0,0,0,37,0.7,134,4,15,560.0,1177,2694,18,3,19,0,0,1,2,15,54,2.098,68.6,673.5,10.42,13.55,2,6.47,2,1
1749,1,0.5,1,7,1,49,0.8,178,1,8,470.0,775,2195,5,4,4,1,0,1,2,15,20,1.645,151.06,2195.0,9.83,21.84,5,1.1,2,2
1588,1,2.5,0,12,1,4,0.3,148,5,20,146.0,822,2506,5,3,11,1,0,0,2,32,15,5.592,139.14,501.2,10.73,1.57,3,31.32,2,2
1600,0,0.5,0,1,1,16,0.3,94,4,16,1315.0,1710,2073,9,5,4,1,1,0,2,17,45,1.299,215.72,518.25,17.02,7.53,3,4.15,2,2
1522,0,2.2,0,4,0,21,0.7,162,6,11,533.0,1696,3767,15,9,16,0,0,1,3,15,135,3.176,111.11,627.83,9.4,5.56,1,49.72,3,2
1279,1,2.5,0,5,1,7,0.5,105,6,6,560.0,1633,1150,7,2,7,1,0,0,1,11,14,2.911,215.79,191.67,12.18,5.72,3,17.25,1,1
719,0,2.9,0,7,0,6,0.7,102,6,8,405.0,1141,841,9,1,2,1,0,0,0,15,9,2.81,121.07,140.17,7.05,6.51,1,14.63,0,0
544,1,0.5,1,2,1,7,0.2,129,5,15,227.0,610,1675,13,4,17,1,1,0,0,17,52,2.675,46.49,335.0,4.22,4.03,5,4.19,1,0
1007,1,2.9,1,5,1,21,0.8,185,8,12,479.0,831,1301,8,6,12,1,1,0,0,17,48,1.731,106.57,162.62,5.44,15.32,5,30.18,1,1
590,1,1.2,1,0,0,32,0.4,141,6,1,227.0,509,1817,10,6,6,0,1,0,0,1,60,2.232,50.67,302.83,4.18,17.07,3,13.08,1,0
1788,0,0.5,0,0,1,6,0.2,141,6,16,149.0,1022,2321,7,5,20,1,1,0,2,16,35,6.813,129.1,386.83,12.68,2.54,3,6.96,2,2
748,0,1.4,0,0,0,25,1.0,110,7,14,88.0,709,1974,17,5,13,0,1,1,1,14,85,7.966,39.69,282.0,6.8,12.33,2,19.35,1,0
757,1,0.9,1,4,0,64,0.5,157,7,5,114.0,819,3433,6,5,10,1,1,0,2,9,30,7.122,118.13,490.43,4.82,18.54,4,21.63,3,0
1561,1,1.6,1,1,1,27,0.8,174,3,10,662.0,874,1205,12,7,3,1,1,0,1,11,84,1.318,84.34,401.67,8.97,21.15,5,5.78,1,2
1327,0,2.8,0,10,0,23,0.5,89,7,16,441.0,1721,872,7,5,4,1,1,1,0,26,35,3.894,222.08,124.57,14.91,24.17,3,17.09,0,1
797,1,1.5,1,4,0,18,0.6,81,8,20,888.0,1466,2052,9,3,14,1,1,1,1,24,27,1.649,171.4,256.5,9.84,8.56,5,24.62,2,0
727,1,2.5,1,0,1,64,0.2,193,1,9,664.0,711,3654,9,1,16,1,1,0,3,9,9,1.069,97.28,3654.0,3.77,17.45,5,9.14,3,0
686,1,2.7,1,0,0,36,0.1,194,4,1,64.0,745,1503,10,6,13,0,0,0,0,1,60,11.462,67.98,375.75,3.54,22.96,2,16.23,1,0
1515,1,2.1,1,4,1,24,0.9,176,5,6,747.0,1247,3104,6,5,20,1,0,0,3,10,30,1.667,207.66,620.8,8.61,7.66,4,32.59,3,2
555,1,0.5,1,2,0,17,0.2,163,5,12,956.0,1010,343,19,14,3,0,1,1,0,14,266,1.055,69.53,68.6,3.4,39.08,4,0.86,0,0
1589,0,0.6,0,0,0,5,0.8,112,5,2,776.0,1397,3430,7,5,19,1,1,1,3,2,35,1.798,199.76,686.0,14.19,1.45,3,10.29,3,2
1976,1,2.6,1,6,0,45,1.0,136,4,19,652.0,1933,2470,11,1,3,0,0,0,3,25,11,2.96,170.0,617.5,14.53,17.91,2,25.69,2,2
1884,0,1.0,1,3,0,24,0.5,149,6,4,1168.0,1179,1396,15,8,9,1,1,1,1,7,120,1.009,103.72,232.67,12.64,16.4,4,8.38,1,2
1063,0,2.0,0,0,0,27,0.2,86,6,7,201.0,582,2668,12,5,19,0,0,0,2,7,60,2.881,47.36,444.67,12.36,9.98,0,32.02,2,1
672,1,0.6,1,13,0,61,0.1,194,5,20,724.0,1127,1457,14,10,20,1,0,1,0,33,140,1.554,89.3,291.4,3.46,40.06,4,4.37,1,0
635,1,0.5,0,9,0,16,1.0,110,7,17,599.0,1299,2452,19,17,8,1,0,0,2,26,323,2.165,71.52,350.29,5.77,6.41,2,8.58,2,0
1906,1,1.9,1,3,0,55,0.2,113,3,4,3.0,629,1871,13,5,4,1,0,1,1,7,65,157.25,44.93,623.67,16.87,28.54,4,10.66,1,2
1753,0,0.7,0,4,0,40,0.6,191,4,11,1652.0,1983,1112,8,2,15,1,1,1,1,15,16,1.2,286.77,278.0,9.18,33.73,3,3.11,1,2
659,0,1.4,1,2,1,3,0.1,85,8,6,190.0,657,967,10,1,14,1,0,1,0,8,10,3.44,62.17,120.88,7.75,2.87,4,10.83,0,0
1583,0,1.2,1,0,0,14,0.2,148,2,4,1171.0,1673,2498,13,6,8,0,0,1,2,4,78,1.427,145.86,1249.0,10.7,5.51,2,6.0,2,2
1783,0,2.9,1,2,0,42,0.7,104,6,8,1081.0,1979,387,14,5,3,0,1,0,1,10,70,1.829,150.33,64.5,17.14,87.88,2,6.73,0,2
1667,0,1.0,1,0,1,21,0.9,138,2,0,1211.0,1396,635,17,7,15,1,0,0,0,0,119,1.152,102.67,317.5,12.08,29.16,3,1.27,0,2
640,0,1.3,1,5,1,6,0.6,143,8,20,976.0,1353,2711,15,7,8,1,1,0,2,25,105,1.385,104.27,338.88,4.48,2.18,4,28.19,2,0
1913,1,1.8,0,0,0,29,0.6,111,5,4,675.0,742,2023,17,13,8,1,1,0,2,4,221,1.098,55.73,404.6,17.23,13.97,3,18.21,2,2
538,0,1.1,1,0,1,25,0.3,163,7,7,455.0,537,2215,9,3,17,1,1,1,1,7,27,1.178,70.38,316.43,3.3,11.05,5,17.06,2,0
1191,0,0.8,0,6,1,46,0.8,89,6,9,42.0,807,824,19,18,7,1,0,0,0,15,342,18.767,40.4,137.33,13.38,50.85,2,3.96,0,1
816,0,3.0,1,2,0,9,0.1,117,1,3,1196.0,1651,3851,10,3,14,1,0,1,3,5,30,1.379,185.33,3851.0,6.97,2.33,3,11.55,3,0
915,1,0.5,1,9,1,33,0.3,199,2,16,503.0,986,2156,7,3,13,1,1,0,1,25,21,1.956,138.36,1078.0,4.6,14.96,5,2.16,2,0
1157,1,0.8,0,7,0,27,0.1,88,8,8,1694.0,1798,2885,8,4,2,1,0,1,3,15,32,1.061,274.48,360.62,13.15,9.25,3,18.46,2,1
1201,1,0.5,0,2,0,10,1.0,99,7,7,306.0,558,495,15,6,14,1,1,1,0,9,90,1.818,39.77,70.71,12.13,17.14,4,1.73,0,1
1379,0,1.1,1,1,1,18,0.2,129,2,16,838.0,885,2358,10,5,15,1,1,0,2,17,50,1.055,110.8,1179.0,10.69,7.49,4,5.19,2,1
1483,1,2.2,0,3,1,53,0.7,169,5,11,291.0,651,1744,6,3,10,1,0,0,1,14,18,2.229,101.87,348.8,8.78,29.39,3,19.18,1,1
1614,0,1.2,0,1,1,9,0.1,161,3,2,173.0,1219,1832,15,8,11,1,0,0,1,3,120,7.006,76.95,610.67,10.02,4.76,2,6.6,1,2
930,1,1.0,1,4,1,4,0.9,144,8,10,1017.0,1289,2016,13,10,16,1,1,1,1,14,130,1.266,117.28,252.0,6.46,1.93,6,16.13,2,0
1454,0,2.6,0,8,0,6,0.4,199,3,20,698.0,1018,1300,10,6,2,0,0,1,1,28,60,1.456,112.21,433.33,7.31,4.38,1,10.14,1,1
1784,0,1.6,0,4,0,41,0.4,164,6,20,610.0,1437,2313,14,1,11,0,1,0,2,24,14,2.352,104.07,385.5,10.88,17.38,1,22.2,2,2
1262,0,1.8,1,12,0,34,0.1,149,5,16,223.0,737,3248,13,3,4,0,1,1,2,28,39,3.29,55.0,649.6,8.47,10.39,3,29.23,3,1
797,0,2.2,1,0,0,37,0.9,144,7,2,206.0,1167,2216,9,5,6,1,0,0,1,2,45,5.638,118.5,316.57,5.53,16.34,2,34.13,2,0
1829,1,2.1,0,8,0,59,0.1,91,5,15,1457.0,1919,3142,16,6,5,1,1,1,3,23,96,1.316,141.73,628.4,20.1,18.62,4,32.99,3,2
1139,1,0.9,1,6,1,58,0.5,161,2,11,742.0,999,1850,9,4,8,1,0,0,1,17,36,1.345,124.44,925.0,7.07,30.42,4,3.33,1,1
618,1,1.0,0,9,1,13,0.1,80,4,15,591.0,724,1424,15,12,7,1,1,0,0,24,180,1.223,58.41,356.0,7.72,8.72,4,5.7,1,0
1547,1,2.9,0,2,0,57,0.4,114,1,3,347.0,957,1620,9,2,19,0,1,1,1,5,18,2.75,101.8,1620.0,13.57,33.89,3,4.7,1,2
586,0,2.8,0,2,0,15,0.2,83,3,11,241.0,854,2592,12,8,3,0,0,0,1,13,96,3.529,68.26,864.0,7.06,5.7,0,21.77,2,0
1617,1,2.4,0,8,1,36,0.8,85,1,9,743.0,1426,296,5,3,7,1,0,0,0,17,15,1.917,267.99,296.0,19.02,92.53,3,0.71,0,2
1882,0,2.0,0,11,1,44,0.8,113,8,19,4.0,743,3579,19,8,20,1,1,0,3,30,152,148.6,37.15,447.38,16.65,12.24,3,57.26,3,2
674,1,2.9,1,1,0,21,0.2,198,3,4,576.0,1809,1180,6,3,4,1,1,1,0,5,18,3.135,271.21,393.33,3.4,16.77,5,10.27,1,0
1467,1,0.5,0,0,0,18,0.6,122,5,0,888.0,1099,3962,15,11,5,1,1,1,3,0,165,1.236,88.31,792.4,12.02,4.53,4,9.9,3,1
858,0,2.2,0,1,0,50,0.1,84,1,2,528.0,1416,3978,17,16,3,1,1,0,3,3,272,2.677,83.96,3978.0,10.21,12.55,2,8.75,3,0
794,1,0.5,1,0,1,2,0.8,106,6,14,1222.0,1890,668,13,4,19,1,1,0,0,14,52,1.545,160.76,111.33,7.49,2.66,5,2.0,0,0
1965,1,2.6,1,0,0,39,0.2,187,4,3,915.0,1965,2032,11,10,16,1,1,1,2,3,110,2.145,180.63,508.0,10.51,18.71,5,21.13,2,2
1911,0,0.9,1,1,1,36,0.7,108,8,3,868.0,1632,3057,9,1,5,1,1,0,3,4,9,1.878,184.85,382.12,17.69,11.67,4,22.01,3,2
1512,0,0.9,0,4,1,46,0.1,145,5,5,336.0,670,869,18,10,19,1,1,1,0,9,180,1.988,39.45,173.8,10.43,48.49,4,3.91,0,2
510,1,2.0,1,5,1,45,0.9,168,6,16,483.0,754,3919,19,4,2,1,1,1,3,21,76,1.558,44.77,653.17,3.04,11.46,6,47.03,3,0
