ram,ram_category,ram_per_core,storage_ram_ratio,performance_score,battery_power,battery_wt_ratio,px_width,px_height,battery_category,pixel_density,screen_area,mobile_wt,n_cores,price_range
2549,2,1274.5,2.7,11.22,842,4.48,756,20.0,0,75.63,63,188,2,1
2631,2,877.0,19.86,3.95,1021,7.51,1988,905.0,1,121.35,51,136,3,2
2603,2,520.6,15.52,6.51,563,3.88,1716,1263.0,0,177.56,22,145,5,2
2769,2,461.5,3.57,41.54,615,4.69,1786,1216.0,0,127.1,128,131,6,2
1411,1,705.5,29.77,3.39,1821,12.91,1212,1208.0,2,190.13,16,141,2,1
1067,1,1067.0,19.26,0.53,1859,11.34,1654,1004.0,2,107.49,17,164,1,1
3220,3,402.5,3.08,43.79,1821,13.1,1018,381.0,2,77.64,104,139,8,3
700,0,175.0,30.63,1.4,1954,10.45,1149,512.0,2,73.99,48,187,4,0
1099,1,157.0,45.17,3.85,1445,8.3,836,386.0,1,51.16,17,174,7,0
513,0,102.6,14.98,1.54,509,5.47,1224,1137.0,0,83.53,190,93,5,0
3946,3,789.2,2.28,57.22,769,4.23,874,248.0,0,151.42,10,182,5,3
3826,3,478.25,8.6,67.34,1520,8.59,1005,151.0,2,67.75,126,177,8,3
1482,1,370.5,21.33,16.6,1815,11.42,748,607.0,2,50.7,108,159,4,1
2680,2,670.0,6.26,22.51,803,4.06,1440,344.0,0,185.06,7,198,4,2
373,0,373.0,112.01,0.19,1866,10.09,563,356.0,2,44.41,126,185,1,0
568,0,284.0,70.26,1.14,775,4.87,1864,862.0,0,114.09,255,159,2,0
3554,3,444.25,3.64,14.22,838,4.28,1850,984.0,0,190.49,90,196,8,3
3752,3,1250.67,6.11,10.13,595,4.92,810,441.0,0,83.84,20,121,3,3
1835,1,367.0,25.9,4.59,1131,11.2,878,658.0,1,54.86,247,101,5,1
2337,2,584.25,7.98,4.67,682,5.64,1064,902.0,0,116.24,11,121,4,1
2819,2,402.71,13.67,21.71,772,9.53,1854,1314.0,0,126.25,255,81,7,3
3283,3,1641.5,3.93,13.79,1709,10.96,1385,974.0,2,94.07,17,156,2,3
1433,1,358.25,31.35,14.9,1949,9.79,822,407.0,2,76.44,55,199,4,1
1037,1,345.67,34.15,8.71,1602,14.05,788,466.0,2,101.72,56,114,3,0
2583,2,861.0,3.05,9.3,503,4.53,1245,201.0,0,105.09,66,111,3,1
2782,2,347.75,20.24,31.16,961,8.43,1434,291.0,0,77.01,162,114,8,2
3763,3,940.75,13.51,24.08,519,3.93,645,550.0,0,49.86,16,132,4,3
3286,3,469.43,12.39,11.5,956,6.69,1075,511.0,0,66.13,136,143,7,3
2373,2,1186.5,21.51,7.59,1453,15.14,1311,187.0,1,120.39,10,96,2,2
478,0,95.6,37.05,1.2,851,4.26,1263,1171.0,0,132.49,84,200,5,0
3532,3,504.57,1.41,12.36,1579,17.94,1739,1358.0,2,122.58,187,88,7,3
508,0,63.5,55.36,2.03,1568,10.45,654,413.0,2,128.91,5,150,8,0
2227,2,2227.0,18.02,2.0,1319,12.33,1152,85.0,1,60.8,90,107,1,1
3845,3,961.25,13.23,33.84,1310,13.1,1919,178.0,1,240.9,42,100,4,3
1262,1,157.75,16.51,27.26,644,4.1,881,311.0,0,71.87,12,157,8,0
1326,1,165.75,43.01,13.79,725,4.53,1249,1134.0,0,153.36,40,160,8,1
2113,2,528.25,28.2,19.44,589,3.68,815,429.0,0,65.79,91,160,4,1
3429,3,1714.5,1.74,10.97,1725,14.5,1307,609.0,2,205.99,30,119,2,3
3169,3,528.17,3.44,38.03,790,9.08,730,347.0,0,115.47,6,87,6,2
2150,2,1075.0,22.73,2.15,560,3.52,1613,1448.0,0,114.08,216,159,2,2
2484,2,2484.0,17.42,7.2,1347,10.2,967,434.0,1,55.79,36,132,1,2
3339,3,1669.5,12.2,15.36,1646,8.9,1932,1725.0,2,136.32,180,185,2,3
1878,1,939.0,2.59,1.88,1253,8.24,714,685.0,1,61.84,90,152,2,1
1629,1,543.0,20.11,4.89,1656,9.98,1456,880.0,2,106.33,180,166,3,1
504,0,252.0,33.77,2.82,1195,10.86,1652,1580.0,1,228.59,27,110,2,0
1152,1,384.0,22.04,10.02,1514,12.83,1810,186.0,2,202.17,24,118,3,1
3587,3,448.38,11.66,31.57,1723,10.51,1791,202.0,2,163.85,50,164,8,3
2296,2,328.0,17.08,28.93,1054,5.38,774,27.0,1,45.56,192,196,7,1
1270,1,158.75,42.53,26.42,578,3.57,1433,1025.0,0,110.12,45,162,8,0
3238,3,404.75,19.62,54.4,596,5.37,1854,885.0,0,120.85,208,111,8,3
2059,2,686.33,6.63,18.53,1547,7.81,1832,1042.0,2,351.27,30,198,3,2
2053,2,256.62,29.93,22.99,1760,13.86,1383,1382.0,2,97.76,228,127,8,2
3112,3,1556.0,13.7,9.34,1654,15.17,629,546.0,2,64.07,60,109,2,3
1440,1,480.0,10.62,8.21,1457,14.28,1287,1013.0,1,90.99,136,102,3,1
2908,2,415.43,17.35,10.18,1073,7.4,804,690.0,1,151.36,36,145,7,2
2552,2,850.67,17.75,16.08,1936,18.62,1036,667.0,2,82.14,98,104,3,2
905,0,113.12,60.99,19.55,823,5.56,1449,822.0,0,111.06,154,148,8,0
3963,3,1321.0,15.36,15.46,987,9.22,820,581.0,0,100.5,36,107,3,3
2056,2,342.67,23.25,6.17,1757,9.76,713,265.0,2,95.08,35,180,6,1
2910,2,582.0,16.32,20.37,1063,8.3,683,127.0,1,43.42,195,128,5,2
1457,1,485.67,7.88,13.11,1484,11.07,969,916.0,1,88.89,56,134,3,1
431,0,53.88,120.94,7.93,799,5.55,975,361.0,0,64.98,90,144,8,0
470,0,235.0,89.45,1.13,1156,7.27,547,322.0,1,79.34,42,159,2,0
2148,2,1074.0,25.03,8.59,1720,10.24,1353,753.0,2,103.23,28,168,2,2
2955,2,985.0,3.01,23.05,702,4.98,1570,504.0,0,149.9,40,141,3,2
3366,3,1122.0,12.99,19.19,616,7.6,1618,651.0,0,91.79,144,81,3,3
3068,3,767.0,11.63,6.14,1358,8.76,1858,1565.0,1,242.93,36,155,4,3
3834,3,1278.0,7.8,16.1,1866,10.25,1781,108.0,2,104.96,176,182,3,3
1050,1,525.0,8.89,2.31,1242,7.53,1225,459.0,1,109.01,11,165,2,0
3993,3,998.25,10.75,23.96,1166,14.58,603,205.0,1,79.61,7,80,4,3
3378,3,482.57,13.24,11.82,1448,10.49,1724,570.0,1,129.7,143,138,7,3
2192,2,548.0,9.82,21.04,1407,13.53,1217,1172.0,1,168.96,63,104,4,2
392,0,130.67,18.64,1.18,605,4.26,1026,160.0,0,64.9,90,142,3,0
3709,3,3709.0,11.55,4.45,1038,7.36,638,4.0,1,53.17,66,141,1,3
590,0,147.5,56.2,6.84,797,8.86,1413,763.0,0,160.58,18,90,4,0
1814,1,302.33,22.44,6.53,819,4.36,1242,339.0,0,214.57,20,188,6,1
907,0,302.33,9.13,7.62,1114,5.65,1071,1040.0,1,135.71,70,197,3,0
1449,1,1449.0,21.78,2.32,1234,7.17,778,166.0,1,66.29,77,172,1,0
3448,3,862.0,4.61,34.48,1199,10.34,1552,1168.0,1,107.91,221,116,4,3
1837,1,306.17,15.31,11.02,1103,9.94,1486,990.0,1,198.4,56,111,6,1
3464,3,494.86,16.65,14.55,1589,18.69,1206,319.0,2,62.37,190,85,7,3
2593,2,648.25,24.31,30.08,999,5.02,1616,1397.0,0,142.41,154,199,4,2
3484,3,696.8,12.85,15.68,1510,8.39,1752,708.0,2,188.96,54,180,5,3
2009,2,669.67,29.58,4.82,1008,8.84,1122,1077.0,1,141.39,30,114,3,1
2048,2,2048.0,27.14,5.94,1127,6.91,1049,928.0,1,116.71,55,163,1,1
837,0,104.62,27.25,16.07,1412,14.71,1894,516.0,1,122.69,135,96,8,1
854,0,170.8,44.97,8.54,1496,8.22,741,96.0,1,43.95,96,182,5,0
3210,3,1070.0,19.79,27.93,1083,6.08,1118,1025.0,1,108.34,39,178,3,3
2746,2,549.2,1.08,6.86,668,4.31,1203,666.0,0,137.51,45,155,5,2
2334,2,583.5,13.87,10.27,1309,13.09,1402,557.0,1,137.14,10,100,4,2
2822,2,940.67,19.96,16.93,1724,9.74,1924,1605.0,2,125.28,57,177,3,3
1971,1,281.57,26.67,27.59,1977,11.56,1242,1226.0,2,91.85,126,171,7,2
1410,1,201.43,10.16,22.7,885,8.59,802,769.0,0,65.36,160,103,7,0
349,0,58.17,31.76,5.24,879,10.59,1105,403.0,0,69.19,160,83,6,0
1418,1,472.67,4.71,7.23,1322,9.44,1990,177.0,1,99.89,323,140,3,1
3616,3,1205.33,1.93,10.85,1137,5.8,1179,942.0,1,107.79,65,196,3,3
880,0,176.0,23.97,10.12,1355,10.27,891,651.0,1,55.17,76,132,5,0
1601,1,266.83,36.07,4.8,1665,8.58,1684,1572.0,2,121.25,306,194,6,2
1412,1,706.0,25.02,7.06,657,4.66,961,476.0,0,71.5,42,141,2,0
1692,1,241.71,17.69,5.92,593,3.8,1317,1233.0,0,257.73,12,156,7,1
2600,2,433.33,3.79,7.8,1883,12.9,1739,836.0,2,113.5,128,146,6,3
1308,1,163.5,8.71,11.51,1732,14.55,881,824.0,2,70.96,112,119,8,1
2413,2,482.6,23.2,6.03,543,2.83,984,391.0,0,58.82,238,192,5,1
1047,1,261.75,49.0,11.73,1939,9.74,520,320.0,2,40.7,140,199,4,0
1204,1,172.0,6.27,20.23,553,4.57,902,325.0,0,79.9,44,121,7,0
1799,1,449.75,21.0,5.04,832,8.08,1504,125.0,0,251.53,10,103,4,1
2676,2,535.2,8.48,25.42,1661,9.66,1634,846.0,2,141.54,72,172,5,3
2597,2,519.4,15.93,31.16,1657,8.37,1796,1770.0,2,132.72,18,198,5,3
3029,3,3029.0,15.04,6.06,1135,13.67,1846,293.0,1,93.46,323,83,1,3
2343,2,2343.0,17.17,3.51,1775,10.89,1869,1633.0,2,124.1,247,163,1,3
2016,2,672.0,20.79,10.89,783,7.39,1471,1198.0,0,111.59,64,106,3,1
2213,2,316.14,14.15,35.63,617,3.1,874,768.0,0,61.24,234,199,7,1
790,0,131.67,4.59,6.64,867,6.42,1974,70.0,0,141.09,78,135,6,0
3182,3,636.4,2.18,17.5,1310,6.75,513,117.0,1,58.46,32,194,5,2
3472,3,496.0,6.3,12.15,1804,11.79,1244,1158.0,2,169.96,9,153,7,3
2871,2,410.14,6.2,46.22,1900,21.35,1661,1055.0,2,151.36,12,89,7,3
3187,3,398.38,16.5,35.69,909,11.09,973,635.0,0,89.38,108,82,8,2
1945,1,648.33,20.01,15.17,1084,10.13,771,322.0,1,52.22,60,107,3,1
488,0,488.0,79.78,0.63,1308,6.57,989,275.0,1,171.09,15,199,1,0
1214,1,404.67,11.67,1.82,1778,17.43,1954,1445.0,2,405.04,30,102,3,1
2598,2,324.75,3.79,33.25,1701,8.77,1338,550.0,2,111.28,108,194,8,2
3242,3,810.5,3.06,31.12,772,9.65,1712,1242.0,0,111.32,198,80,4,3
3534,3,1178.0,14.64,5.3,825,6.35,863,597.0,0,95.4,40,130,3,3
3426,3,1713.0,10.45,7.54,1379,6.9,1376,538.0,1,246.24,20,200,2,3
2488,2,497.6,9.88,24.88,1166,5.89,1203,59.0,1,86.03,65,198,5,2
3255,3,3255.0,4.88,9.11,1659,18.64,902,819.0,2,60.92,266,89,1,3
2863,2,715.75,20.03,27.48,826,9.39,786,179.0,0,80.61,27,88,4,2
1496,1,249.33,16.02,20.64,1564,8.28,1965,1259.0,2,333.39,24,189,6,1
3801,3,1267.0,8.13,10.26,1957,10.81,1732,396.0,2,136.67,72,181,3,3
666,0,111.0,25.32,5.59,1571,15.71,1398,713.0,2,120.72,120,100,6,0
3799,3,542.71,14.17,53.19,1414,14.28,829,262.0,1,48.3,119,99,7,3
1366,1,1366.0,1.39,3.42,1790,9.73,792,622.0,2,125.88,42,184,1,1
2962,2,423.14,13.7,10.37,645,3.27,580,327.0,0,51.22,108,197,7,2
2399,2,299.88,12.28,55.66,668,3.43,1056,522.0,0,107.09,50,195,8,1
2338,2,584.5,15.11,10.29,1652,18.56,1264,313.0,2,100.17,96,89,4,2
2700,2,540.0,5.85,6.75,1213,11.23,1248,226.0,1,97.56,36,108,5,2
2235,2,372.5,9.64,33.52,1272,9.56,669,605.0,1,45.1,76,133,6,1
3825,3,478.12,11.99,15.3,866,4.84,1686,692.0,0,140.19,132,179,8,3
284,0,40.57,7.95,4.77,536,2.95,1539,1386.0,0,159.32,108,182,7,0
1427,1,178.38,9.37,29.68,523,3.37,1042,304.0,0,108.54,9,155,8,0
1324,1,1324.0,22.25,0.66,1753,13.08,1926,1590.0,2,138.75,102,134,1,2
398,0,132.67,28.65,2.15,1218,8.29,616,229.0,1,36.51,102,147,3,0
3685,3,3685.0,11.63,9.21,1537,11.22,1131,839.0,2,74.12,306,137,1,3
2390,2,341.43,13.56,36.81,786,5.57,1697,507.0,0,136.24,132,141,7,2
278,0,92.67,172.28,1.75,1678,12.52,536,436.0,2,34.55,114,134,3,0
3556,3,1778.0,2.52,9.96,1814,12.87,786,756.0,2,57.4,216,141,2,3
2196,2,1098.0,13.81,7.91,1101,7.44,1269,387.0,1,102.05,72,148,2,1
3799,3,542.71,10.5,63.82,1461,10.36,1298,1265.0,1,106.62,16,141,7,3
2268,2,756.0,20.3,20.41,1216,6.11,1967,1852.0,1,192.98,65,199,3,2
2965,2,2965.0,13.69,4.74,506,3.18,1025,875.0,0,96.26,130,159,1,2
2341,2,468.2,23.47,5.85,843,5.73,800,140.0,0,73.83,10,147,5,1
3557,3,508.14,15.67,54.78,742,3.91,1359,577.0,0,86.85,176,190,7,3
1354,1,225.67,42.89,17.06,1692,9.61,1996,975.0,2,130.67,112,176,6,1
2147,2,1073.5,14.57,4.29,1485,17.68,1013,510.0,1,56.71,19,84,2,2
505,0,252.5,75.86,2.93,1547,9.32,590,583.0,2,63.8,24,166,2,0
1394,1,1394.0,31.48,3.21,1692,12.17,1925,674.0,2,119.98,160,139,1,1
374,0,93.5,128.97,3.44,637,6.57,1989,1125.0,0,120.27,72,97,4,0
506,0,84.33,10.1,1.52,1224,11.23,826,747.0,1,101.24,60,109,6,0
3702,3,617.0,7.81,62.19,1356,6.85,1983,1612.0,1,141.97,102,198,6,3
1078,1,1078.0,29.5,0.54,1840,12.96,1545,311.0,2,175.11,48,142,1,1
2945,2,589.0,12.43,10.31,1481,15.43,1533,116.0,1,139.76,50,96,5,2
2981,2,496.83,16.94,26.83,961,6.32,621,554.0,0,52.01,90,152,6,2
490,0,98.0,24.2,2.2,1296,10.45,1272,811.0,1,188.57,7,124,5,0
536,0,536.0,41.7,0.48,1193,7.19,1729,730.0,1,104.27,238,166,1,0
2317,2,289.62,1.27,38.93,1441,12.21,1071,577.0,1,71.56,64,118,8,2
3704,3,926.0,8.88,20.74,517,2.83,974,660.0,0,65.36,272,183,4,3
2126,2,265.75,12.41,28.91,748,4.99,1554,450.0,0,85.15,162,150,8,1
2050,2,341.67,4.76,29.52,1126,7.04,1611,1223.0,1,252.83,42,160,6,2
2462,2,351.71,23.16,10.34,1572,10.01,1937,1109.0,2,171.69,96,157,7,3
1260,1,315.0,33.07,14.11,1569,14.26,1942,45.0,2,194.25,18,110,4,1
3770,3,538.57,8.46,15.83,1270,12.57,845,299.0,1,149.39,15,101,7,3
1886,1,377.2,4.12,28.29,1854,18.36,627,506.0,2,44.76,68,101,5,1
3323,3,830.75,2.99,15.95,625,3.42,842,635.0,0,105.46,9,183,4,2
2060,2,412.0,19.89,5.15,1577,8.01,1737,1045.0,2,101.36,114,197,5,2
3926,3,785.2,4.07,9.82,534,2.83,1199,393.0,0,74.22,192,189,5,3
2177,2,362.83,11.23,22.21,946,6.62,1740,650.0,0,232.18,35,143,6,2
728,0,104.0,35.76,2.55,685,7.37,648,433.0,0,51.96,112,93,7,0
2478,2,495.6,9.13,16.11,1949,19.3,1136,839.0,2,94.15,112,101,5,3
2842,2,1421.0,7.65,4.55,947,4.81,1220,1176.0,0,99.68,192,197,2,2
1617,1,231.0,37.52,24.9,801,4.85,879,650.0,0,60.73,68,165,7,1
1472,1,1472.0,19.51,3.97,703,6.22,1065,218.0,0,72.47,98,113,1,0
764,0,127.33,48.46,11.0,1165,6.54,831,564.0,1,50.22,228,178,6,0
2337,2,292.12,15.95,14.96,1082,5.46,1191,986.0,1,220.88,6,198,8,2
3965,3,991.25,5.04,41.24,959,11.42,1631,561.0,0,101.46,16,84,4,3
3693,3,738.6,14.57,22.16,1502,10.88,588,65.0,2,32.87,238,138,5,3
797,0,265.67,4.55,5.02,1380,15.0,500,420.0,1,46.64,26,92,3,0
1687,1,281.17,2.86,5.06,1266,13.33,1698,1365.0,1,181.55,66,95,6,2
2940,2,2940.0,15.48,7.64,1934,18.78,1299,619.0,2,102.78,117,103,1,3
1545,1,1545.0,3.73,0.77,1905,12.62,898,849.0,2,123.58,45,151,1,1
3834,3,766.8,11.19,26.84,1831,12.21,1381,611.0,2,83.9,119,150,5,3
2505,2,2505.0,18.07,3.51,596,3.61,984,953.0,0,85.62,60,165,1,1
2243,2,448.6,3.06,14.58,1562,8.22,1533,642.0,2,127.85,120,190,5,2
3600,3,450.0,17.7,14.4,1490,9.93,1464,1417.0,1,113.19,153,150,8,3
3971,3,1985.5,14.33,19.06,1523,13.02,539,247.0,2,31.21,216,117,2,3
2844,2,711.0,6.95,6.83,640,3.93,1179,710.0,0,172.03,35,163,4,2
2227,2,318.14,10.11,32.74,1526,13.04,751,718.0,2,54.68,180,117,7,2
1665,1,555.0,23.75,12.49,1989,21.16,1497,1100.0,2,103.2,153,94,3,2
3355,3,1118.33,18.07,19.12,1308,12.34,1215,59.0,1,76.03,30,106,3,3
1866,1,466.5,13.53,3.73,609,6.55,1948,938.0,0,180.17,110,93,4,1
1287,1,429.0,26.53,2.32,1905,16.01,1542,825.0,2,124.92,52,119,3,1
1046,1,1046.0,19.62,0.52,1703,8.87,1235,286.0,2,211.28,20,192,1,0
1441,1,205.86,13.27,24.21,1445,8.35,1345,1273.0,1,231.49,28,173,7,1
690,0,230.0,20.68,2.69,1087,6.55,589,295.0,1,43.92,84,166,3,0
2504,2,357.71,11.79,15.78,671,6.39,1182,852.0,0,208.15,24,105,7,2
2677,2,446.17,22.47,36.94,1472,8.76,1052,710.0,1,63.46,285,168,6,2
2243,2,280.38,20.52,8.97,765,6.65,1429,1277.0,0,159.7,77,115,8,2
2984,2,497.33,2.65,8.95,1642,9.6,873,129.0,2,63.03,52,171,6,2
1362,1,272.4,34.26,10.22,1265,6.95,836,690.0,1,180.66,30,182,5,1
3629,3,518.43,14.0,27.94,664,6.04,1478,701.0,0,81.79,285,110,7,3
3559,3,593.17,9.79,10.68,1277,8.99,1460,309.0,1,78.54,306,142,6,3
2571,2,857.0,8.81,13.88,1395,12.57,705,213.0,1,61.37,66,111,3,2
2107,2,263.38,19.0,43.83,1539,9.68,1666,1112.0,2,125.19,135,159,8,2
1022,1,204.4,57.37,11.24,1049,7.77,1077,199.0,1,91.27,33,135,5,0
2844,2,568.8,13.55,24.17,1827,14.27,1020,55.0,2,68.1,126,128,5,2
711,0,711.0,62.95,0.71,903,9.92,1235,1230.0,0,174.3,45,91,1,0
3117,3,1039.0,16.86,4.68,1987,10.98,1516,1052.0,2,97.12,90,181,3,3
978,0,122.25,46.44,9.39,1154,6.38,1499,541.0,1,265.61,15,181,8,0
1869,1,373.8,8.83,8.41,1336,6.89,583,55.0,1,41.83,13,194,5,1
1179,1,393.0,19.18,1.77,1886,16.84,1958,809.0,2,124.62,112,112,3,1
3844,3,768.8,13.23,21.14,1551,17.62,1995,1738.0,2,220.49,88,88,5,3
593,0,118.6,42.7,4.74,850,6.39,642,404.0,0,37.93,323,133,5,0
588,0,294.0,59.33,0.59,660,5.95,1178,262.0,0,172.4,30,111,2,0
3836,3,959.0,3.38,32.22,1225,10.56,1404,759.0,1,122.77,132,116,4,3
2669,2,444.83,9.24,8.01,1452,11.8,1040,42.0,1,80.07,120,123,6,2
2958,2,739.5,12.71,33.13,1686,10.16,1453,397.0,2,100.42,154,166,4,3
3031,3,1515.5,5.56,8.49,1634,8.17,1677,964.0,2,161.19,66,200,2,3
3388,3,3388.0,14.38,8.13,1708,15.67,517,233.0,2,81.01,24,109,1,3
2377,2,297.12,12.8,55.15,1151,8.99,1560,1022.0,1,98.16,144,128,8,2
2458,2,614.5,14.8,18.68,1578,11.43,1226,411.0,2,64.65,304,138,4,2
2766,2,922.0,8.57,14.94,1689,13.3,1200,954.0,2,191.63,14,127,3,3
3054,3,610.8,12.65,7.64,1488,13.29,1647,1528.0,1,149.78,140,112,5,3
3791,3,3791.0,2.37,6.82,1313,12.5,1308,416.0,1,114.38,110,105,1,3
625,0,78.12,43.64,5.0,1715,20.66,1615,638.0,2,96.47,102,83,8,0
2227,2,742.33,11.87,6.68,1442,7.51,687,231.0,1,103.54,30,192,3,1
3256,3,1628.0,1.83,11.07,528,3.72,637,574.0,0,85.75,72,142,2,2
707,0,707.0,13.92,1.27,1523,11.81,1606,148.0,2,80.64,152,129,1,0
1457,1,291.4,27.58,10.2,1133,5.69,1543,730.0,1,89.84,216,199,5,1
3755,3,751.0,1.59,46.94,1718,9.39,980,564.0,2,141.34,7,183,5,3
1733,1,247.57,21.2,6.07,1330,7.27,1441,1290.0,1,193.41,54,183,7,1
720,0,180.0,61.01,1.44,1799,16.81,1383,632.0,2,116.97,24,107,4,0
3560,3,445.0,13.7,62.66,633,4.55,1009,529.0,0,94.94,11,139,8,2
2311,2,330.14,18.67,43.68,724,3.87,1754,1273.0,0,270.91,42,187,7,2
3846,3,641.0,13.23,11.54,822,5.24,860,667.0,0,98.94,10,157,6,3
1717,1,343.4,5.63,16.31,1918,17.44,1543,1170.0,2,242.05,7,110,5,2
3704,3,529.14,9.95,72.6,1891,14.66,1108,169.0,2,124.53,48,129,7,3
3800,3,542.86,13.12,26.6,1373,10.81,673,105.0,1,75.68,24,127,7,3
278,0,139.0,61.91,0.44,862,5.22,1758,793.0,0,113.45,48,165,2,0
1767,1,441.75,26.29,7.07,1273,12.86,886,490.0,1,53.29,270,99,4,1
1846,1,369.2,3.68,23.08,957,8.94,1485,1201.0,0,146.91,60,107,5,1
829,0,414.5,32.98,2.16,1617,15.4,1038,246.0,2,106.68,54,105,2,0
2986,2,1493.0,18.24,14.93,893,4.88,946,417.0,0,129.23,7,183,2,2
2394,2,478.8,25.84,5.98,1210,13.01,1462,1177.0,1,104.27,153,93,5,2
2169,2,271.12,28.4,46.85,708,3.63,654,78.0,0,94.09,30,195,8,1
1181,1,295.25,5.59,5.2,835,8.27,1604,323.0,0,116.87,65,101,4,0
575,0,575.0,28.72,1.55,1450,11.07,1882,707.0,1,125.65,135,131,1,0
2977,2,425.29,18.95,31.26,973,5.12,1816,457.0,0,267.52,24,190,7,2
532,0,133.0,6.46,2.98,601,3.9,765,356.0,0,64.91,96,154,4,0
1702,1,243.14,18.16,5.96,507,3.6,1398,936.0,0,93.47,102,141,7,1
1074,1,358.0,44.39,5.8,564,3.36,1980,912.0,0,145.33,112,168,3,0
3352,3,558.67,1.78,32.18,1559,9.62,1559,179.0,2,156.92,9,162,6,3
1027,1,146.71,53.49,3.59,754,4.24,1928,1914.0,0,388.1,18,178,7,1
2039,2,509.75,11.95,22.02,728,8.27,1529,526.0,0,269.49,5,88,4,1
461,0,461.0,101.78,0.23,1431,7.49,952,156.0,1,120.59,21,191,1,0
527,0,131.75,45.55,3.16,767,4.38,1517,344.0,0,141.41,60,175,4,0
3271,3,1635.5,5.46,17.01,1722,9.73,1741,865.0,2,129.6,84,177,2,3
606,0,303.0,82.39,1.94,1992,19.92,1596,1552.0,2,222.62,27,100,2,1
2513,2,418.83,15.66,7.54,1876,21.81,1564,546.0,2,150.6,80,86,6,3
1675,1,279.17,21.89,11.06,1054,7.75,1222,1097.0,1,86.43,72,136,6,1
2698,2,539.6,17.19,21.58,1283,13.8,692,372.0,1,78.57,54,93,5,2
1129,1,1129.0,23.28,2.6,1281,8.66,1617,1285.0,1,158.88,12,148,1,1
468,0,66.86,12.57,1.97,1066,9.35,1571,1242.0,1,100.13,247,114,7,0
1210,1,151.25,3.12,20.33,730,8.2,1247,302.0,0,64.15,285,89,8,0
3086,3,3086.0,14.45,2.47,1053,10.22,1767,594.0,1,103.56,102,103,1,3
1595,1,531.67,1.81,2.39,1611,16.44,714,303.0,2,86.18,32,98,3,1
2332,2,1166.0,12.62,4.66,793,5.96,1935,1858.0,0,149.03,221,133,2,2
2589,2,647.25,23.59,30.03,1220,9.76,1933,403.0,1,98.73,209,125,4,2
3760,3,940.0,16.17,7.52,1662,13.19,1509,32.0,2,150.93,45,126,4,3
1851,1,462.75,4.19,20.73,1281,8.9,954,590.0,1,124.63,16,144,4,1
417,0,59.57,3.94,2.34,538,3.04,662,235.0,0,78.05,32,177,7,0
294,0,36.75,100.75,1.18,823,4.4,888,630.0,0,77.77,117,187,8,0
3576,3,596.0,10.02,60.08,1733,14.56,527,357.0,2,35.36,272,119,6,3
3945,3,1315.0,10.12,17.75,1429,14.29,820,246.0,1,71.34,77,100,3,3
927,0,132.43,53.72,7.79,1839,9.2,1493,475.0,2,78.34,190,200,7,1
2044,2,681.33,2.86,16.56,659,5.99,1929,1054.0,0,137.39,75,110,3,1
2334,2,291.75,23.54,39.21,1953,12.36,764,555.0,2,78.69,55,158,8,2
1477,1,1477.0,17.51,2.81,1172,7.15,1092,607.0,1,96.11,72,164,1,1
3161,3,451.57,5.02,42.04,612,6.0,1891,1360.0,0,258.81,32,102,7,3
3660,3,457.5,6.53,70.27,1563,9.19,1699,142.0,2,213.12,35,170,8,3
1604,1,1604.0,15.6,2.09,1191,14.18,683,681.0,1,64.3,42,84,1,1
2211,2,368.5,18.59,6.63,615,3.77,1664,104.0,0,208.41,28,163,6,1
3822,3,1911.0,16.44,16.05,1893,14.13,763,637.0,2,66.26,42,134,2,3
3922,3,560.29,4.07,46.67,1563,10.35,572,410.0,2,58.65,11,151,7,3
1203,1,200.5,7.06,13.71,1995,14.35,1963,1830.0,2,178.91,168,139,6,2
2822,2,564.4,16.81,7.06,1517,10.61,1489,802.0,2,105.7,75,143,5,3
447,0,89.4,63.37,3.58,832,7.7,1294,311.0,0,83.18,195,108,5,0
1652,1,236.0,32.69,23.13,1162,10.19,997,56.0,1,166.43,30,114,7,1
3608,3,451.0,3.31,75.05,1595,13.18,655,344.0,2,46.24,15,121,8,3
1228,1,204.67,40.02,7.37,1329,7.34,1458,1053.0,1,199.83,48,181,6,1
666,0,83.25,74.63,2.66,928,11.6,1243,221.0,0,63.12,190,80,8,0
1499,1,214.14,24.3,5.25,1656,15.77,519,506.0,2,55.76,96,105,7,1
3321,3,3321.0,17.35,5.65,1937,10.25,1767,1728.0,2,411.92,20,189,1,3
1206,1,201.0,44.61,7.96,977,5.4,566,63.0,0,71.19,7,181,6,0
952,0,952.0,54.39,0.86,768,6.8,515,418.0,0,33.16,57,113,1,0
3927,3,1963.5,3.05,3.93,1464,12.51,1168,854.0,1,241.15,15,117,2,3
311,0,155.5,71.83,0.56,1177,6.16,882,178.0,1,47.36,90,191,2,0
955,0,318.33,50.36,5.73,1348,13.76,1942,1869.0,1,141.86,198,98,3,1
1109,1,369.67,31.28,7.32,1956,22.48,776,185.0,2,56.98,13,87,3,1
2969,2,494.83,2.67,8.91,1751,9.84,564,170.0,2,65.45,48,178,6,2
725,0,120.83,51.98,8.7,1530,8.64,1975,454.0,2,168.88,110,177,6,0
1655,1,413.75,23.31,11.92,1997,10.79,1212,866.0,2,186.2,42,185,4,2
3490,3,1745.0,12.54,10.47,1414,7.86,1118,44.0,1,65.82,192,180,2,3
1774,1,253.43,22.37,17.39,1707,21.34,1388,1331.0,2,147.93,72,80,7,2
3615,3,1205.0,13.77,5.42,894,4.49,1462,1285.0,0,139.03,78,199,3,3
714,0,89.25,51.43,6.85,645,3.51,1130,741.0,0,71.12,36,184,8,0
2768,2,1384.0,17.48,15.5,1163,7.5,754,520.0,1,45.8,38,155,2,2
3739,3,467.38,13.06,20.94,1126,6.82,1726,114.0,1,115.32,14,165,8,3
610,0,152.5,91.99,1.71,1648,9.69,1876,1153.0,2,244.67,8,170,4,1
715,0,357.5,17.54,1.29,1170,5.88,709,474.0,1,44.89,90,199,2,0
663,0,663.0,56.19,0.53,508,5.4,557,39.0,0,39.88,156,94,1,0
1725,1,575.0,35.86,10.87,1097,6.81,1914,419.0,1,130.62,70,161,3,1
834,0,417.0,5.47,2.84,728,7.21,775,584.0,0,57.08,96,101,2,0
3865,3,3865.0,7.49,1.93,1980,11.19,1910,312.0,2,148.87,120,177,1,3
3059,3,3059.0,20.73,7.04,1504,8.26,1923,19.0,2,274.73,30,182,1,3
651,0,651.0,85.63,1.37,1379,16.61,1370,207.0,1,138.56,54,83,1,0
796,0,132.67,20.52,10.03,1698,10.61,994,363.0,2,75.59,39,160,6,0
785,0,112.14,28.85,11.54,920,8.0,1078,209.0,0,99.82,70,115,7,0
3252,3,3252.0,6.41,4.88,1144,6.05,724,159.0,1,43.6,96,189,1,2
1322,1,1322.0,18.69,0.66,1995,15.47,1104,649.0,2,80.04,165,129,1,1
2832,2,2832.0,9.42,1.42,1430,7.81,1182,1132.0,1,204.58,7,183,1,2
1615,1,323.0,7.75,4.04,972,5.04,1795,1392.0,0,189.29,66,193,5,1
2125,2,2125.0,9.19,1.06,662,4.8,1224,1001.0,0,87.84,255,138,1,1
990,0,165.0,8.44,13.66,1867,9.77,1442,712.0,2,229.74,6,191,6,1
1595,1,398.75,12.07,12.76,1730,12.1,1023,418.0,2,73.67,84,143,4,1
1213,1,404.33,5.45,3.64,1723,13.67,1361,384.0,2,235.69,30,126,3,1
2500,2,1250.0,18.49,6.5,1882,13.44,652,119.0,2,36.82,17,140,2,2
2801,2,700.25,6.35,8.96,803,7.58,935,627.0,0,59.25,270,106,4,2
3451,3,1150.33,13.54,12.42,580,6.37,1345,1086.0,0,108.04,15,91,3,3
1201,1,1201.0,37.71,2.76,668,5.86,1292,195.0,0,87.11,168,114,1,0
3139,3,3139.0,11.37,4.39,1391,7.64,1256,14.0,1,83.74,98,182,1,2
1938,1,276.86,11.04,31.2,1560,9.23,1364,745.0,2,97.14,165,169,7,2
3185,3,1061.67,16.82,17.2,821,7.53,1786,253.0,0,200.43,32,109,3,2
2111,2,351.83,0.93,30.4,811,7.65,1429,333.0,0,77.23,126,106,6,1
2369,2,296.12,7.04,54.96,1989,10.31,682,629.0,2,115.97,42,193,8,2
3625,3,517.86,10.16,68.51,1034,8.62,1199,707.0,1,77.33,17,120,7,3
1051,1,1051.0,5.33,2.21,618,7.19,1688,1314.0,0,152.8,130,86,1,0
1036,1,259.0,46.77,5.39,654,3.34,1898,1715.0,0,142.11,68,196,4,1
2938,2,587.6,3.37,41.13,576,3.13,1438,513.0,0,218.11,36,184,5,2
2855,2,475.83,1.04,10.28,667,3.61,1463,13.0,0,243.84,30,185,6,2
2727,2,2727.0,20.63,2.73,869,7.36,1584,1243.0,0,143.82,39,118,1,2
2973,2,991.0,13.98,4.46,635,4.26,1059,300.0,0,84.67,60,149,3,2
2581,2,2581.0,16.79,7.74,609,5.21,1253,58.0,0,78.4,165,117,1,1
2690,2,538.0,0.73,37.66,1557,12.66,1442,1107.0,2,95.68,288,123,5,3
916,0,114.5,33.18,12.46,1604,8.4,939,134.0,2,67.75,130,191,8,0
2563,2,320.38,3.07,10.25,1182,8.57,986,275.0,1,51.18,323,138,8,2
3359,3,479.86,5.62,49.38,848,5.73,1029,176.0,0,94.9,60,148,7,2
941,0,235.25,62.81,10.92,1610,8.9,1280,1236.0,2,197.71,32,181,4,1
2280,2,2280.0,7.31,4.79,1828,9.19,898,336.0,2,53.27,238,199,1,2
827,0,118.14,55.09,11.58,880,4.54,1381,1116.0,0,110.97,135,194,7,0
473,0,94.6,110.34,2.13,1394,7.97,1565,1010.0,1,155.22,11,175,5,0
3865,3,552.14,15.74,62.23,1960,22.79,1299,205.0,2,119.55,70,86,7,3
1274,1,182.0,15.62,7.13,809,8.89,1726,1453.0,0,118.75,126,91,7,1
364,0,182.0,125.15,0.36,899,5.23,1331,788.0,0,128.9,11,172,2,0
3699,3,1849.5,8.62,5.18,1976,11.56,1922,1301.0,2,128.94,187,171,2,3
2927,2,731.75,7.1,17.56,879,4.7,1038,463.0,0,75.77,182,187,4,2
1470,1,367.5,23.44,15.29,916,4.7,992,188.0,0,72.12,78,195,4,0
1050,1,131.25,1.78,14.28,763,8.29,1186,1028.0,0,224.22,24,92,8,0
2616,2,436.0,3.39,25.11,508,3.14,1920,1419.0,0,125.66,144,162,6,2
2915,2,364.38,11.54,67.63,825,8.33,1866,1471.0,0,264.01,16,99,8,3
2686,2,2686.0,16.89,3.76,1864,10.47,981,168.0,2,82.94,77,178,1,2
1243,1,207.17,39.58,3.73,1725,9.32,1195,1125.0,2,82.06,342,185,6,1
3264,3,1632.0,15.82,18.93,1108,6.05,1706,130.0,1,100.64,16,183,2,3
2261,2,323.0,15.6,17.41,1011,7.72,749,481.0,1,111.27,42,131,7,1
2993,2,598.6,18.19,22.45,1703,12.34,1711,1411.0,2,369.63,5,138,5,3
706,0,100.86,73.47,8.4,1067,7.9,681,79.0,1,52.74,108,135,7,0
2542,2,508.4,16.26,30.5,1334,11.6,1974,1187.0,1,209.4,10,115,5,3
2523,2,360.43,11.7,45.92,775,4.1,1510,561.0,0,89.49,272,189,7,2
336,0,168.0,60.73,0.4,1899,12.58,814,96.0,2,58.55,143,151,2,0
2457,2,409.5,5.6,19.16,930,9.59,1025,77.0,0,85.66,77,97,6,1
418,0,104.5,37.39,2.51,1058,6.37,1247,493.0,1,134.09,63,166,4,0
3917,3,1958.5,11.72,17.23,1187,8.19,1814,1173.0,1,154.3,143,145,2,3
1246,1,178.0,6.08,23.55,1874,11.29,1233,964.0,2,173.9,8,166,7,1
2971,2,424.43,15.99,10.4,1482,10.44,642,634.0,1,69.41,96,142,7,2
2324,2,774.67,24.9,11.85,1809,10.4,721,639.0,2,87.58,60,174,3,2
3121,3,1560.5,17.15,18.73,864,4.62,1670,127.0,0,88.15,36,187,2,2
3801,3,3801.0,8.66,7.22,625,3.27,550,431.0,0,63.52,60,191,1,2
3333,3,1111.0,5.37,18.0,1880,13.62,699,71.0,2,39.03,255,138,3,3
3475,3,434.38,12.59,38.92,1138,6.09,1138,111.0,1,57.17,57,187,8,3
2360,2,295.0,9.56,9.44,560,3.84,1903,356.0,0,107.56,272,146,8,1
2895,2,413.57,4.1,10.13,1117,7.76,817,798.0,1,142.76,42,144,7,2
3652,3,521.71,17.18,35.79,1712,12.5,1126,747.0,2,79.49,16,137,7,3
3097,3,516.17,8.32,31.59,1836,13.7,1139,408.0,2,201.64,30,134,6,3
2101,2,300.14,18.12,35.3,1036,8.71,926,373.0,1,90.75,70,119,7,1
3918,3,979.5,5.86,36.05,1860,11.48,1506,1362.0,2,203.05,18,162,4,3
3869,3,552.71,2.32,29.79,1375,9.48,726,475.0,1,43.38,342,145,7,3
732,0,183.0,69.95,4.68,1945,9.97,1753,743.0,2,126.93,14,195,4,1
3684,3,1842.0,1.89,3.68,1896,13.45,794,447.0,2,91.12,63,141,2,3
3969,3,496.12,14.34,79.38,788,8.66,1161,42.0,0,89.37,96,91,8,3
1414,1,707.0,22.28,4.81,880,5.09,1350,30.0,0,103.87,12,173,2,0
1892,1,473.0,14.38,18.92,1323,10.1,619,162.0,1,58.17,60,131,4,1
3131,3,3131.0,13.3,6.26,1868,11.05,660,347.0,2,82.85,24,169,1,3
2532,2,844.0,2.72,14.43,1266,6.88,1468,346.0,1,137.11,50,184,3,2
3215,3,459.29,15.43,60.76,1042,11.2,1705,727.0,1,97.55,108,93,7,3
3323,3,1107.67,5.68,4.98,1479,9.48,1476,180.0,1,106.21,156,156,3,3
1529,1,382.25,34.52,7.34,1476,8.63,1666,1641.0,1,167.03,104,171,4,2
2403,2,400.5,5.31,31.72,1552,12.62,1026,269.0,2,106.07,18,123,6,2
3419,3,854.75,9.89,6.84,1454,17.52,1033,250.0,1,132.85,35,83,4,3
3648,3,729.6,12.29,36.48,1007,10.6,1529,1186.0,1,193.51,54,95,5,3
1974,1,394.8,8.38,23.69,652,3.77,559,77.0,0,43.41,120,173,5,0
2806,2,350.75,11.97,33.67,1504,10.59,973,507.0,2,137.15,14,142,8,2
2239,2,559.75,22.3,8.06,1726,8.94,1223,379.0,2,91.46,117,193,4,2
582,0,116.4,7.48,5.53,1029,6.02,956,264.0,1,61.99,105,171,5,0
3890,3,648.33,11.29,65.35,1582,14.12,1797,1486.0,2,129.55,170,112,6,3
1141,1,228.2,39.53,4.56,1478,14.93,882,694.0,1,187.05,10,99,5,1
2511,2,502.2,19.2,16.32,1178,11.66,596,579.0,1,118.71,18,101,5,2
3838,3,1279.33,6.5,24.18,707,5.4,574,495.0,0,75.8,18,131,3,3
2734,2,683.5,18.41,30.62,755,4.06,990,315.0,0,94.45,10,186,4,2
2330,2,291.25,22.73,37.28,912,5.66,1053,329.0,0,55.16,95,161,8,1
2244,2,448.8,27.49,8.98,651,3.7,858,548.0,0,67.87,126,176,5,1
1851,1,264.43,28.31,27.21,1483,8.43,758,531.0,1,57.84,195,176,7,1
808,0,404.0,4.5,1.45,914,9.14,1495,191.0,0,125.6,77,100,2,0
1587,1,317.4,4.24,3.97,1456,13.87,1104,823.0,1,196.72,30,105,5,1
2492,2,830.67,22.5,16.45,1178,14.02,1352,96.0,1,79.73,224,84,3,2
2122,2,530.5,19.8,5.94,1503,9.05,1304,841.0,2,96.98,15,166,4,2
1122,1,561.0,9.2,5.61,1681,10.64,1205,195.0,2,93.9,72,158,2,0
3709,3,927.25,12.9,34.12,715,4.47,562,21.0,0,37.49,28,160,4,2
3021,3,1007.0,18.36,25.38,1876,10.31,585,235.0,2,48.5,24,182,3,2
624,0,104.0,66.26,8.24,1190,6.4,1441,1417.0,1,202.1,27,186,6,0
3937,3,562.43,6.08,35.83,1755,13.1,1075,286.0,2,123.6,8,134,7,3
1797,1,299.5,10.78,14.02,1197,8.03,1629,649.0,1,87.68,95,149,6,1
1458,1,729.0,18.37,2.62,1048,5.4,1975,966.0,1,366.43,5,194,2,1
3348,3,418.5,5.05,80.35,1887,14.98,1798,1172.0,2,112.96,288,126,8,3
1834,1,229.25,33.84,7.34,1772,15.28,545,270.0,2,101.37,10,116,8,1
2775,2,2775.0,20.28,7.77,1421,8.61,1657,781.0,1,130.85,104,165,1,3
1277,1,212.83,12.62,3.83,1464,9.57,1341,418.0,1,100.33,78,153,6,1
457,0,114.25,42.1,4.2,728,6.56,817,126.0,0,45.93,170,111,4,0
438,0,219.0,94.74,0.44,954,7.12,1058,228.0,0,60.13,102,134,2,0
3210,3,458.57,4.02,11.24,685,8.35,1203,1091.0,0,101.5,105,82,7,3
985,0,164.17,33.9,16.55,1472,11.32,1744,1452.0,1,174.56,132,130,6,1
3701,3,1850.5,0.81,14.8,853,4.26,740,674.0,0,62.56,120,200,2,3
1052,1,150.29,7.1,15.46,1469,11.94,1133,398.0,1,133.43,8,123,7,0
1175,1,146.88,45.69,21.62,1310,9.7,889,449.0,1,58.59,96,135,8,0
1070,1,152.86,9.61,13.48,1654,11.33,1719,1184.0,2,231.92,8,146,7,1
3411,3,487.29,0.87,16.71,902,6.73,1285,675.0,0,111.65,132,134,7,3
1175,1,391.67,20.84,4.93,1448,9.28,1850,1792.0,1,198.12,108,156,3,1
301,0,43.0,7.62,1.9,1631,8.24,1905,177.0,2,136.66,65,198,7,0
489,0,244.5,48.48,1.76,1608,8.79,1158,1013.0,2,96.16,165,183,2,0
1733,1,866.5,35.71,9.36,1991,13.73,1325,1058.0,2,282.6,15,145,2,2
2756,2,551.2,22.21,27.56,1349,11.83,772,592.0,1,81.07,33,114,5,2
2612,2,2612.0,19.24,6.53,1589,8.15,1743,810.0,2,213.56,16,195,1,2
1724,1,215.5,28.59,31.72,1844,11.67,882,533.0,2,171.76,5,158,8,1
2190,2,1095.0,15.63,2.19,712,8.48,1208,558.0,0,78.27,192,84,2,1
1900,1,633.33,27.61,9.69,972,9.08,1050,681.0,0,73.62,128,107,3,1
3915,3,1305.0,8.67,5.87,1406,14.35,1366,1017.0,1,170.3,72,98,3,3
1043,1,173.83,22.35,5.63,1289,7.24,899,765.0,1,168.63,12,178,6,0
3817,3,545.29,16.72,34.73,932,6.05,1224,1176.0,0,188.6,56,154,7,3
2362,2,787.33,19.94,6.38,1747,18.59,1131,947.0,2,81.95,34,94,3,2
1107,1,369.0,34.71,6.97,1172,12.34,1884,1314.0,1,287.12,21,95,3,1
2982,2,596.4,17.6,20.87,1128,13.43,1370,609.0,1,99.95,126,84,5,3
2042,2,408.4,13.37,12.25,664,6.26,1497,754.0,0,93.12,255,106,5,1
1343,1,335.75,31.17,2.69,513,2.76,867,619.0,0,177.55,5,186,4,0
2610,2,372.86,16.23,42.02,1742,10.25,681,453.0,2,62.92,36,170,7,2
2335,2,333.57,2.52,27.79,1512,9.33,884,205.0,2,56.72,105,162,7,2
1614,1,201.75,30.43,6.46,1986,12.04,1358,282.0,2,77.05,204,165,8,1
1138,1,569.0,10.73,3.41,965,8.85,998,130.0,0,100.64,72,109,2,0
604,0,75.5,57.98,11.6,1067,8.75,1989,494.0,1,120.55,224,122,8,0
3652,3,1217.33,11.46,17.53,1583,13.42,862,275.0,2,60.32,140,118,3,3
3955,3,988.75,9.34,7.91,1653,9.39,1785,447.0,2,92.01,76,176,4,3
258,0,32.25,11.37,3.3,1433,10.77,799,281.0,1,70.58,99,133,8,0
1066,1,152.29,15.78,21.64,765,5.0,793,6.0,0,66.09,11,153,7,0
1731,1,1731.0,34.07,0.87,1845,19.22,695,292.0,2,75.38,45,96,1,1
3860,3,551.43,12.4,13.51,752,8.64,728,164.0,0,93.28,35,87,7,3
3630,3,726.0,4.39,50.82,1948,19.48,1940,631.0,2,204.0,63,100,5,3
1965,1,655.0,22.29,14.74,1077,6.19,1304,897.0,1,226.1,12,174,3,1
1459,1,364.75,39.35,2.92,932,8.96,1078,268.0,0,158.69,6,104,4,0
2323,2,774.33,9.29,6.27,1968,17.11,1259,861.0,2,152.53,72,115,3,2
3291,3,822.75,0.6,15.8,1122,9.35,790,331.0,1,71.38,22,120,4,2
3272,3,3272.0,18.51,1.64,1588,9.99,1594,1064.0,2,100.87,108,159,1,3
918,0,229.5,26.09,7.71,601,5.95,548,509.0,0,74.79,9,101,4,0
3488,3,872.0,4.28,6.98,1615,12.23,1256,622.0,2,82.45,32,132,4,3
3961,3,990.25,14.62,34.86,1589,12.41,1911,957.0,2,125.72,224,128,4,3
590,0,98.33,82.82,9.56,1417,12.43,1649,494.0,1,143.45,33,114,6,0
3701,3,3701.0,9.15,2.59,1697,17.86,1264,236.0,2,80.37,135,95,1,3
463,0,92.6,5.43,3.01,1330,16.02,1262,980.0,1,106.52,84,83,5,0
3644,3,1822.0,11.75,3.64,1476,9.97,1972,1789.0,1,166.41,150,148,2,3
1713,1,285.5,15.23,15.42,1579,11.12,1484,831.0,2,100.05,64,142,6,1
429,0,107.25,79.01,5.15,1277,6.38,1090,902.0,1,141.48,36,200,4,0
2765,2,553.0,0.71,12.44,1089,7.51,1259,636.0,1,100.75,156,145,5,2
2084,2,521.0,12.65,20.84,1663,9.84,1439,831.0,2,207.71,7,169,4,2
1125,1,225.0,16.69,10.12,1949,10.48,592,518.0,2,43.7,170,186,5,1
2048,2,682.67,22.86,6.76,1138,10.44,1777,233.0,1,256.03,36,109,3,2
1223,1,203.83,13.13,19.81,685,3.94,870,725.0,0,125.83,48,174,6,0
3672,3,3672.0,8.41,10.28,1889,14.31,1106,170.0,2,186.5,5,132,1,3
3100,3,442.86,5.44,43.4,857,4.39,948,157.0,0,53.38,85,195,7,2
343,0,42.88,114.95,7.68,1902,15.34,1393,1142.0,2,150.11,88,124,8,0
1970,1,394.0,7.41,23.64,1225,7.9,982,840.0,1,76.02,128,155,5,1
2728,2,545.6,14.11,21.82,1066,8.14,1586,401.0,1,233.7,36,131,5,2
3635,3,1211.67,1.37,5.45,1554,12.53,1579,395.0,2,203.46,28,124,3,3
2180,2,1090.0,13.91,2.18,1337,7.19,644,48.0,1,80.72,28,186,2,1
2488,2,829.33,13.05,12.69,1926,11.2,1157,982.0,2,216.79,6,172,3,2
3864,3,1932.0,8.78,10.05,869,8.36,539,478.0,0,51.46,39,104,2,3
1155,1,144.38,43.98,4.62,1278,12.29,750,581.0,1,118.59,7,104,8,0
3566,3,594.33,8.93,53.49,1773,10.43,1472,1215.0,2,106.04,102,170,6,3
864,0,123.43,6.36,4.84,1661,15.24,1337,594.0,2,146.3,72,109,7,1
869,0,124.14,33.73,13.38,1438,8.17,1663,683.0,1,89.89,247,176,7,0
591,0,295.5,42.83,1.65,1661,13.96,861,536.0,2,101.42,18,119,2,0
1333,1,1333.0,13.55,0.8,1846,11.61,773,83.0,2,48.59,90,159,1,1
2208,2,315.43,10.19,30.91,1260,10.24,1313,905.0,1,122.67,132,123,7,2
2610,2,870.0,5.66,3.92,512,6.17,1849,249.0,0,98.19,252,83,3,2
2819,2,563.8,20.68,31.01,581,3.14,1613,803.0,0,90.09,323,185,5,2
1955,1,651.67,21.9,13.49,1872,13.97,1259,459.0,2,134.01,36,134,3,2
3416,3,854.0,14.55,17.76,687,4.55,1151,584.0,0,86.05,84,151,4,3
3803,3,3803.0,2.62,9.51,1062,6.64,1807,1596.0,1,301.36,21,160,1,3
574,0,574.0,10.6,1.32,1678,8.74,1763,418.0,2,301.98,15,192,1,0
2129,2,532.25,20.65,4.26,1417,8.54,1029,364.0,1,77.96,117,166,4,1
1948,1,324.67,4.49,28.05,1074,10.43,952,946.0,1,95.86,13,103,6,1
2978,2,425.43,0.66,14.59,1832,20.36,654,186.0,2,35.79,126,90,7,2
1619,1,202.38,7.14,16.84,1039,5.2,1827,1428.0,1,289.86,7,200,8,1
3716,3,1238.67,16.36,26.76,1059,7.9,1916,1613.0,1,156.54,195,134,3,3
3454,3,863.5,16.41,19.34,1606,10.43,1924,1127.0,2,159.27,104,154,4,3
3777,3,1259.0,5.02,20.4,1928,10.31,1580,691.0,2,215.56,14,187,3,3
2712,2,2712.0,20.01,1.36,1875,20.6,1942,1802.0,2,331.16,14,91,1,3
1434,1,179.25,30.66,12.62,1128,8.36,1582,751.0,1,291.87,30,135,8,1
3968,3,1322.67,3.52,20.24,1748,11.97,1234,859.0,2,88.44,192,146,3,3
3383,3,676.6,14.98,8.46,1413,12.08,517,187.0,1,32.34,80,117,5,3
3278,3,1639.0,6.97,3.28,825,9.59,1917,206.0,0,214.23,48,86,2,3
3970,3,496.25,6.54,44.46,1589,15.89,1759,1673.0,2,142.8,128,100,8,3
2674,2,334.25,19.92,10.7,535,3.69,939,710.0,0,78.48,112,145,8,2
2776,2,694.0,9.61,5.55,1780,9.37,1463,1331.0,2,98.89,323,190,4,3
2336,2,1168.0,25.62,2.8,1671,12.95,848,263.0,2,80.71,40,129,2,2
2430,2,2430.0,4.85,2.19,1821,15.97,1803,97.0,2,225.7,28,114,1,2
891,0,148.5,39.17,13.9,1076,9.04,915,129.0,1,48.63,54,119,6,0
728,0,145.6,9.87,2.91,532,2.76,1354,1213.0,0,129.85,65,193,5,0
3886,3,777.2,7.7,50.52,777,5.25,1143,189.0,0,77.23,140,148,5,3
1711,1,427.75,9.6,3.42,1217,6.69,632,628.0,1,111.37,21,182,4,1
2856,2,408.0,5.54,31.99,1656,14.15,899,320.0,2,63.62,42,117,7,2
2447,2,305.88,12.45,37.19,1185,7.8,1642,837.0,1,108.41,32,152,8,2
814,0,135.67,41.34,11.72,577,3.58,1450,1087.0,0,151.02,77,161,6,0
2951,2,737.75,16.43,28.33,737,3.82,1463,781.0,0,207.3,42,193,4,2
3653,3,608.83,14.45,48.22,704,3.78,1013,251.0,0,130.45,7,186,6,2
1891,1,236.38,26.2,7.56,525,3.83,1587,262.0,0,84.66,54,137,8,1
701,0,701.0,20.39,0.35,504,3.04,1665,767.0,0,101.84,255,166,1,0
3139,3,784.75,12.0,15.07,793,4.51,1815,1226.0,0,312.9,6,176,4,3
2811,2,351.38,13.71,13.49,569,3.09,739,389.0,0,104.39,42,184,8,1
1701,1,340.2,11.92,16.16,1590,9.94,963,920.0,2,110.99,44,160,5,1
1853,1,926.5,8.38,1.85,707,3.64,1508,1027.0,0,101.36,238,194,2,1
2445,2,407.5,7.64,27.87,767,4.15,1000,271.0,0,148.01,6,185,6,1
2287,2,285.88,21.43,9.15,1350,7.46,544,369.0,1,41.08,15,181,8,1
2003,2,1001.5,15.08,2.4,1117,7.65,1627,1258.0,1,228.51,56,146,2,2
3595,3,3595.0,1.94,3.95,641,3.34,759,417.0,0,108.25,35,192,1,2
1726,1,863.0,19.6,2.76,1002,12.07,1416,1345.0,1,114.88,80,83,2,1
3952,3,790.4,11.37,41.5,1408,15.82,1088,613.0,1,138.76,48,89,5,3
850,0,106.25,44.08,13.6,1900,10.0,1596,912.0,2,306.37,5,190,8,1
1446,1,180.75,28.44,33.55,726,7.19,760,666.0,0,56.14,34,101,8,0
1300,1,162.5,32.86,23.92,1544,13.66,857,236.0,2,98.77,56,113,8,1
719,0,179.75,26.18,4.6,1454,9.09,1100,186.0,1,74.37,140,160,4,0
988,0,197.6,24.42,10.87,1230,10.0,676,416.0,1,66.15,55,123,5,0
2606,2,325.75,20.04,25.02,1552,8.62,658,430.0,2,56.15,78,180,8,2
2912,2,2912.0,10.87,6.12,1519,7.6,1239,168.0,2,104.19,110,200,1,2
2339,2,2339.0,12.58,4.44,723,7.09,1901,1467.0,0,120.06,171,102,1,2
1028,1,1028.0,11.78,2.47,1191,7.05,1813,179.0,1,121.45,84,169,1,0
3173,3,396.62,19.07,33.0,1168,12.98,1578,159.0,1,158.6,36,90,8,3
1667,1,833.5,8.1,1.67,1229,6.43,1878,120.0,1,104.55,102,191,2,1
1897,1,237.12,6.66,7.59,1758,9.25,1864,762.0,2,287.68,12,190,8,2
1214,1,202.33,2.33,3.64,1290,9.02,1109,600.0,1,126.09,72,143,6,1
3269,3,544.83,11.54,54.92,574,6.38,1171,286.0,0,133.94,56,90,6,2
445,0,63.57,59.86,1.56,1271,11.25,1949,1350.0,1,148.18,210,113,7,0
1073,1,134.12,26.14,10.3,1170,14.1,1722,27.0,1,246.03,24,83,8,0
665,0,332.5,69.39,1.73,1269,10.75,1920,1597.0,1,131.44,90,118,2,1
3129,3,1564.5,15.84,17.52,1288,10.64,1809,1177.0,1,119.9,102,121,2,3
3501,3,1750.5,9.66,4.9,1366,9.11,964,402.0,1,74.6,143,150,2,3
3461,3,692.2,2.3,13.84,1572,9.3,1237,577.0,2,194.99,18,169,5,3
3206,3,534.33,9.9,17.31,1627,9.04,1082,52.0,2,83.33,72,180,6,3
3717,3,1858.5,12.33,3.72,1701,14.79,828,364.0,2,75.37,66,115,2,3
3917,3,3917.0,14.01,1.96,1900,11.11,1241,934.0,2,97.08,75,171,1,3
861,0,123.0,25.51,6.03,1974,24.68,545,250.0,2,74.95,28,80,7,0
2885,2,577.0,6.86,7.21,1197,9.28,1710,214.0,1,86.17,133,129,5,2
2777,2,2777.0,2.13,6.39,587,3.45,1793,612.0,0,189.46,18,170,1,2
1017,1,203.4,21.95,5.59,934,8.34,1463,1111.0,0,141.31,84,112,5,0
980,0,245.0,21.76,7.84,1195,14.57,1100,163.0,1,79.43,117,82,4,0
2775,2,2775.0,8.19,2.78,1853,20.14,1951,202.0,2,130.76,56,92,1,3
3309,3,413.62,5.7,26.47,1164,12.25,1704,729.0,1,115.84,45,95,8,3
3607,3,1202.33,4.97,5.41,1512,17.18,1897,1079.0,2,167.88,120,88,3,3
1257,1,251.4,18.08,18.23,1232,7.29,809,361.0,1,52.11,160,169,5,0
759,0,253.0,5.94,1.37,1813,9.16,1306,338.0,2,134.9,27,198,3,0
3720,3,1240.0,1.34,29.02,946,5.7,1771,1698.0,0,153.34,105,166,3,3
475,0,158.33,102.86,3.28,739,8.4,1536,1052.0,0,232.71,42,88,3,0
1122,1,1122.0,24.25,3.03,704,8.8,1509,1108.0,0,187.21,27,80,1,0
1336,1,334.0,28.48,2.67,1663,11.31,1545,951.0,2,201.58,40,147,4,1
1185,1,148.12,31.82,13.27,1966,10.63,1987,1197.0,2,193.31,22,185,8,2
705,0,141.0,21.56,3.52,1219,6.22,1022,473.0,1,93.85,33,196,5,0
3169,3,633.8,10.96,11.09,612,3.38,1337,1294.0,0,124.04,126,181,5,2
3483,3,3483.0,11.14,4.88,1658,9.11,522,410.0,2,60.34,10,182,1,3
1183,1,236.6,50.98,2.96,1263,7.22,1883,178.0,1,126.09,42,175,5,1
3373,3,1124.33,16.21,28.33,1395,11.82,1787,782.0,1,162.55,22,118,3,3
2801,2,700.25,19.05,30.25,621,4.11,910,434.0,0,144.03,6,151,4,2
565,0,188.33,88.99,0.85,652,4.59,781,464.0,0,47.81,216,142,3,0
3153,3,1576.5,7.86,3.78,1175,8.1,1501,137.0,1,150.72,36,145,2,2
3421,3,427.62,3.2,27.37,561,3.44,1176,492.0,0,74.99,32,163,8,2
316,0,63.2,7.34,3.48,1137,6.57,1285,1250.0,1,112.04,210,173,5,0
448,0,64.0,20.47,7.21,1835,9.51,583,385.0,2,36.77,306,193,7,0
2366,2,394.33,16.59,41.17,1170,6.92,684,427.0,1,47.43,128,169,6,1
3881,3,970.25,11.31,12.42,1595,18.76,1838,1024.0,2,140.27,140,85,4,3
462,0,57.75,21.77,7.39,1719,14.09,904,240.0,2,133.62,18,122,8,0
1480,1,211.43,4.53,23.83,1770,13.83,1552,886.0,2,255.3,6,128,7,1
1087,1,543.5,24.11,1.09,1312,8.05,1854,1233.0,1,123.7,272,163,2,1
2711,2,542.2,20.38,20.33,1878,13.51,559,183.0,2,65.35,16,139,5,2
2144,2,306.29,9.12,30.02,1871,23.1,1682,88.0,2,120.31,156,81,7,2
1165,1,166.43,28.28,12.23,922,4.9,1383,1016.0,0,85.8,114,188,7,0
2998,2,374.75,5.28,35.98,1975,15.43,655,80.0,2,109.98,20,128,8,2
2249,2,562.25,20.03,23.39,1212,11.88,1715,611.0,1,121.37,42,102,4,2
752,0,250.67,67.12,2.03,1430,7.99,906,569.0,1,59.44,136,179,3,0
1409,1,704.5,2.71,5.35,1958,10.31,637,304.0,2,41.52,80,190,2,1
3072,3,438.86,9.68,45.16,1836,9.98,1230,276.0,2,157.57,21,184,7,3
1305,1,435.0,17.46,6.26,557,4.46,1315,1131.0,0,133.42,96,125,3,0
3597,3,513.86,5.81,15.11,539,3.72,599,551.0,0,54.26,70,145,7,2
3132,3,391.5,13.93,12.53,880,5.12,1302,436.0,0,152.56,56,172,8,2
3856,3,3856.0,8.8,6.94,1369,8.45,727,553.0,1,48.07,72,162,1,3
1524,1,1524.0,24.55,4.11,1109,11.32,1787,1391.0,1,141.54,150,98,1,1
3673,3,734.6,4.34,33.06,843,5.08,1096,981.0,0,113.15,12,166,5,3
3293,3,1646.5,6.33,15.15,598,3.05,1173,680.0,0,150.65,32,196,2,2
3035,3,758.75,1.63,32.78,972,7.71,816,687.0,0,82.05,84,126,4,2
584,0,97.33,53.71,1.75,1944,9.87,1970,1060.0,2,124.28,238,197,6,1
2675,2,382.14,0.74,13.11,1225,8.88,1101,217.0,1,86.32,132,138,7,2
2382,2,2382.0,12.37,3.1,644,5.65,1654,1140.0,0,200.88,54,114,1,2
1391,1,347.75,32.91,8.35,1919,12.79,1191,304.0,2,61.46,247,150,4,1
2346,2,586.5,22.58,21.58,501,3.82,1089,504.0,0,85.71,156,131,4,1
606,0,202.0,43.37,4.0,1620,8.76,1033,832.0,2,189.48,36,185,3,0
1324,1,441.33,24.41,4.37,1227,9.44,1781,935.0,1,251.44,21,130,3,1
1076,1,179.33,50.4,3.23,1359,12.7,901,446.0,1,59.14,128,107,6,0
643,0,80.38,48.08,3.6,1914,16.22,1701,942.0,2,108.02,17,118,8,1
783,0,111.86,24.29,9.87,1645,13.37,1308,897.0,2,144.18,80,123,7,0
3809,3,761.8,6.81,20.95,1063,10.52,1232,1208.0,1,95.86,272,101,5,3
2104,2,263.0,8.82,35.35,946,6.14,630,159.0,0,81.22,28,154,8,1
1762,1,587.33,29.66,6.34,1231,6.65,1184,632.0,1,223.69,15,185,3,1
3137,3,522.83,2.84,54.58,1397,16.06,1991,1308.0,1,183.25,12,87,6,3
1756,1,585.33,8.27,3.69,701,4.38,1256,1002.0,0,229.53,18,160,3,1
3663,3,523.29,2.45,12.82,570,5.14,1917,1331.0,0,155.58,140,111,7,3
2437,2,304.62,10.89,9.75,1993,13.56,510,150.0,2,35.44,84,147,8,2
1432,1,286.4,28.7,3.58,955,6.68,1511,1248.0,0,150.75,108,143,5,1
1620,1,202.5,27.94,6.48,924,5.53,1813,108.0,0,100.9,255,167,8,1
1655,1,331.0,8.16,4.14,600,5.36,747,320.0,0,42.77,108,112,5,0
2832,2,404.57,1.05,15.86,518,2.91,1947,437.0,0,332.57,30,178,7,2
961,0,160.17,29.85,14.42,1063,11.19,935,295.0,1,57.67,96,95,6,0
2608,2,869.33,17.38,3.91,920,6.17,1421,1058.0,0,253.09,36,149,3,2
514,0,102.8,4.98,4.88,1715,10.03,1652,79.0,2,206.74,28,171,5,0
2304,2,288.0,5.96,23.96,1841,11.02,672,593.0,2,112.03,7,167,8,2
933,0,186.6,59.34,2.33,543,4.11,1031,693.0,0,82.82,84,132,5,0
1896,1,1896.0,12.81,5.12,1762,9.32,527,300.0,2,40.43,140,189,1,1
3655,3,913.75,14.44,7.31,1112,9.19,739,234.0,1,96.9,21,121,4,3
1973,1,1973.0,17.27,3.95,709,5.21,1596,1545.0,0,170.87,108,136,1,1
3278,3,468.29,19.39,59.66,1315,10.27,575,59.0,1,82.57,18,128,7,2
2183,2,272.88,6.72,43.66,1762,16.47,1364,1103.0,2,194.91,24,107,8,2
824,0,117.71,27.63,9.81,1462,8.03,1478,91.0,1,92.55,75,182,7,0
2598,2,371.14,13.27,29.1,571,3.07,1282,177.0,0,92.44,65,186,7,1
1254,1,418.0,40.77,1.88,666,8.22,1353,58.0,0,84.64,135,81,3,0
3622,3,452.75,1.92,43.46,1994,13.66,1435,447.0,2,187.88,42,146,8,3
1704,1,243.43,7.94,25.05,1583,10.7,1651,942.0,2,105.6,221,148,7,2
1624,1,406.0,26.69,9.09,1778,13.47,516,88.0,2,32.72,195,132,4,1
3809,3,634.83,13.09,25.14,1926,10.76,1000,371.0,2,59.26,204,179,6,3
2574,2,643.5,19.13,6.18,966,8.26,1754,1446.0,0,206.65,10,117,4,2
950,0,316.67,35.03,5.7,568,3.17,1703,181.0,0,95.14,153,179,3,0
273,0,34.12,57.28,6.55,1897,9.88,1935,1311.0,2,129.85,102,192,8,0
446,0,148.67,85.89,0.67,1695,8.48,1898,1791.0,2,153.51,208,200,3,1
1510,1,215.71,38.74,12.68,1623,13.52,1832,1568.0,2,185.49,120,120,7,2
1122,1,280.5,21.74,2.24,914,6.22,721,706.0,0,77.62,108,147,4,0
707,0,176.75,41.75,1.41,1721,13.45,1048,871.0,2,68.13,38,128,4,0
751,0,93.88,52.8,13.22,890,4.49,1873,1074.0,0,269.88,21,198,8,0
3393,3,1131.0,14.06,5.09,600,3.14,1465,501.0,0,119.1,84,191,3,2
3771,3,628.5,2.91,40.73,1677,13.52,1477,271.0,2,93.85,90,124,6,3
1851,1,462.75,1.57,3.7,723,4.3,1748,920.0,0,123.46,45,168,4,1
2735,2,683.75,9.74,18.6,638,6.25,1383,1171.0,0,226.52,14,102,4,2
2253,2,321.86,26.95,15.77,852,8.19,1159,293.0,0,66.41,68,104,7,1
452,0,64.57,59.11,5.06,1979,11.99,1630,833.0,2,130.75,78,165,7,0
1419,1,283.8,21.54,3.55,710,4.7,857,485.0,0,75.75,132,151,5,0
969,0,323.0,43.01,7.56,1034,5.44,1293,182.0,1,81.61,15,190,3,0
3441,3,3441.0,6.36,8.6,600,4.14,1162,207.0,0,59.01,19,145,1,2
3786,3,1893.0,16.85,3.79,1027,9.97,1747,1698.0,1,135.35,204,103,2,3
2710,2,451.67,4.73,9.76,1260,11.89,736,165.0,1,53.88,13,106,6,2
3533,3,588.83,3.38,38.16,1793,10.61,1418,1086.0,2,105.06,224,169,6,3
1735,1,347.0,33.44,19.95,675,4.69,757,192.0,0,97.62,42,144,5,0
3587,3,512.43,3.33,67.79,658,6.39,1750,1156.0,0,139.82,154,103,7,3
2298,2,328.29,14.5,9.65,1694,16.61,549,377.0,2,37.0,85,102,7,2
2027,2,2027.0,19.72,1.62,804,9.03,818,709.0,0,90.21,55,89,1,1
2406,2,343.71,11.02,42.1,1713,13.49,974,729.0,2,86.9,130,127,7,2
2419,2,806.33,12.59,3.63,706,6.54,938,543.0,0,120.43,56,108,3,1
995,0,142.14,23.33,3.48,1362,10.4,1505,553.0,1,200.42,42,131,7,0
2078,2,415.6,28.18,28.05,1527,9.92,1116,526.0,2,205.62,15,154,5,2
1145,1,572.5,15.6,1.14,768,4.83,991,637.0,0,58.9,19,159,2,0
626,0,156.5,57.64,7.26,1314,8.48,577,113.0,1,53.45,40,155,4,0
1509,1,251.5,36.22,4.53,705,4.55,1374,1114.0,0,110.55,165,155,6,1
3371,3,674.2,7.67,45.51,1403,8.55,1251,461.0,1,95.23,117,164,5,3
297,0,74.25,133.32,3.09,1486,17.48,1747,1430.0,1,161.26,13,85,4,0
3508,3,701.6,10.78,19.29,781,3.94,1674,304.0,0,121.53,104,198,5,3
2385,2,298.12,9.47,28.62,986,5.39,800,471.0,0,54.61,144,183,8,1
1301,1,1301.0,24.08,1.82,1310,12.48,1016,806.0,1,92.63,156,105,1,1
2167,2,722.33,25.72,13.0,560,6.91,1327,80.0,0,110.78,110,81,3,1
3914,3,782.8,10.96,25.44,1348,11.62,501,204.0,1,49.18,30,116,5,3
2312,2,385.33,9.33,6.94,1567,13.17,1621,545.0,2,171.02,9,119,6,2
2297,2,459.4,7.26,10.34,1940,20.86,858,112.0,2,57.69,84,93,5,2
411,0,137.0,37.9,3.58,1979,11.24,1532,1331.0,2,225.49,16,176,3,0
665,0,221.67,2.67,4.19,561,2.91,1294,1055.0,0,151.78,60,193,3,0
3226,3,3226.0,19.07,4.19,1717,13.21,810,609.0,2,144.77,24,130,1,3
740,0,740.0,58.35,1.11,535,4.73,811,290.0,0,71.77,110,113,1,0
3878,3,775.6,10.03,9.7,1413,7.64,1318,1039.0,1,83.91,304,185,5,3
3406,3,486.57,5.84,59.6,1358,10.06,1655,1485.0,1,370.59,5,135,7,3
2440,2,348.57,12.08,49.53,1519,13.56,1702,1122.0,2,203.86,45,112,7,2
3959,3,791.8,12.61,23.75,1254,11.61,1013,462.0,1,101.22,40,108,5,3
3703,3,617.17,13.19,48.88,1591,10.33,1883,1384.0,2,129.83,102,154,6,3
3714,3,1857.0,9.39,20.8,977,5.92,1862,1502.0,0,119.61,57,165,2,3
337,0,48.14,48.94,1.65,1640,9.7,1301,589.0,2,84.01,48,169,7,0
3176,3,1588.0,7.81,5.08,663,3.62,1605,82.0,0,229.58,12,183,2,2
1205,1,150.62,15.66,9.64,1744,15.57,718,68.0,2,37.96,126,112,8,1
2473,2,1236.5,11.13,7.91,1624,10.83,699,689.0,2,57.73,176,150,2,2
1229,1,175.57,1.54,11.18,1108,6.56,1742,208.0,1,292.4,15,169,7,0
2896,2,1448.0,3.07,8.11,1188,10.42,1558,1339.0,1,158.03,132,114,2,3
2039,2,679.67,5.26,7.95,817,5.67,766,722.0,0,87.72,66,144,3,1
520,0,130.0,9.87,3.33,863,6.49,1799,717.0,0,176.06,20,133,4,0
1378,1,459.33,2.08,9.92,1397,11.55,1658,433.0,1,90.19,270,121,3,1
3254,3,650.8,14.95,16.27,1108,7.91,1666,1298.0,1,162.46,72,140,5,3
1803,1,257.57,19.88,25.24,1068,5.8,1998,186.0,1,334.44,20,184,7,1
2501,2,1250.5,20.45,11.5,1702,11.74,1491,1397.0,2,120.19,192,145,2,3
3762,3,940.5,2.12,7.52,808,4.21,1891,618.0,0,124.34,135,192,4,3
1796,1,256.57,32.9,6.29,1156,12.99,1262,1214.0,1,103.01,96,89,7,1
990,0,123.75,50.62,3.96,1271,7.99,650,613.0,1,59.56,154,159,8,0
2630,2,876.67,19.11,3.94,696,3.53,907,649.0,0,58.7,144,197,3,1
1380,1,230.0,31.08,15.73,1981,11.32,1234,193.0,2,113.55,10,175,6,1
3487,3,498.14,16.55,41.5,614,4.8,519,22.0,0,32.47,90,128,7,2
1201,1,400.33,5.5,2.16,1590,13.03,1595,1464.0,2,166.54,36,122,3,1
3015,3,1005.0,6.9,14.47,1945,17.21,895,280.0,2,133.97,6,113,3,3
3204,3,3204.0,13.32,8.97,1135,7.18,1589,690.0,1,91.18,234,158,1,3
433,0,72.17,3.83,1.56,1049,6.1,1564,39.0,1,142.23,70,172,6,0
1906,1,1906.0,24.98,4.0,1807,14.46,1384,337.0,2,79.14,221,125,1,2
898,0,128.29,42.99,3.14,984,10.04,1611,1036.0,0,112.67,128,98,7,0
2799,2,399.86,21.53,27.43,720,7.5,1733,1347.0,0,365.82,15,96,7,3
2020,2,288.57,6.27,11.31,1536,14.63,1634,22.0,2,233.45,36,105,7,2
770,0,192.5,29.34,1.54,771,8.97,922,327.0,0,75.25,12,86,4,0
305,0,50.83,143.27,4.58,503,2.72,1291,778.0,0,125.61,88,185,6,0
2953,2,421.86,14.08,49.61,675,3.61,874,482.0,0,99.81,45,187,7,2
1671,1,238.71,19.63,22.22,1936,10.64,1089,591.0,2,177.0,6,182,7,1
2574,2,858.0,5.74,7.72,1303,9.44,1604,229.0,1,124.64,48,138,3,2
3772,3,628.67,9.25,65.63,1004,7.12,1162,901.0,1,81.69,136,141,6,3
2870,2,1435.0,12.75,6.89,1972,19.33,1648,715.0,2,105.67,96,102,2,3
2577,2,429.5,3.06,18.55,1822,9.34,910,172.0,2,92.61,45,195,6,2
2246,2,2246.0,7.85,6.29,1159,13.96,723,681.0,1,110.36,8,83,1,1
2405,2,2405.0,23.69,6.73,1782,11.35,999,867.0,2,82.67,90,157,1,2
3377,3,422.12,4.71,56.73,894,5.32,1300,286.0,0,221.85,5,168,8,2
3619,3,3619.0,11.83,7.6,1884,10.18,819,451.0,2,62.33,112,185,1,3
1184,1,592.0,13.53,1.18,1648,11.61,1238,1119.0,2,238.4,12,142,2,1
2965,2,988.33,1.34,21.35,798,8.31,643,526.0,0,51.92,105,96,3,2
3713,3,1237.67,12.08,26.73,802,5.11,1633,1299.0,0,231.85,24,157,3,3
3798,3,1899.0,13.91,22.03,1276,9.82,735,217.0,1,38.32,190,130,2,3
1026,1,513.0,14.52,3.28,1331,8.07,1226,1109.0,1,118.08,65,165,2,1
1086,1,181.0,4.31,16.94,1620,8.71,1339,434.0,2,74.08,252,186,6,1
2236,2,559.0,22.33,22.36,1996,16.36,1445,671.0,2,177.02,56,122,4,2
1303,1,1303.0,32.79,3.52,1092,5.9,1424,1404.0,1,153.83,36,185,1,1
3048,3,609.6,20.48,10.67,1018,6.57,883,856.0,1,111.8,30,155,5,2
616,0,205.33,15.68,0.92,545,4.16,1452,381.0,0,93.82,90,131,3,0
3764,3,627.33,3.18,29.36,554,5.28,806,85.0,0,73.68,70,105,6,2
419,0,139.67,66.77,3.65,1264,7.39,849,562.0,1,127.27,28,171,3,0
2858,2,476.33,20.06,27.44,1030,7.46,1812,1111.0,1,303.64,12,138,6,3
504,0,126.0,65.86,3.43,1432,8.73,947,209.0,1,64.65,56,164,4,0
392,0,78.4,101.49,5.49,558,3.93,1605,997.0,0,171.77,50,142,5,0
820,0,117.14,62.17,2.87,829,6.43,1916,91.0,0,147.55,72,129,7,0
3387,3,423.38,4.11,48.77,1741,12.17,1895,730.0,2,169.23,33,143,8,3
3447,3,689.4,4.33,39.64,1849,12.84,1123,606.0,2,85.07,154,144,5,3
1403,1,200.43,4.76,20.62,733,4.21,1409,445.0,0,92.35,120,174,7,0
2295,2,1147.5,6.83,4.13,1872,23.4,1484,286.0,2,94.46,165,80,2,2
1973,1,328.83,13.32,5.92,1853,9.41,1005,985.0,2,127.93,20,197,6,2
3755,3,625.83,7.96,49.57,1149,10.84,1675,1617.0,1,129.34,238,106,6,3
2073,2,1036.5,11.77,2.07,891,4.55,1724,375.0,0,220.54,7,196,2,1
3872,3,484.0,16.49,61.95,1911,11.72,1958,1795.0,2,265.63,72,163,8,3
302,0,151.0,58.24,0.3,550,3.79,1930,486.0,0,104.75,90,145,2,0
1519,1,759.5,17.05,2.43,576,4.76,1518,757.0,0,89.28,108,121,2,1
2549,2,2549.0,19.31,4.84,1760,8.89,1704,273.0,2,156.88,80,198,1,2
404,0,57.71,91.0,6.79,969,7.81,589,491.0,0,40.36,90,124,7,0
595,0,198.33,92.5,1.96,1160,6.99,859,762.0,1,60.44,72,166,3,0
1663,1,831.5,10.44,3.66,827,5.17,821,448.0,0,62.35,84,160,2,0
2764,2,394.86,20.72,9.67,1786,11.09,1671,231.0,2,168.69,27,161,7,3
2614,2,2614.0,3.02,1.57,774,5.69,1865,1713.0,0,316.54,42,136,1,2
1094,1,136.75,9.41,21.88,819,9.87,822,438.0,0,84.67,50,83,8,0
2826,2,565.2,3.85,31.09,1042,7.5,1018,68.0,1,53.7,108,139,5,2
2496,2,356.57,19.7,52.42,1368,14.1,829,698.0,1,77.41,78,97,7,2
2103,2,1051.5,23.22,8.83,1592,8.8,522,510.0,2,36.49,152,181,2,1
966,0,966.0,13.42,1.74,1067,7.31,1009,965.0,1,232.7,30,146,1,0
2172,2,543.0,21.16,6.08,1892,17.2,1564,1399.0,2,116.58,238,110,4,2
905,0,113.12,56.92,7.96,915,4.89,1448,532.0,0,77.13,190,187,8,0
3916,3,1305.33,14.02,32.89,774,6.24,896,8.0,0,99.56,8,124,3,3
3902,3,1951.0,10.74,10.93,1848,10.32,605,154.0,2,52.02,99,179,2,3
2487,2,2487.0,0.79,2.74,1501,8.03,1056,198.0,2,76.74,156,187,1,2
3914,3,1304.67,14.02,22.31,1614,8.59,1330,860.0,2,87.99,221,188,3,3
363,0,72.6,101.21,5.26,911,5.03,670,461.0,0,81.33,45,181,5,0
3233,3,646.6,7.37,8.08,1520,7.64,1909,109.0,2,136.58,39,199,5,3
2532,2,422.0,14.77,21.27,1647,16.15,1185,193.0,2,70.62,224,102,6,2
3836,3,639.33,13.78,20.71,1347,12.47,1008,961.0,1,87.04,45,108,6,3
3076,3,384.5,8.05,39.37,967,10.51,1642,243.0,0,207.49,28,92,8,2
1513,1,302.6,35.5,16.64,1442,9.94,1668,1626.0,1,194.12,88,145,5,2
1724,1,246.29,5.61,31.38,1204,6.05,1482,480.0,1,129.82,22,199,7,1
542,0,77.43,65.15,7.97,1320,9.17,1229,123.0,1,102.93,11,144,7,0
3481,3,497.29,2.29,17.06,1800,18.0,823,400.0,2,83.19,80,100,7,3
3991,3,1330.33,5.5,25.14,1567,10.24,1326,190.0,2,83.72,30,153,3,3
1790,1,1790.0,10.82,1.61,1439,9.79,932,626.0,1,56.14,228,147,1,1
509,0,509.0,5.02,0.51,1422,12.7,926,1.0,1,46.3,19,112,1,0
282,0,94.0,138.52,1.86,1591,9.88,1641,548.0,2,157.28,90,161,3,0
3006,3,751.5,1.98,20.44,880,4.44,660,632.0,0,130.54,24,198,4,2
1913,1,318.83,9.65,5.74,1929,11.83,1051,349.0,2,85.19,84,163,6,1
1333,1,266.6,3.57,10.66,1642,16.1,1889,1686.0,2,133.26,108,102,5,2
3746,3,1248.67,5.59,28.1,1511,13.25,1982,1455.0,2,223.52,60,114,3,3
3941,3,1970.5,2.53,10.25,1312,8.05,893,95.0,1,128.29,12,163,2,3
3970,3,3970.0,2.51,5.56,1852,9.45,1163,580.0,2,92.83,13,196,1,3
3925,3,560.71,11.19,35.72,972,11.85,589,297.0,0,82.46,42,82,7,3
424,0,106.0,64.19,4.58,691,6.4,962,951.0,0,225.45,15,108,4,0
1284,1,256.8,5.91,3.21,807,5.11,697,667.0,0,53.6,221,158,5,0
277,0,277.0,67.47,0.17,1113,7.68,1312,1047.0,1,139.88,22,145,1,0
1713,1,1713.0,9.03,2.23,721,5.77,1862,408.0,0,173.29,30,125,1,1
485,0,80.83,94.14,4.36,1188,6.0,1469,1150.0,1,143.51,84,198,6,0
3002,3,3002.0,17.15,1.5,1512,11.54,952,333.0,2,144.08,30,131,1,2
418,0,104.5,125.93,1.17,805,8.3,704,641.0,0,79.34,66,97,4,0
1652,1,236.0,4.67,10.41,918,7.46,671,653.0,0,52.02,68,123,7,1
2893,2,578.6,16.41,7.23,1320,7.86,1583,103.0,1,176.26,40,168,5,2
1406,1,1406.0,38.7,1.27,1236,6.57,809,517.0,1,64.01,168,188,1,0
629,0,209.67,85.4,0.94,1387,14.15,1151,785.0,1,232.2,15,98,3,0
3724,3,1862.0,8.03,20.11,1883,19.82,791,531.0,2,56.04,240,95,2,3
3835,3,547.86,3.64,53.69,839,4.79,1391,564.0,0,93.81,120,175,7,3
1354,1,169.25,36.56,10.83,1593,12.25,1336,761.0,2,96.1,195,130,8,1
2376,2,396.0,10.33,14.26,1722,19.57,1638,1179.0,2,336.36,5,88,6,3
3438,3,1146.0,2.02,6.19,1954,15.51,690,673.0,2,53.55,204,126,3,3
2655,2,442.5,0.74,7.96,1788,11.92,1073,472.0,2,90.17,24,150,6,2
3361,3,560.17,9.76,10.08,1628,16.12,643,412.0,2,44.92,160,101,6,3
3535,3,505.0,1.13,12.37,1965,23.39,1660,977.0,2,107.01,102,84,7,3
2150,2,2150.0,12.27,4.73,833,6.72,1395,359.0,0,144.05,45,124,1,1
2587,2,862.33,16.37,4.66,571,4.05,783,224.0,0,101.8,35,141,3,1
2736,2,1368.0,11.18,2.74,1808,19.65,1208,714.0,2,140.32,9,92,2,3
676,0,112.67,72.35,2.03,1860,22.41,799,195.0,2,51.4,90,83,6,0
2941,2,420.14,3.03,32.94,1368,11.9,1145,843.0,1,101.56,156,115,7,3
3336,3,417.0,6.25,34.69,1161,9.21,1169,308.0,1,172.7,24,126,8,3
3796,3,3796.0,8.67,6.07,1224,7.8,563,522.0,1,69.8,50,157,1,3
3654,3,730.8,17.17,10.96,902,7.39,1360,364.0,0,74.1,144,122,5,3
2934,2,2934.0,3.71,1.47,787,8.46,1423,806.0,0,181.71,48,93,1,2
2889,2,361.12,10.27,11.56,854,6.83,1152,518.0,0,210.52,10,125,8,2
3315,3,3315.0,14.38,4.97,1184,6.2,1577,519.0,1,92.23,119,191,1,3
1993,1,498.25,19.06,12.76,1973,12.98,1181,792.0,2,142.2,54,152,4,2
2509,2,836.33,13.72,12.8,510,4.25,1228,382.0,0,71.45,34,120,3,1
3534,3,1767.0,9.57,14.14,966,8.19,1523,214.0,0,80.95,306,118,2,3
2246,2,280.75,6.98,32.34,1438,8.51,867,859.0,1,81.37,154,169,8,2
3165,3,1055.0,15.98,4.75,1986,20.91,774,342.0,2,141.03,30,95,3,3
286,0,40.86,145.01,4.0,1907,18.16,1513,713.0,2,111.51,56,105,7,0
776,0,776.0,37.3,1.86,1489,7.44,812,172.0,1,103.75,42,200,1,0
3213,3,535.5,4.94,34.7,1843,13.75,580,118.0,2,36.99,210,134,6,3
716,0,238.67,47.55,3.22,825,8.78,783,540.0,0,79.26,44,94,3,0
424,0,212.0,31.12,1.95,1286,13.12,662,18.0,1,60.2,50,98,2,0
3486,3,498.0,17.98,14.64,840,6.13,1081,987.0,0,112.6,96,137,7,3
3237,3,809.25,17.79,29.78,757,4.64,697,535.0,0,43.93,228,163,4,2
1944,1,972.0,20.52,4.28,814,4.6,1406,1092.0,0,104.72,96,177,2,1
643,0,107.17,10.99,4.24,1195,14.94,1001,327.0,1,70.2,28,80,6,0
2317,2,579.25,4.23,7.41,767,7.17,1995,517.0,0,294.41,36,107,4,2
1436,1,179.5,34.61,14.93,1068,11.01,1500,994.0,1,105.85,16,97,8,1
3190,3,1063.33,17.42,26.8,994,5.75,530,491.0,0,120.41,10,173,3,2
2338,2,1169.0,8.81,11.69,1550,11.65,832,268.0,2,51.42,16,133,2,2
1334,1,166.75,20.67,5.34,1878,22.09,1026,210.0,2,55.12,126,85,8,1
3657,3,1219.0,1.63,21.94,623,4.91,672,144.0,0,38.18,51,127,3,2
2080,2,416.0,7.04,5.2,1829,11.43,1267,729.0,2,85.99,176,160,5,2
1609,1,229.86,20.94,27.03,525,2.76,670,82.0,0,39.71,176,190,7,0
3078,3,1539.0,4.51,3.08,1065,11.97,928,188.0,1,86.08,10,89,2,2
590,0,73.75,51.76,5.66,1425,11.22,1897,150.0,1,135.92,26,127,8,0
2552,2,364.57,4.24,25.01,1296,10.05,1382,1222.0,1,92.24,152,129,7,2
3355,3,1677.5,10.07,18.79,642,3.26,1011,331.0,0,81.83,60,197,2,2
1968,1,281.14,7.42,39.95,1664,9.4,1929,1178.0,2,173.87,84,177,7,2
3358,3,479.71,2.37,16.45,1498,8.81,1076,347.0,1,141.32,21,170,7,3
1539,1,513.0,1.25,8.77,981,7.21,688,75.0,0,34.6,228,136,3,0
942,0,235.5,31.37,10.55,1236,8.64,1403,492.0,1,87.46,192,143,4,0
3669,3,1223.0,2.44,30.82,1673,8.95,734,65.0,2,73.69,9,187,3,3
3612,3,1806.0,2.48,11.56,712,4.14,1234,881.0,0,108.3,65,172,2,3
2351,2,783.67,1.67,3.53,569,3.35,1159,351.0,0,134.55,56,170,3,1
604,0,100.67,92.77,2.54,603,3.87,1968,1842.0,0,245.05,40,156,6,0
1285,1,642.5,8.12,2.06,1332,7.12,1165,758.0,1,231.65,30,187,2,1
515,0,515.0,21.56,0.31,1413,11.04,1481,1323.0,1,330.98,30,128,1,0
654,0,109.0,46.03,11.38,1064,5.78,1569,1175.0,1,115.31,208,184,6,0
2540,2,508.0,18.6,7.62,1444,17.61,1554,1092.0,1,105.52,34,82,5,3
3869,3,773.8,13.67,32.89,1366,8.48,1876,647.0,1,110.25,85,161,5,3
3412,3,1706.0,5.24,14.33,906,6.66,1793,1102.0,0,150.33,104,136,2,3
509,0,101.8,78.72,6.87,1554,8.4,1367,319.0,2,107.98,36,185,5,0
2547,2,424.5,8.12,35.15,1187,9.73,1125,215.0,1,104.12,30,122,6,2
2735,2,911.67,10.83,22.15,1156,6.68,1913,945.0,1,125.51,240,173,3,2
1369,1,1369.0,15.31,3.83,1918,13.8,1203,381.0,2,126.19,54,139,1,1
2942,2,490.33,13.12,8.83,841,4.23,828,546.0,0,82.65,55,199,6,2
2812,2,401.71,2.11,25.59,730,4.37,1155,1096.0,0,144.75,10,167,7,2
3497,3,874.25,8.82,18.18,878,5.74,618,575.0,0,84.41,63,153,4,2
619,0,77.38,70.97,2.48,1059,5.82,1545,519.0,1,271.64,15,182,8,0
3483,3,3483.0,0.86,10.1,1578,7.89,670,342.0,2,41.79,68,200,1,3
1475,1,295.0,23.37,12.54,1829,16.33,563,291.0,2,52.81,44,112,5,1
1950,1,1950.0,3.99,1.95,1132,7.21,1293,1091.0,1,140.98,22,157,1,1
3592,3,513.14,11.09,15.09,1652,8.34,1084,352.0,2,142.46,42,198,7,3
3573,3,714.6,16.16,8.93,912,8.52,1723,165.0,0,96.16,51,107,5,3
2020,2,1010.0,29.43,9.29,1181,10.18,831,385.0,1,130.84,36,116,2,1
1329,1,443.0,22.89,2.79,1497,16.27,1933,1920.0,1,389.21,6,92,3,2
3568,3,1189.33,13.67,24.62,1790,17.9,1980,396.0,2,288.46,12,100,3,3
1947,1,1947.0,24.48,3.12,1742,17.42,1469,1134.0,2,309.3,20,100,1,2
1998,1,399.6,3.9,5.0,1549,9.8,1514,721.0,2,128.99,84,158,5,2
725,0,181.25,42.08,7.83,1372,7.11,937,687.0,1,96.82,33,193,4,0
3302,3,825.5,3.61,6.6,1112,5.85,1119,777.0,1,113.53,66,190,4,3
3884,3,485.5,11.82,15.54,1005,7.56,1556,176.0,1,87.0,102,133,8,3
1185,1,197.5,21.48,12.09,783,5.22,1263,458.0,0,83.97,60,150,6,0
1656,1,828.0,15.14,8.28,1698,16.17,1819,485.0,2,313.76,15,105,2,2
2870,2,717.5,18.26,31.0,899,4.68,1638,641.0,0,87.95,304,192,4,2
911,0,303.67,45.47,4.1,1062,7.03,1435,798.0,1,109.46,28,151,3,0
3892,3,1297.33,4.36,23.35,989,5.96,1394,256.0,0,74.6,126,166,3,3
3897,3,3897.0,6.91,4.68,1983,15.86,1197,370.0,2,96.38,120,125,1,3
656,0,656.0,71.56,1.97,1800,20.69,1108,191.0,2,74.96,140,87,1,0
606,0,202.0,65.05,3.09,1254,8.59,1956,1571.0,1,313.6,14,146,3,1
1653,1,413.25,17.5,11.24,868,10.46,1026,276.0,0,88.54,77,83,4,1
860,0,215.0,12.77,1.72,1205,6.89,614,573.0,1,55.99,14,175,4,0
2197,2,1098.5,4.45,12.3,1284,8.28,516,160.0,1,31.78,32,155,2,1
3458,3,1729.0,6.61,4.84,626,3.35,1334,90.0,0,167.13,35,187,2,2
2066,2,516.5,25.03,23.97,1763,17.46,806,138.0,2,62.9,108,101,4,1
3676,3,919.0,9.76,26.47,694,3.6,1230,983.0,0,121.12,96,193,4,3
1518,1,1518.0,30.97,0.91,1265,14.06,687,275.0,1,43.53,176,90,1,1
1018,1,339.33,12.8,1.53,816,4.12,558,149.0,0,32.09,170,198,3,0
1360,1,453.33,24.51,7.34,904,5.38,507,42.0,0,31.8,180,168,3,0
3449,3,492.71,1.44,12.07,979,5.97,1670,793.0,0,308.12,10,164,7,3
2524,2,420.67,23.39,30.29,1531,9.45,765,625.0,2,70.56,143,162,6,2
703,0,87.88,38.14,11.25,934,5.13,1190,521.0,0,118.1,80,182,8,0
1251,1,417.0,43.88,9.76,1624,8.12,1744,1530.0,2,165.71,52,200,3,1
582,0,582.0,11.97,0.76,874,4.72,1248,442.0,0,189.14,24,185,1,0
1732,1,346.4,35.17,19.05,1027,10.07,714,152.0,1,81.11,40,102,5,1
1252,1,1252.0,36.29,1.0,1966,13.65,1973,1242.0,2,333.05,24,144,1,2
2146,2,2146.0,13.21,3.22,1048,5.76,1670,29.0,1,139.19,110,182,1,1
1927,1,481.75,19.17,14.65,1496,11.87,506,501.0,1,39.56,68,126,4,1
3328,3,832.0,3.88,22.63,959,6.19,736,87.0,0,67.37,90,155,4,2
2462,2,351.71,21.96,37.91,1349,12.85,1019,648.0,1,75.47,105,105,7,2
1172,1,586.0,10.45,5.63,1689,10.05,674,521.0,2,65.53,132,168,2,0
3598,3,3598.0,7.47,8.64,1558,10.67,1409,120.0,2,141.41,18,146,1,3
2437,2,812.33,10.89,3.66,582,3.46,1420,985.0,0,86.41,38,168,3,2
3271,3,817.75,13.36,36.64,1485,10.76,774,341.0,1,56.39,168,138,4,3
1511,1,503.67,5.71,8.16,1991,21.18,1377,751.0,2,87.14,136,94,3,1
2981,2,993.67,7.64,4.47,553,4.65,1517,993.0,0,226.64,21,119,3,2
3119,3,3119.0,2.23,2.18,1231,10.89,1663,43.0,1,166.36,36,113,1,3
3647,3,607.83,9.29,17.51,805,9.15,1538,1262.0,0,104.71,198,88,6,3
3148,3,393.5,4.1,30.22,764,5.03,511,361.0,0,32.93,126,152,8,2
2829,2,943.0,18.86,7.64,894,6.88,541,104.0,0,45.91,55,130,3,2
2373,2,791.0,19.03,18.51,1589,18.92,940,618.0,2,93.75,99,84,3,2
3998,3,499.75,9.74,51.17,1456,18.2,1666,815.0,1,264.95,18,80,8,3
316,0,158.0,80.76,0.32,743,7.82,1659,1587.0,0,114.79,190,95,2,0
999,0,142.71,48.35,14.69,1061,9.73,1330,138.0,1,78.66,192,109,7,0
1808,1,452.0,3.75,11.57,1428,9.33,983,584.0,1,87.95,96,153,4,1
589,0,196.33,11.85,4.95,674,7.25,772,750.0,0,56.65,108,93,3,0
3317,3,552.83,13.78,21.89,832,8.95,1366,820.0,0,177.02,48,93,6,3
670,0,83.75,66.29,2.68,1625,15.19,1219,8.0,2,71.71,48,107,8,0
584,0,584.0,62.66,0.82,907,6.01,507,171.0,0,44.59,99,151,1,0
2173,2,1086.5,5.85,2.17,1631,9.83,1735,960.0,2,152.53,36,166,2,2
1561,1,390.25,25.24,8.12,1584,11.73,1291,160.0,2,118.26,50,135,4,1
2073,2,1036.5,6.12,2.07,1382,6.94,719,612.0,1,55.54,112,199,2,1
1401,1,233.5,31.33,11.77,633,6.21,1915,709.0,0,102.1,266,102,6,1
3764,3,537.71,10.06,55.33,1444,13.88,917,624.0,1,73.94,126,104,7,3
1275,1,255.0,40.15,10.2,852,5.8,730,538.0,0,64.77,91,147,5,0
1464,1,183.0,30.73,8.2,922,5.87,1808,1295.0,0,123.55,68,157,8,1
2885,2,961.67,19.54,12.98,1745,10.97,1908,1164.0,2,159.65,143,159,3,3
3458,3,432.25,1.73,63.63,862,8.06,1977,829.0,0,214.38,36,107,8,3
3019,3,754.75,17.06,25.36,1754,17.37,1452,199.0,2,122.13,66,101,4,3
1083,1,1083.0,31.1,2.71,1008,9.25,1972,825.0,1,305.37,24,109,1,1
3538,3,3538.0,9.28,1.77,1569,10.67,930,519.0,2,56.05,18,147,1,3
2493,2,1246.5,2.76,14.46,1596,10.71,1190,169.0,2,80.13,168,149,2,2
3726,3,621.0,16.32,11.18,1807,13.49,1968,1734.0,2,291.44,40,134,6,3
1531,1,1531.0,4.39,4.29,1660,9.02,1165,76.0,2,89.81,72,184,1,1
601,0,85.86,80.07,3.79,1861,12.57,1877,1698.0,2,316.38,35,148,7,1
2991,2,598.2,2.65,28.41,648,7.12,1997,819.0,0,239.82,56,91,5,2
3912,3,489.0,4.85,15.65,1379,10.29,671,387.0,1,64.55,22,134,8,3
309,0,154.5,84.63,1.05,1910,16.61,1284,985.0,2,179.81,32,115,2,0
323,0,40.38,31.29,5.17,1807,11.66,974,970.0,2,137.46,27,155,8,0
1489,1,1489.0,29.6,0.74,1923,10.07,1759,767.0,2,174.45,90,191,1,1
1322,1,440.67,27.32,11.9,1345,8.3,1465,512.0,1,155.19,18,162,3,1
1846,1,230.75,7.36,23.63,904,8.86,760,56.0,0,95.26,42,102,8,1
417,0,208.5,102.52,1.0,1239,10.16,661,590.0,1,98.45,48,122,2,0
3269,3,817.25,15.79,11.77,1330,15.83,1304,462.0,1,69.17,114,84,4,3
3731,3,3731.0,8.01,2.61,516,3.74,698,126.0,0,39.4,221,138,1,2
667,0,166.75,71.87,1.33,672,7.07,1143,578.0,0,71.16,136,95,4,0
1241,1,1241.0,35.83,0.62,892,9.49,1782,655.0,0,146.04,36,94,1,1
3941,3,656.83,5.82,11.82,1778,17.6,1445,1028.0,2,88.67,114,101,6,3
1018,1,203.6,53.01,12.72,1130,8.56,1261,88.0,1,70.23,17,132,5,0
3142,3,1571.0,18.62,3.77,1359,15.8,1902,1692.0,1,127.28,57,86,2,3
1444,1,288.8,31.12,18.05,1866,20.97,1782,358.0,2,227.2,28,89,5,1
934,0,934.0,33.59,2.15,1597,17.94,1667,64.0,2,98.13,160,89,1,0
3863,3,482.88,14.98,86.53,1046,10.46,1040,259.0,1,59.54,204,100,8,3
3506,3,1168.67,12.49,6.31,1035,10.45,1960,236.0,1,131.61,70,99,3,3
1944,1,277.71,9.51,17.69,1175,7.16,1394,873.0,1,164.48,36,164,7,1
348,0,87.0,25.01,0.7,1261,14.01,1591,858.0,1,120.51,126,90,4,0
550,0,137.5,80.05,1.54,1068,8.61,1910,1405.0,1,182.39,96,124,4,0
971,0,138.71,19.08,20.39,1713,16.47,890,237.0,2,76.75,110,104,7,0
3984,3,569.14,5.26,69.72,1688,9.93,864,650.0,2,60.07,238,170,7,3
2973,2,594.6,14.98,7.43,1413,13.59,1994,1942.125,1,154.64,136,104,5,3
2019,2,403.8,5.31,5.05,559,6.82,823,541.0,0,89.54,40,82,5,1
1587,1,226.71,11.52,28.88,1483,10.16,1552,361.0,1,159.34,36,146,7,1
1870,1,267.14,24.92,20.94,860,4.6,1463,335.0,0,83.38,34,187,7,1
1352,1,338.0,19.01,7.03,1090,11.98,1910,1638.0,1,419.36,5,91,4,1
570,0,95.0,4.57,1.71,686,7.54,1392,1109.0,0,222.47,42,91,6,0
546,0,91.0,67.91,4.26,818,4.62,510,111.0,0,40.15,72,177,6,0
3624,3,1208.0,13.47,17.4,1456,7.54,1427,1285.0,1,147.72,132,193,3,3
2944,2,1472.0,3.36,2.94,774,4.12,1731,1480.0,0,253.05,48,188,2,2
1209,1,151.12,14.84,4.84,1068,5.42,875,322.0,1,46.62,228,197,8,0
2752,2,458.67,10.4,31.37,1373,9.74,1348,1220.0,1,113.63,30,141,6,3
3868,3,644.67,5.16,69.62,1777,9.45,616,511.0,2,133.39,5,188,6,3
3087,3,617.4,8.99,12.35,594,4.5,1263,1011.0,0,95.16,64,132,5,2
947,0,473.5,55.62,4.92,1524,12.29,635,629.0,2,74.48,44,124,2,0
1484,1,494.67,32.27,2.67,511,2.92,622,140.0,0,63.76,63,175,3,0
347,0,49.57,104.82,1.46,1402,16.11,1767,1081.0,1,115.08,102,87,7,0
3227,3,403.38,16.3,12.91,965,7.37,653,297.0,0,55.18,72,131,8,2
3299,3,659.8,17.46,37.94,1270,12.21,1716,1512.0,1,163.36,52,104,5,3
1028,1,1028.0,11.78,0.51,919,5.78,570,275.0,0,70.32,32,159,1,0
714,0,357.0,42.65,1.43,1963,12.5,1813,1136.0,2,112.61,36,157,2,1
2641,2,330.12,11.57,27.47,1977,11.43,1356,1145.0,2,197.2,16,173,8,3
1229,1,245.8,39.22,13.52,1881,11.91,1553,477.0,2,124.97,72,158,5,1
2622,2,655.5,7.14,7.34,683,3.95,1985,954.0,0,129.55,48,173,4,2
929,0,464.5,5.96,4.83,772,7.72,1471,741.0,0,117.65,78,100,2,0
1211,1,403.67,41.32,5.09,536,3.97,705,547.0,0,55.77,150,135,3,0
1653,1,275.5,30.92,17.85,1694,9.11,1208,1194.0,2,212.31,35,186,6,2
511,0,255.5,55.09,1.74,1633,14.71,906,146.0,2,91.77,54,111,2,0
3034,3,758.5,16.98,6.07,1371,8.21,663,471.0,1,58.09,78,167,4,2
1414,1,202.0,36.47,27.71,551,3.2,1916,169.0,0,274.78,6,172,7,0
2438,2,2438.0,11.29,1.22,1221,8.78,1976,1895.0,1,195.56,143,139,1,3
3744,3,468.0,16.77,14.98,1000,5.59,1761,1537.0,1,194.78,11,179,8,3
1377,1,344.25,44.3,14.87,1986,12.26,1520,236.0,2,256.37,15,162,4,1
3520,3,880.0,6.5,7.04,1119,6.82,915,821.0,1,153.67,28,164,4,3
3796,3,949.0,15.5,7.59,1699,17.52,1768,466.0,2,101.58,170,97,4,3
1699,1,566.33,34.68,2.55,1099,7.53,1096,393.0,1,64.69,170,146,3,1
336,0,112.0,135.47,2.62,1576,17.51,631,400.0,2,49.81,112,90,3,0
1095,1,219.0,47.04,2.74,950,6.09,843,774.0,0,76.3,168,156,5,0
325,0,108.33,117.4,2.44,1081,10.92,519,284.0,1,59.16,9,99,3,0
1223,1,305.75,40.95,12.23,606,4.15,1152,465.0,0,62.12,228,146,4,0
1649,1,824.5,21.63,4.95,502,2.52,1810,705.0,0,277.49,6,199,2,1
1898,1,949.0,2.05,2.66,957,5.98,1682,38.0,0,129.42,48,160,2,1
2609,2,521.8,14.35,18.26,1658,10.43,739,51.0,2,56.98,132,159,5,2
2265,2,2265.0,7.79,5.66,1681,10.07,1005,850.0,2,219.38,15,167,1,2
2775,2,462.5,15.3,8.32,1983,22.79,676,349.0,2,76.08,36,87,6,2
1445,1,206.43,7.94,12.14,1753,15.51,1595,387.0,2,91.18,272,113,7,1
2614,2,653.5,15.46,14.64,1632,12.36,1623,706.0,2,294.98,20,132,4,2
356,0,50.86,127.33,3.49,1949,13.44,1178,951.0,2,252.33,15,145,7,0
523,0,174.33,21.29,2.67,1696,17.48,772,179.0,2,132.08,30,97,3,0
3745,3,535.0,15.17,65.54,688,5.25,1964,426.0,0,111.65,17,131,7,3
1229,1,614.5,46.15,4.18,1104,5.55,1413,653.0,1,222.37,36,199,2,0
1402,1,467.33,19.06,11.78,1122,6.1,1963,1578.0,1,167.91,140,184,3,1
2085,2,417.0,21.53,5.21,504,2.93,1795,280.0,0,129.76,65,172,5,1
587,0,83.86,20.79,2.05,1154,7.4,1801,251.0,1,202.05,24,156,7,0
2457,2,351.0,25.21,36.12,1727,20.32,1992,1463.0,2,123.58,247,85,7,3
2030,2,676.67,24.97,17.05,1674,18.81,1649,1432.0,2,273.0,42,89,3,2
816,0,408.0,20.07,4.57,1948,14.43,571,477.0,2,43.77,32,135,2,0
1667,1,238.14,22.57,32.67,1218,8.12,1746,1122.0,1,188.68,60,150,7,1
2958,2,422.57,21.08,22.78,531,2.81,1903,145.0,0,106.03,17,189,7,2
3705,3,741.0,1.34,38.9,1057,6.86,1055,416.0,1,162.01,24,154,5,3
2800,2,350.0,10.58,26.88,576,3.56,893,847.0,0,102.57,66,162,8,2
3773,3,539.0,1.85,55.46,1960,11.88,877,868.0,2,102.83,99,165,7,3
2050,2,2050.0,10.47,3.48,673,7.65,1088,594.0,0,154.95,14,88,1,1
1754,1,1754.0,11.58,1.23,718,8.16,830,518.0,0,54.35,187,88,1,1
1904,1,634.67,17.86,9.71,864,8.39,1805,663.0,0,147.92,96,103,3,1
2705,2,541.0,13.5,25.7,547,3.55,541,371.0,0,36.44,51,154,5,1
3537,3,442.12,0.84,25.47,623,6.11,1781,1749.0,0,146.83,208,102,8,3
1370,1,274.0,18.78,4.79,1793,11.64,722,586.0,2,54.7,48,154,5,1
1222,1,611.0,14.69,1.71,1720,12.55,646,409.0,2,54.61,26,137,2,1
3102,3,775.5,20.45,6.2,812,7.66,1309,35.0,0,187.07,36,106,4,2
2268,2,378.0,14.26,6.8,980,6.12,1758,1008.0,0,253.31,35,160,6,2
2648,2,331.0,6.7,21.18,643,3.44,1079,442.0,0,145.75,35,187,8,1
2173,2,271.62,7.2,52.15,1925,11.0,1087,983.0,2,183.19,21,175,8,2
3162,3,790.5,10.04,31.62,1408,9.32,982,875.0,1,65.76,342,151,4,3
1368,1,1368.0,19.5,0.96,1522,12.27,1191,952.0,2,101.65,70,124,1,1
2746,2,2746.0,18.33,6.86,587,5.29,1361,244.0,0,125.7,40,111,1,2
619,0,103.17,25.55,1.86,1959,10.26,1055,65.0,2,132.13,28,191,6,0
724,0,120.67,21.06,2.17,1872,21.03,1767,1749.0,2,138.12,51,89,6,1
912,0,304.0,42.4,1.37,1043,9.4,1626,716.0,1,104.51,144,111,3,0
2784,2,464.0,8.16,8.35,1809,14.71,1661,433.0,2,132.04,72,123,6,3
793,0,132.17,26.3,2.38,1703,18.51,521,134.0,2,67.24,21,92,6,0
560,0,560.0,69.57,0.28,1095,5.56,1247,179.0,1,125.98,9,197,1,0
312,0,78.0,66.72,3.24,1414,10.32,1564,804.0,1,293.09,10,137,4,0
545,0,77.86,64.85,9.54,1659,18.85,1515,787.0,2,131.32,72,88,7,0
1591,1,227.29,36.28,7.8,1540,7.82,822,704.0,2,54.11,114,197,7,1
2746,2,392.29,11.14,19.22,1342,15.6,1638,991.0,1,119.65,75,86,7,3
893,0,297.67,8.23,6.16,1189,6.01,932,379.0,1,100.61,54,198,3,0
2514,2,419.0,24.27,36.2,518,4.05,710,489.0,0,50.71,192,128,6,1
1032,1,1032.0,9.03,0.83,1449,10.06,1883,1518.0,1,219.88,60,144,1,1
819,0,163.8,43.34,4.5,516,5.67,1401,855.0,0,182.37,48,91,5,0
3672,3,1224.0,16.01,8.81,1569,14.14,1383,1261.0,2,116.97,30,111,3,3
3833,3,638.83,6.24,18.4,1312,8.41,1791,115.0,1,119.65,182,156,6,3
1482,1,185.25,14.86,5.93,1893,10.58,1432,1203.0,2,116.89,105,179,8,2
2043,2,408.6,6.68,25.54,1076,10.25,1300,545.0,1,176.2,35,105,5,1
1229,1,204.83,30.76,19.17,530,4.49,1090,818.0,0,80.16,176,118,6,0
1816,1,454.0,17.61,20.34,1044,8.09,1262,42.0,1,70.15,272,129,4,1
2166,2,309.43,16.7,16.68,1330,10.56,1637,1103.0,1,179.45,10,126,7,2
2469,2,493.8,5.58,13.58,1836,17.65,1068,168.0,2,56.9,108,104,5,2
2575,2,515.0,21.04,6.44,1741,12.44,755,719.0,2,74.47,130,140,5,2
1375,1,1375.0,20.79,3.58,1869,12.3,874,163.0,2,55.57,45,152,1,1
1732,1,577.33,30.7,2.6,1331,9.12,1531,1162.0,1,274.58,12,146,3,1
673,0,224.33,5.28,1.01,1655,15.76,1348,626.0,2,135.11,30,105,3,0
2301,2,1150.5,7.67,6.9,605,3.73,656,329.0,0,45.87,135,162,2,1
2676,2,535.2,11.06,8.03,1245,11.86,1434,330.0,1,81.75,136,105,5,2
1781,1,890.5,31.53,2.85,1709,12.57,1292,956.0,2,84.59,54,136,2,2
2248,2,562.0,25.27,23.38,846,6.88,1983,1140.0,0,134.55,128,123,4,2
921,0,230.25,62.04,9.21,1403,15.59,1623,217.0,1,109.16,182,90,4,0
391,0,130.33,4.15,1.76,688,7.73,869,271.0,0,151.71,10,89,3,0
1719,1,245.57,5.62,30.08,775,4.19,1555,444.0,0,80.86,57,185,7,1
3262,3,652.4,10.65,32.62,1154,7.26,1827,1003.0,1,122.6,240,159,5,3
1947,1,973.5,17.49,1.95,1375,7.09,772,227.0,1,50.29,195,194,2,1
2693,2,384.71,22.35,15.08,1827,14.05,1764,253.0,2,198.01,24,130,7,3
441,0,110.25,113.07,0.88,1697,18.86,1046,88.0,2,65.61,15,90,4,0
1886,1,377.2,7.21,14.14,741,4.16,594,334.0,0,34.07,209,178,5,0
1267,1,1267.0,23.93,0.63,1672,9.61,1896,1281.0,2,127.12,68,174,1,1
687,0,229.0,73.94,1.44,514,2.76,1320,168.0,0,190.09,36,186,3,0
2890,2,2890.0,4.11,3.76,1375,13.1,1687,898.0,1,106.17,17,105,1,3
1737,1,1737.0,30.62,3.13,989,7.98,1069,46.0,0,118.89,40,124,1,1
887,0,443.5,48.64,4.43,1510,10.94,1170,118.0,2,61.89,108,138,2,0
398,0,56.86,36.83,7.24,1266,14.72,1595,1187.0,1,116.95,128,86,7,0
2389,2,341.29,18.91,40.14,1396,10.12,1347,1191.0,1,224.75,21,138,7,2
3431,3,3431.0,13.04,7.89,808,5.02,1324,526.0,0,89.04,90,161,1,3
3601,3,1800.5,11.89,16.56,1542,8.47,966,346.0,2,68.41,56,182,2,3
2459,2,307.38,13.99,11.8,745,7.3,1538,89.0,0,102.7,14,102,8,1
3230,3,538.33,18.13,36.82,1735,11.72,846,137.0,2,122.43,6,148,6,3
3646,3,1823.0,15.57,3.65,586,3.12,1389,1226.0,0,115.79,60,188,2,3
2200,2,275.0,16.01,36.96,1341,12.53,574,473.0,1,39.15,252,107,8,1
3862,3,1931.0,16.53,10.04,781,8.88,607,368.0,0,39.44,170,88,2,3
3077,3,512.83,7.09,9.23,501,2.88,1636,239.0,0,91.85,51,174,6,2
621,0,310.5,62.28,2.24,1224,8.81,709,622.0,1,78.6,44,139,2,0
2372,2,296.5,24.0,30.36,1970,24.62,882,654.0,2,73.2,168,80,8,2
2574,2,1287.0,24.1,11.33,618,4.48,1781,853.0,0,131.65,42,138,2,2
2857,2,714.25,15.92,33.14,1537,9.73,1305,686.0,2,81.91,238,158,4,3
3143,3,392.88,5.05,55.32,1018,6.65,1433,992.0,1,96.83,204,153,8,3
3197,3,639.4,10.86,20.78,1545,8.93,1352,115.0,2,90.46,126,173,5,3
2727,2,340.88,14.84,45.81,1871,12.99,1966,275.0,2,124.07,120,144,8,3
1519,1,1519.0,7.58,3.19,1729,9.3,1178,461.0,2,126.5,36,186,1,1
2438,2,812.67,3.63,15.36,680,5.19,1500,1428.0,0,138.07,28,131,3,2
2674,2,891.33,19.92,15.24,1106,10.34,1212,614.0,1,135.87,27,107,3,2
2107,2,421.4,23.17,6.32,635,6.55,989,193.0,0,71.98,156,97,5,1
2262,2,2262.0,6.93,1.36,618,4.32,1602,1105.0,0,114.48,240,143,1,2
815,0,101.88,5.58,3.26,1671,9.34,1263,398.0,2,77.9,96,179,8,0
2829,2,404.14,18.16,23.76,1562,14.88,728,480.0,2,62.29,130,105,7,2
3022,3,3022.0,10.16,5.74,1975,13.08,1607,775.0,2,127.44,65,151,1,3
2573,2,321.62,23.73,14.41,831,6.2,1490,1482.0,0,123.62,192,134,8,2
2678,2,669.5,3.68,19.28,1524,8.76,550,154.0,2,33.6,80,174,4,2
1282,1,256.4,40.68,11.54,1528,11.84,1762,454.0,2,151.63,99,129,5,1
568,0,71.0,13.75,11.36,1447,9.34,1455,737.0,1,125.46,132,155,8,0
2074,2,2074.0,6.59,3.11,1344,7.07,556,419.0,1,77.36,8,190,1,1
2227,2,1113.5,3.52,13.36,564,4.34,1737,853.0,0,193.51,18,130,2,1
1080,1,540.0,51.96,1.3,921,11.1,1229,1211.0,0,156.85,60,83,2,0
2867,2,477.83,3.45,29.24,1413,7.06,1606,314.0,1,272.73,20,200,6,2
1075,1,179.17,47.83,15.48,831,9.66,1239,172.0,0,96.22,132,86,6,0
3063,3,612.6,13.91,7.66,802,5.24,734,527.0,0,50.2,221,153,5,2
2479,2,619.75,9.52,12.89,1923,22.36,1264,874.0,2,153.67,18,86,4,2
2394,2,798.0,22.97,21.55,1193,6.09,864,674.0,1,54.79,209,196,3,2
2814,2,938.0,10.88,10.13,904,8.07,1014,657.0,0,86.3,39,112,3,2
2094,2,299.14,23.78,35.18,1285,9.18,500,475.0,1,76.63,48,140,7,1
2315,2,578.75,0.85,24.08,1635,8.98,1411,1209.0,2,168.92,10,182,4,2
2519,2,629.75,5.47,10.08,1923,12.49,525,15.0,2,37.52,78,154,4,2
735,0,122.5,14.67,8.38,1851,9.35,1967,293.0,2,248.59,42,198,6,0
1891,1,270.14,16.44,19.86,727,5.55,1377,813.0,0,79.95,247,131,7,1
1386,1,231.0,30.27,12.47,1396,11.83,1843,173.0,1,231.39,7,118,6,1
3260,3,3260.0,14.01,4.24,877,6.5,652,457.0,0,53.08,168,135,1,2
2022,2,674.0,16.87,14.56,696,6.76,797,533.0,0,63.92,154,103,3,1
1716,1,214.5,1.13,13.73,1009,9.89,1043,912.0,1,173.19,35,102,8,1
3317,3,663.4,11.38,18.24,1526,13.16,1418,798.0,2,203.39,7,116,5,3
1454,1,207.71,13.16,20.36,987,5.14,565,412.0,0,58.27,33,192,7,0
2290,2,572.5,20.97,20.15,1414,14.0,887,130.0,1,64.03,78,101,4,1
3940,3,788.0,15.45,15.76,1732,10.07,656,201.0,2,38.12,187,172,5,3
461,0,57.62,90.88,1.84,1587,10.72,874,299.0,2,51.32,68,148,8,0
2219,2,317.0,9.26,12.43,1097,6.86,1352,1277.0,1,116.23,90,160,7,2
470,0,156.67,71.56,3.95,504,2.83,1195,626.0,0,192.72,36,178,3,0
2495,2,311.88,11.04,53.89,1159,14.49,751,378.0,1,76.43,60,80,8,2
2944,2,420.57,9.75,28.85,1910,13.08,639,333.0,2,80.06,56,146,7,2
2361,2,787.0,24.53,8.5,865,5.44,1804,805.0,0,116.2,176,159,3,2
1783,1,222.88,8.69,28.53,1930,10.38,1920,1901.0,2,150.1,51,186,8,2
2832,2,944.0,13.96,11.04,860,5.06,1581,1573.0,0,159.3,91,170,3,2
931,0,155.17,41.62,16.2,1268,6.97,912,360.0,1,81.71,55,182,6,0
1344,1,336.0,19.12,9.68,999,5.98,745,20.0,0,41.4,170,167,4,0
3916,3,1958.0,2.29,5.48,622,4.9,511,98.0,0,37.17,13,127,2,2
1882,1,268.86,22.71,18.44,1250,6.87,1011,703.0,1,82.09,14,182,7,1
2865,2,573.0,17.6,7.16,763,7.34,1278,273.0,0,108.9,66,104,5,2
757,0,94.62,17.87,9.69,1100,9.82,1344,919.0,1,125.24,24,112,8,0
3469,3,578.17,14.62,41.63,815,9.59,1291,982.0,0,270.34,20,85,6,3
2399,2,799.67,23.33,3.6,618,7.02,896,879.0,0,66.06,270,88,3,1
3300,3,1650.0,5.42,14.52,553,4.07,1892,1287.0,0,176.02,120,136,2,3
2719,2,1359.5,1.09,11.96,673,8.01,1247,1109.0,0,83.44,38,84,2,2
3012,3,430.29,15.45,42.17,563,4.9,684,211.0,0,47.72,56,115,7,2
2836,2,709.0,4.88,17.02,1590,8.5,1109,1058.0,2,218.96,30,187,4,3
2385,2,1192.5,4.53,10.02,1031,8.52,1247,532.0,1,112.98,77,121,2,2
594,0,198.0,44.11,0.89,909,9.37,773,290.0,0,63.51,72,97,3,0
2968,2,742.0,2.33,5.94,1880,18.08,1019,890.0,2,135.29,54,104,4,3
3762,3,627.0,6.36,40.63,1479,10.13,645,327.0,1,55.63,120,146,6,3
892,0,892.0,2.06,1.34,1271,7.89,1788,1260.0,1,136.71,195,161,1,1
467,0,58.38,23.38,7.1,709,8.75,1422,570.0,0,85.11,187,81,8,0
345,0,345.0,141.9,0.97,1744,11.04,1558,621.0,2,152.47,60,158,1,0
3033,3,433.29,13.06,46.71,1314,11.33,1858,328.0,1,188.67,72,116,7,3
2110,2,351.67,4.17,6.33,1136,7.57,1767,1307.0,1,219.78,45,150,6,2
3105,3,388.12,17.88,67.07,1039,8.31,618,497.0,1,52.87,112,125,8,2
874,0,145.67,65.02,2.62,1300,8.33,1037,219.0,1,66.24,45,156,6,0
3681,3,525.86,10.56,59.26,732,3.89,1554,1163.0,0,97.05,57,188,7,3
3865,3,1932.5,13.42,5.41,511,2.84,759,24.0,0,84.38,24,180,2,2
737,0,245.67,13.42,1.11,1092,6.54,571,468.0,1,49.22,56,167,3,0
3153,3,450.43,3.15,48.56,921,5.42,1469,1272.0,0,215.91,16,170,7,3
2800,2,2800.0,13.05,1.4,1030,7.01,551,503.0,1,82.9,48,147,1,2
315,0,315.0,66.24,0.57,1130,11.19,1579,1495.0,1,144.96,70,101,1,0
1412,1,176.5,40.57,31.63,1299,6.95,1838,1333.0,1,162.18,13,187,8,1
2286,2,326.57,0.86,44.81,1009,8.77,1841,267.0,1,93.01,152,115,7,2
2392,2,1196.0,13.96,8.61,1735,12.39,876,149.0,2,49.37,255,140,2,2
1857,1,928.5,25.61,10.4,1129,6.1,1079,1070.0,1,168.84,32,185,2,1
1419,1,202.71,17.5,18.87,708,6.1,620,206.0,0,59.39,60,116,7,0
3305,3,1652.5,17.43,4.63,894,7.27,747,158.0,0,58.73,84,123,2,2
959,0,159.83,30.87,13.81,530,6.02,1012,48.0,0,56.29,119,88,6,0
2635,2,878.33,13.09,15.81,1481,14.1,522,249.0,1,32.13,272,105,3,2
1754,1,350.8,24.82,23.68,1068,5.51,1499,935.0,1,98.15,119,194,5,1
2563,2,854.33,21.9,3.84,1487,17.7,768,140.0,1,41.09,72,84,3,2
1936,1,484.0,20.6,19.36,1524,15.88,740,184.0,2,95.32,42,96,4,1
1869,1,233.62,11.43,28.41,1093,5.58,807,238.0,1,93.48,40,196,8,1
3637,3,727.4,13.69,29.1,1816,9.76,1089,800.0,2,112.61,77,186,5,3
896,0,298.67,20.51,4.84,627,4.42,507,211.0,0,30.51,102,142,3,0
2349,2,783.0,21.3,4.93,989,7.49,804,670.0,0,95.14,10,132,3,1
774,0,774.0,5.84,0.39,1895,14.14,1335,725.0,2,94.95,60,134,1,1
3397,3,1132.33,16.97,17.32,805,4.79,1544,81.0,0,193.27,42,168,3,2
485,0,60.62,3.49,6.21,713,3.94,1378,1211.0,0,166.77,60,181,8,0
3964,3,991.0,6.04,39.64,864,5.84,1378,1362.0,0,138.39,104,148,4,3
1887,1,471.75,5.66,6.79,1177,6.5,1923,945.0,1,238.07,40,181,4,1
2977,2,992.33,10.64,4.47,582,5.44,1702,1043.0,0,285.17,6,107,3,2
2114,2,302.0,25.87,26.64,1898,10.26,739,444.0,2,78.37,50,185,7,2
1542,1,771.0,18.06,2.16,1158,9.41,1796,311.0,1,101.26,153,123,2,1
3038,3,379.75,18.59,12.15,1451,8.02,1456,812.0,1,104.19,105,181,8,3
2481,2,354.43,20.22,24.31,1820,11.17,1884,202.0,2,157.9,99,163,7,2
841,0,280.33,9.77,1.26,984,7.03,707,531.0,0,46.54,270,140,3,0
3565,3,891.25,6.7,29.95,580,4.3,898,404.0,0,75.75,132,135,4,2
1958,1,326.33,2.48,23.5,1263,8.65,1609,954.0,1,187.06,54,146,6,2
2454,2,306.75,10.82,9.82,1237,14.22,603,274.0,1,44.16,84,87,8,2
3392,3,3392.0,10.84,5.43,514,2.99,1723,956.0,0,151.57,96,172,1,3
262,0,87.33,157.37,2.04,1515,8.23,1593,1438.0,2,143.07,56,184,3,0
530,0,132.5,9.72,1.06,721,3.72,1988,1446.0,0,273.14,32,194,4,0
3703,3,1234.33,9.42,27.77,603,4.79,1057,692.0,0,90.24,13,126,3,3
2562,2,2562.0,21.14,6.4,1426,13.08,1032,777.0,1,215.3,5,109,1,2
574,0,574.0,96.89,0.98,1820,11.3,1951,1157.0,2,206.21,20,161,1,1
2632,2,658.0,5.99,10.53,1215,9.35,1473,454.0,1,192.67,7,130,4,2
259,0,129.5,56.67,1.4,697,4.03,1477,478.0,0,119.42,72,173,2,0
688,0,688.0,12.96,0.34,717,3.62,1106,217.0,0,102.46,70,198,1,0
2554,2,425.67,13.88,30.65,1348,9.3,741,468.0,1,43.82,19,145,6,2
3859,3,3859.0,15.77,10.03,1164,13.23,1656,1107.0,1,165.99,110,88,1,3
2977,2,595.4,20.62,7.44,578,3.4,1134,626.0,0,80.96,180,170,5,2
571,0,81.57,60.83,2.0,1971,10.6,922,485.0,2,115.75,56,186,7,0
402,0,57.43,111.66,1.41,1794,20.86,627,43.0,2,41.9,98,86,7,0
878,0,175.6,33.42,10.98,1558,13.67,1385,322.0,2,83.64,80,114,5,0
2130,2,2130.0,1.83,1.92,1597,18.79,1145,880.0,2,160.46,24,85,1,2
3260,3,1630.0,11.88,10.43,1240,8.49,1756,1511.0,1,165.47,13,146,2,3
454,0,56.75,12.88,2.91,1994,22.66,711,667.0,2,81.24,88,88,8,0
2638,2,376.86,13.08,42.47,1221,8.03,1899,765.0,1,102.36,304,152,7,2
2819,2,352.38,8.41,36.08,989,6.34,679,614.0,0,53.85,208,156,8,2
1464,1,366.0,32.69,7.03,1180,8.19,1252,925.0,1,194.58,21,144,4,1
1824,1,304.0,31.36,30.64,718,6.35,1387,1185.0,0,152.02,99,113,6,1
876,0,109.5,49.19,11.21,1670,12.01,1886,1706.0,2,149.59,96,139,8,1
2706,2,386.57,7.66,47.36,534,3.26,1477,347.0,0,189.65,35,164,7,2
659,0,329.5,26.9,0.66,1566,12.43,1930,1603.0,2,167.26,126,126,2,1
455,0,91.0,53.28,1.14,1935,15.6,860,806.0,2,117.87,18,124,5,0
2378,2,1189.0,22.29,13.32,504,3.09,1539,1207.0,0,108.66,187,163,2,2
2278,2,2278.0,17.64,3.87,913,8.86,1144,431.0,0,76.41,45,103,1,1
3436,3,687.2,12.44,30.92,1317,11.65,613,179.0,1,37.56,208,113,5,3
3424,3,570.67,9.0,10.27,917,10.42,909,423.0,0,50.13,38,88,6,3
401,0,66.83,99.67,6.02,712,7.19,1743,1131.0,0,346.3,30,99,6,0
681,0,340.5,67.97,1.36,1083,8.6,1469,925.0,1,86.8,342,126,2,0
3212,3,535.33,1.85,11.56,1039,7.64,544,62.0,1,34.22,105,136,6,2
3105,3,517.5,4.15,9.32,1747,9.44,873,800.0,2,148.01,7,185,6,3
2036,2,339.33,24.9,6.11,1449,13.8,947,211.0,1,161.7,5,105,6,1
3153,3,450.43,15.41,11.04,1872,13.47,1389,81.0,2,81.84,240,139,7,3
1642,1,410.5,4.11,10.51,1796,17.78,798,667.0,2,104.0,36,101,4,1
509,0,509.0,100.49,0.71,1097,6.06,519,405.0,1,41.15,180,181,1,0
3465,3,433.12,5.74,13.86,1562,9.08,1676,678.0,2,106.35,176,172,8,3
3900,3,557.14,6.91,62.79,1433,9.37,1651,1619.0,1,121.7,288,153,7,3
1105,1,1105.0,10.18,1.99,740,6.02,1147,935.0,0,184.98,42,123,1,0
2064,2,2064.0,18.43,4.54,676,8.05,1011,864.0,0,94.99,91,84,1,1
3117,3,3117.0,4.13,5.61,503,3.84,1688,1495.0,0,112.74,114,131,1,3
1142,1,380.67,5.76,5.14,1020,10.62,1613,870.0,1,130.9,117,96,3,1
1060,1,1060.0,3.52,1.06,896,8.07,1469,1379.0,0,154.99,120,111,1,1
2381,2,1190.5,7.83,3.81,1824,12.76,1738,1055.0,2,135.54,14,143,2,2
3366,3,1122.0,15.94,6.06,1512,11.28,1838,220.0,2,231.39,21,134,3,3
1339,1,223.17,29.84,23.3,1053,8.36,1261,419.0,1,73.82,102,126,6,0
2560,2,640.0,11.92,18.43,1944,22.34,1362,1111.0,2,219.71,21,87,4,3
285,0,142.5,66.08,0.4,1174,12.9,1461,1097.0,1,91.35,133,91,2,0
2476,2,353.71,4.77,27.73,627,4.79,819,447.0,0,51.84,17,131,7,1
1862,1,1862.0,23.98,5.03,1602,13.58,1062,273.0,2,64.5,144,118,1,1
3488,3,3488.0,1.71,5.23,1733,10.19,997,590.0,2,165.5,24,170,1,3
3178,3,397.25,2.5,35.59,586,4.13,598,116.0,0,60.91,63,142,8,2
733,0,91.62,45.35,14.07,1528,9.79,564,306.0,2,40.1,90,156,8,0
756,0,108.0,27.44,3.7,875,7.95,1316,300.0,0,89.98,70,110,7,0
3622,3,3622.0,15.95,2.17,1602,9.42,1746,1259.0,2,119.59,34,170,1,3
1277,1,255.4,8.91,10.22,1426,8.2,1694,1573.0,1,154.11,126,174,5,1
3703,3,617.17,1.61,31.11,1370,8.67,1783,1392.0,1,161.57,130,158,6,3
1905,1,317.5,5.1,5.72,609,7.52,1524,113.0,0,89.89,48,81,6,1
2636,2,439.33,5.61,18.98,840,4.72,1728,526.0,0,138.94,24,178,6,2
2014,2,402.8,5.81,20.14,991,6.27,1678,1209.0,0,172.35,99,158,5,2
3056,3,1528.0,2.92,11.0,1724,17.24,828,655.0,2,55.57,288,100,2,3
465,0,155.0,34.29,2.51,584,3.48,1622,1123.0,0,151.76,96,168,3,0
3869,3,644.83,12.63,30.18,860,6.1,979,692.0,0,70.52,224,141,6,3
1108,1,221.6,23.69,15.51,1541,9.34,1052,796.0,2,101.48,12,165,5,1
1906,1,381.2,29.57,4.76,615,4.73,1958,1021.0,0,147.21,70,130,5,1
851,0,212.75,49.41,9.53,912,10.86,1310,995.0,0,182.78,32,84,4,0
3142,3,448.86,18.94,26.39,1278,7.43,1504,1244.0,1,162.65,44,172,7,3
1300,1,325.0,22.64,3.12,1365,10.92,970,293.0,1,67.55,98,125,4,0
1430,1,286.0,24.06,7.15,1702,9.62,1931,1240.0,2,254.98,48,177,5,2
362,0,45.25,130.09,1.45,589,4.03,1858,759.0,0,118.06,160,146,8,0
2456,2,2456.0,22.41,3.68,1347,14.18,1528,398.0,1,112.78,78,95,1,2
2360,2,295.0,18.3,52.86,1644,12.0,791,358.0,2,108.53,28,137,8,2
3700,3,528.57,11.31,49.21,956,7.19,1614,403.0,0,151.23,60,133,7,3
2620,2,374.29,0.75,25.68,1089,7.12,1409,211.0,1,178.09,35,153,7,2
437,0,145.67,98.72,0.79,871,4.89,1437,194.0,0,96.67,98,178,3,0
3774,3,1887.0,1.58,11.32,664,4.05,1472,1076.0,0,151.94,55,164,2,3
1218,1,609.0,14.73,1.46,1874,9.76,1418,1238.0,2,117.65,150,192,2,1
696,0,139.2,6.41,9.05,1928,11.9,1004,229.0,2,68.65,168,162,5,0
3407,3,1703.5,9.63,17.72,888,4.48,1683,327.0,0,131.88,12,198,2,3
3902,3,557.43,14.83,46.43,1077,12.52,1892,135.0,1,189.68,27,86,7,3
2086,2,260.75,14.04,38.38,1023,12.79,1744,5.0,1,158.55,60,80,8,1
1356,1,452.0,29.49,3.25,1426,16.98,1163,715.0,1,85.33,135,84,3,1
1704,1,340.8,14.74,14.48,831,4.69,621,511.0,0,114.89,30,177,5,0
3571,3,1190.33,1.67,13.93,1496,17.6,1383,549.0,1,87.53,16,85,3,3
2132,2,426.4,2.29,24.52,1433,11.11,784,420.0,1,46.81,270,129,5,1
3209,3,802.25,13.61,33.37,1095,10.63,1066,838.0,1,96.85,143,103,4,3
2096,2,2096.0,10.71,1.47,643,4.12,1400,314.0,0,102.48,78,156,1,1
1273,1,318.25,4.47,5.6,1142,5.77,1766,739.0,1,95.72,114,198,4,1
3623,3,724.6,7.42,9.06,730,6.52,846,62.0,0,84.83,36,112,5,2
368,0,184.0,89.25,0.37,1901,14.51,1662,3.0,2,277.0,5,131,2,0
854,0,284.67,34.26,1.54,1510,11.19,1520,963.0,2,199.93,16,135,3,1
3646,3,607.67,16.12,56.88,1924,14.15,1923,1438.0,2,218.29,90,136,6,3
3130,3,782.5,5.39,13.77,1825,11.62,1773,1621.0,2,184.79,48,157,4,3
3784,3,3784.0,1.32,1.89,1275,8.39,501,19.0,1,35.81,52,152,1,3
3885,3,555.0,4.37,62.55,987,7.96,1274,887.0,0,129.36,66,124,7,3
1494,1,213.43,8.34,24.05,1538,12.71,986,567.0,2,59.86,180,121,7,1
2973,2,594.6,9.66,7.43,1965,13.19,676,584.0,2,74.44,11,149,5,3
1471,1,245.17,13.02,16.77,808,4.37,974,496.0,0,78.07,52,185,6,0
2001,2,1000.5,13.14,2.0,712,8.28,1309,1245.0,0,150.54,110,86,2,1
1486,1,297.2,27.08,6.69,1507,12.25,888,682.0,2,69.98,45,123,5,1
1321,1,440.33,33.81,2.77,912,5.01,794,724.0,0,134.32,14,182,3,0
1877,1,234.62,8.79,18.02,769,8.09,1454,1384.0,0,105.65,36,95,8,1
3499,3,699.8,6.26,40.24,948,5.48,1654,257.0,0,139.49,77,173,5,3
2124,2,2124.0,17.94,4.04,507,3.57,1084,17.0,0,154.88,36,142,1,1
1221,1,407.0,46.43,10.26,1384,16.88,1210,983.0,1,82.05,216,82,3,1
2316,2,289.5,12.28,24.09,1766,9.1,1306,439.0,2,68.89,38,194,8,2
1068,1,267.0,14.0,7.69,1407,8.28,1206,925.0,1,217.13,36,170,4,1
1930,1,482.5,12.09,22.39,614,6.53,603,409.0,0,52.04,156,94,4,1
1316,1,188.0,10.11,26.71,1972,10.06,952,293.0,2,110.67,8,196,7,1
1742,1,217.75,26.09,6.97,1039,7.99,1878,384.0,1,100.89,216,130,8,1
3265,3,408.12,10.34,78.36,511,4.09,1285,149.0,0,86.24,98,125,8,2
2700,2,675.0,1.83,27.0,1811,18.48,568,447.0,2,51.63,91,98,4,2
2115,2,528.75,16.62,12.69,1159,11.14,1206,717.0,1,155.89,56,104,4,2
3915,3,1957.5,3.06,10.18,1848,10.38,533,195.0,2,56.76,63,178,2,3
3144,3,393.0,5.05,12.58,1988,21.15,696,153.0,2,41.92,32,94,8,3
1571,1,224.43,35.49,5.5,1469,9.79,1850,1699.0,1,139.54,272,150,7,2
2253,2,450.6,19.13,6.76,1423,10.86,640,501.0,1,73.89,80,131,5,1
1433,1,238.83,6.67,4.3,1974,13.61,1496,530.0,2,226.73,6,145,6,1
2583,2,516.6,16.02,10.33,835,6.52,1378,396.0,0,89.61,30,128,5,2
1817,1,363.4,22.41,5.45,1429,9.46,1552,670.0,1,241.49,6,151,5,1
2915,2,1457.5,17.31,2.92,947,6.58,887,193.0,0,50.43,17,144,2,2
3340,3,417.5,5.35,74.82,1446,8.12,1769,351.0,1,200.39,48,178,8,3
2790,2,398.57,2.48,25.39,1332,7.93,855,846.0,1,60.14,209,168,7,2
577,0,144.25,21.1,2.77,1498,7.84,1167,111.0,1,78.15,168,191,4,0
3220,3,1610.0,4.31,5.8,1576,9.11,1386,1213.0,2,102.32,34,173,2,3
3488,3,3488.0,7.42,5.58,1398,9.32,1284,755.0,1,99.3,42,150,1,3
1277,1,319.25,10.39,12.26,1885,20.49,1517,1406.0,2,206.84,54,92,4,1
3593,3,1796.5,0.55,3.59,798,5.39,627,497.0,0,53.34,126,148,2,2
2736,2,342.0,15.15,54.72,1436,11.58,1836,1826.0,1,199.19,60,124,8,3
2311,2,288.88,13.15,22.19,1998,10.19,1356,50.0,2,75.38,153,196,8,2
1464,1,183.0,41.18,15.23,1321,12.12,941,817.0,1,155.77,42,109,8,1
1355,1,677.5,6.32,3.52,1021,5.32,1793,901.0,1,286.66,6,192,2,1
2382,2,1191.0,16.49,10.96,1339,10.89,1269,212.0,1,183.8,24,123,2,2
1886,1,471.5,29.35,12.07,1210,10.9,1039,329.0,1,64.11,96,111,4,1
832,0,166.4,33.97,2.08,1949,13.44,1182,837.0,2,181.04,21,145,5,1
751,0,125.17,33.6,3.15,882,5.84,884,248.0,0,45.91,209,151,6,0
436,0,87.2,51.35,3.27,1549,13.71,1162,632.0,2,120.25,80,113,5,0
722,0,722.0,52.17,1.59,1991,24.28,613,366.0,2,101.99,30,82,1,0
1075,1,1075.0,10.44,0.54,796,6.98,518,174.0,0,68.31,21,114,1,0
2802,2,700.5,13.75,5.6,1012,6.29,1195,882.0,1,165.03,48,161,4,2
1780,1,890.0,5.98,6.76,1318,7.01,1591,688.0,1,133.34,120,188,2,1
1247,1,311.75,10.62,3.99,1708,8.67,1345,263.0,2,68.52,304,197,4,1
3066,3,383.25,20.04,19.62,598,5.11,764,118.0,0,64.42,22,117,8,2
403,0,50.38,103.33,7.42,541,2.7,1226,1012.0,0,132.48,22,200,8,0
2518,2,503.6,8.99,6.3,818,4.26,1552,586.0,0,82.95,228,192,5,2
1069,1,534.5,13.11,1.07,1414,8.42,1233,294.0,1,66.71,108,168,2,0
2651,2,662.75,2.23,18.03,601,3.56,1827,818.0,0,133.45,112,169,4,2
2974,2,424.86,13.31,58.29,561,5.67,865,426.0,0,60.26,180,99,7,2
657,0,131.4,70.12,7.56,1616,16.16,1133,151.0,2,142.88,21,100,5,0
3372,3,1686.0,9.43,9.44,1263,12.26,644,409.0,1,40.15,234,103,2,3
1464,1,292.8,41.18,13.91,1604,17.25,1156,641.0,2,82.61,135,93,5,1
1326,1,331.5,17.21,10.61,539,6.27,967,958.0,0,170.15,28,86,4,0
3393,3,848.25,14.35,35.29,1071,5.38,1970,1328.0,1,339.4,30,199,4,3
323,0,161.5,137.21,0.32,826,6.12,530,354.0,0,35.41,51,135,2,0
1628,1,1628.0,36.69,4.72,771,7.27,1781,1709.0,0,246.83,27,106,1,1
2610,2,326.25,12.46,60.55,1811,13.72,1553,1099.0,2,211.39,24,132,8,3
3721,3,930.25,15.0,32.74,1842,10.29,1227,783.0,2,85.62,176,179,4,3
763,0,95.38,59.16,17.09,1420,14.2,1393,194.0,1,78.14,17,100,8,0
792,0,264.0,11.45,1.19,1763,9.58,1893,238.0,2,105.99,204,184,3,0
1568,1,313.6,1.23,14.9,1163,8.74,1076,919.0,1,94.34,84,133,5,1
1276,1,319.0,21.54,2.55,1805,9.92,891,758.0,2,58.49,76,182,4,1
3472,3,868.0,14.9,22.22,610,6.78,1273,1039.0,0,149.38,40,90,4,3
2520,2,630.0,6.64,11.09,1533,9.58,1393,1054.0,2,194.09,16,160,4,2
3423,3,1711.5,18.3,3.42,1924,17.33,686,122.0,2,49.77,39,111,2,3
258,0,43.0,147.75,0.77,1801,15.01,1708,100.0,2,114.06,112,120,6,0
1868,1,373.6,21.83,17.75,1726,16.28,1804,1221.0,2,128.14,112,106,5,2
2171,2,723.67,6.31,16.28,794,4.03,1376,312.0,0,70.55,152,197,3,1
780,0,156.0,32.49,1.95,1686,9.26,1073,599.0,2,102.41,110,182,5,0
712,0,712.0,7.54,1.5,1444,14.02,1340,1274.0,1,102.72,85,103,1,0
1012,1,126.5,27.57,12.95,1004,6.28,581,62.0,1,73.04,28,160,8,0
318,0,79.5,68.2,3.05,1242,7.48,1796,315.0,1,151.95,110,166,4,0
3948,3,658.0,6.57,35.53,539,3.93,1709,1123.0,0,107.63,198,137,6,3
629,0,78.62,19.6,5.54,717,7.24,1981,1878.0,0,160.57,240,99,8,0
1161,1,165.86,23.5,5.69,1540,9.81,831,318.0,2,74.15,88,157,7,0
1403,1,175.38,23.81,5.61,672,6.79,1267,574.0,0,81.82,112,99,8,0
3707,3,926.75,3.49,7.41,1325,9.96,1915,1353.0,1,117.24,57,133,4,3
1305,1,163.12,40.02,5.22,950,7.66,1681,86.0,0,240.46,30,124,8,0
2926,2,731.5,6.09,17.56,948,7.97,1728,340.0,0,97.84,221,119,4,2
2674,2,891.33,9.96,4.01,1328,9.22,1156,602.0,1,162.92,14,144,3,2
471,0,235.5,71.43,0.47,1447,7.86,1062,963.0,1,159.29,32,184,2,0
1724,1,215.5,11.77,6.9,1973,20.77,507,127.0,2,40.2,120,95,8,1
1220,1,305.0,46.46,11.22,1731,10.12,1039,142.0,2,104.87,27,171,4,1
2754,2,1377.0,22.59,8.26,1617,14.57,1079,274.0,2,55.66,190,111,2,2
594,0,118.8,48.52,1.48,1791,16.28,682,371.0,2,43.13,136,110,5,0
1005,1,502.5,49.93,4.62,851,8.43,1007,788.0,0,98.36,24,101,2,0
2439,2,2439.0,5.64,4.63,856,7.44,1027,395.0,0,157.19,18,115,1,1
2302,2,575.5,12.78,4.6,714,4.92,1527,643.0,0,127.45,120,145,4,1
1083,1,541.5,12.96,1.08,951,11.74,935,854.0,0,74.49,176,81,2,0
2219,2,277.38,4.41,37.28,1303,11.95,1873,1335.0,1,230.01,27,109,8,2
1571,1,224.43,19.58,29.69,1550,12.3,1619,1541.0,2,171.93,36,126,7,2
2107,2,526.75,6.95,11.8,1759,17.42,1163,382.0,2,64.43,90,101,4,2
593,0,118.6,2.95,1.48,1448,14.48,1144,846.0,1,142.28,36,100,5,0
857,0,107.12,53.37,13.03,1987,16.7,1925,960.0,2,165.47,48,119,8,1
3518,3,703.6,12.45,36.94,908,9.56,941,154.0,0,56.09,192,95,5,3
1284,1,321.0,42.84,2.57,820,5.12,694,468.0,0,46.5,119,160,4,0
545,0,90.83,30.05,8.83,904,6.15,1496,1094.0,0,92.67,342,147,6,0
3566,3,594.33,1.67,27.81,667,4.48,870,272.0,0,91.15,45,149,6,2
2821,2,2821.0,11.91,5.92,1109,6.41,1103,165.0,1,79.66,65,173,1,2
3442,3,491.71,17.05,33.73,1333,7.28,1301,394.0,1,71.54,288,183,7,3
1309,1,218.17,4.35,18.85,1352,14.7,1299,629.0,1,111.02,12,92,6,1
1179,1,196.5,15.18,17.68,1600,18.18,1713,831.0,2,173.08,30,88,6,1
1713,1,214.12,20.87,19.19,1454,18.18,910,903.0,1,75.41,96,80,8,1
1663,1,554.33,5.22,10.48,1489,8.81,1759,923.0,1,198.65,27,169,3,1
1812,1,226.5,5.35,40.59,1823,22.51,1250,362.0,2,216.89,30,81,8,2
1384,1,346.0,28.25,5.54,1581,9.19,850,693.0,2,54.83,171,172,4,1
1348,1,168.5,31.06,18.33,1672,9.72,1435,1250.0,2,158.59,66,172,8,1
3957,3,989.25,6.81,11.08,1283,16.04,1923,1135.0,1,124.05,255,80,4,3
1212,1,151.5,10.91,19.39,630,3.5,1448,66.0,0,111.5,96,180,8,0
3925,3,490.62,6.1,69.08,659,4.36,1877,924.0,0,232.46,8,151,8,3
348,0,58.0,72.75,1.04,1811,15.75,1132,204.0,2,63.9,187,115,6,0
1382,1,276.4,27.59,17.27,688,6.31,1957,376.0,0,153.29,84,109,5,1
980,0,490.0,17.03,5.68,514,3.65,1492,1083.0,0,131.69,91,141,2,0
838,0,279.33,17.42,7.04,1933,12.55,1473,229.0,2,99.38,28,154,3,0
378,0,126.0,66.08,2.27,915,10.05,1316,875.0,0,131.7,66,91,3,0
909,0,227.25,22.27,8.0,1006,7.45,991,35.0,1,52.19,72,135,4,0
3632,3,908.0,3.56,13.08,1134,12.33,903,18.0,1,50.18,136,92,4,3
3396,3,424.5,18.73,78.79,599,3.22,646,103.0,0,109.03,15,186,8,2
1861,1,372.2,27.64,4.65,973,4.96,588,105.0,0,42.66,130,196,5,1
348,0,58.0,61.39,5.22,1180,13.11,540,168.0,1,70.69,35,90,6,0
2528,2,632.0,5.06,25.28,1237,12.62,1004,18.0,1,83.68,88,98,4,2
2190,2,273.75,2.23,8.76,659,3.9,730,659.0,0,57.85,160,169,8,1
663,0,82.88,8.03,7.43,1142,6.01,855,534.0,1,77.54,48,190,8,0
961,0,160.17,10.59,15.57,1002,5.42,512,285.0,1,53.27,70,185,6,0
1280,1,320.0,32.59,12.8,1392,12.32,1098,482.0,1,133.24,8,113,4,1
2189,2,273.62,22.34,15.76,602,4.27,1717,1571.0,0,290.91,35,141,8,2
531,0,177.0,88.92,0.8,1249,8.92,1193,605.0,1,70.4,180,140,3,0
2331,2,582.75,5.05,4.66,531,4.39,1657,158.0,0,87.61,216,121,4,1
794,0,158.8,35.41,8.34,1450,12.72,1639,1573.0,1,189.31,55,114,5,1
2644,2,2644.0,18.64,7.4,1342,7.76,620,127.0,1,79.11,14,173,1,2
1666,1,1666.0,12.74,0.83,832,4.2,1431,343.0,0,91.97,60,198,1,1
2157,2,539.25,25.83,12.94,867,5.45,724,289.0,0,86.62,48,159,4,1
1196,1,1196.0,34.7,2.51,1404,9.3,1880,1703.0,1,230.6,60,151,1,1
2072,2,345.33,15.54,11.19,840,5.6,1591,1482.0,0,197.66,80,150,6,2
1590,1,1590.0,25.41,0.8,1368,15.03,925,907.0,1,99.65,72,91,1,1
2916,2,364.5,3.73,21.0,1927,10.14,1506,491.0,2,93.18,176,190,8,3
3707,3,1853.5,8.33,3.71,1714,14.28,627,287.0,2,114.93,5,120,2,3
726,0,121.0,12.36,2.18,1201,6.07,1723,1151.0,1,172.67,44,198,6,0
3577,3,1788.5,12.25,16.45,1796,9.76,1363,1024.0,2,94.71,119,184,2,3
2627,2,437.83,10.5,12.61,1147,7.26,1134,1085.0,1,82.6,54,158,6,2
685,0,171.25,26.01,4.66,776,5.32,1803,991.0,0,128.59,165,146,4,0
1693,1,282.17,18.82,26.41,510,4.64,1897,1052.0,0,309.88,12,110,6,1
2137,2,356.17,18.29,15.39,1045,5.97,1564,1078.0,1,158.29,88,175,6,2
3696,3,462.0,2.7,26.61,1497,9.78,977,98.0,1,98.19,54,153,8,3
3771,3,1257.0,8.72,6.79,1425,16.01,1648,396.0,1,154.08,30,89,3,3
1342,1,335.5,28.36,11.81,726,7.72,978,323.0,0,60.59,176,94,4,0
1379,1,459.67,13.82,8.27,1576,10.65,1551,410.0,2,89.13,17,148,3,1
1164,1,388.0,8.89,7.33,714,3.62,1857,1750.0,0,159.48,180,197,3,1
908,0,908.0,63.85,1.73,1595,18.12,1988,1475.0,2,130.29,234,88,1,1
1019,1,254.75,9.13,4.08,541,4.26,1873,1836.0,0,131.14,171,127,4,1
3685,3,614.17,7.84,57.49,1617,14.31,676,283.0,2,52.35,13,113,6,3
1470,1,1470.0,3.26,1.62,1154,11.78,1240,539.0,1,104.01,72,98,1,1
2299,2,2299.0,0.85,2.3,1638,8.67,563,440.0,2,35.73,171,189,1,2
999,0,124.88,36.26,21.58,1150,7.62,800,397.0,1,127.58,12,151,8,0
3011,3,3011.0,14.47,6.93,1254,8.42,1021,204.0,1,130.15,28,149,1,2
3142,3,3142.0,17.04,6.28,1806,15.44,727,347.0,2,57.54,78,117,1,3
1543,1,257.17,7.47,13.89,603,5.29,1284,1003.0,0,203.66,35,114,6,1
3692,3,923.0,10.79,31.01,1834,18.53,1987,565.5,2,147.56,78,99,4,3
2753,2,458.83,11.12,37.99,520,3.59,519,264.0,0,41.59,91,145,6,1
2156,2,1078.0,22.67,2.59,565,3.58,703,543.0,0,63.45,78,158,2,1
2637,2,527.4,3.36,6.59,1689,11.26,675,467.0,2,91.2,32,150,5,2
331,0,41.38,49.62,6.09,742,7.13,925,875.0,0,106.11,88,104,8,0
1214,1,404.67,17.11,4.37,1143,9.14,1724,1116.0,1,157.98,60,125,3,1
2248,2,321.14,1.31,7.87,761,3.88,1945,1325.0,0,117.67,57,196,7,2
3073,3,614.6,11.61,19.97,959,4.89,1331,1313.0,0,93.48,19,196,5,3
422,0,60.29,15.62,3.54,772,5.76,1802,552.0,0,235.58,42,134,7,0
2293,2,764.33,5.13,5.5,1015,9.95,679,335.0,1,126.19,5,102,3,1
3958,3,3958.0,0.5,7.52,1824,17.71,1105,50.0,2,85.09,24,103,1,3
432,0,432.0,55.57,0.22,1130,8.69,1327,593.0,1,207.64,6,130,1,0
1152,1,144.0,39.18,4.61,1183,9.86,1010,268.0,1,116.11,24,120,8,0
1303,1,217.17,18.94,15.64,574,4.86,1364,382.0,0,157.39,32,118,6,0
797,0,398.5,22.77,4.78,1472,8.71,892,443.0,1,142.28,6,169,2,0
298,0,37.25,102.3,1.19,1868,10.44,884,576.0,2,117.23,16,179,8,0
3847,3,641.17,5.19,66.94,1375,9.35,679,596.0,1,100.39,48,147,6,3
2110,2,703.33,29.62,6.33,881,5.51,636,115.0,0,34.02,162,160,3,1
1921,1,640.33,21.76,2.88,1742,9.9,1407,356.0,2,145.13,18,176,3,2
2423,2,1211.5,24.33,3.39,1225,11.45,1567,10.0,1,87.06,187,107,2,2
1658,1,829.0,8.73,1.66,1970,14.92,1684,1399.0,2,136.83,135,132,2,2
2361,2,295.12,8.73,9.44,1186,7.41,584,68.0,1,32.66,136,160,8,1
1380,1,345.0,41.45,3.86,1762,11.22,790,643.0,2,67.91,70,157,4,1
3892,3,648.67,1.03,32.69,1731,10.62,1988,809.0,2,357.72,5,163,6,3
315,0,63.0,19.63,2.84,852,5.32,1349,683.0,0,189.01,42,160,5,0
2289,2,572.25,15.42,13.73,848,5.62,527,56.0,0,48.18,20,151,4,1
2182,2,311.71,4.93,38.18,1575,8.51,818,492.0,2,119.32,21,185,7,2
2184,2,364.0,10.3,36.69,1554,14.8,1492,699.0,2,117.69,117,105,6,2
2872,2,359.0,16.53,36.76,1972,21.43,804,290.0,2,106.84,14,92,8,3
2367,2,394.5,14.51,8.52,827,9.51,826,23.0,0,137.72,15,87,6,1
1919,1,479.75,1.52,11.51,1063,6.86,849,394.0,1,72.0,120,155,4,1
3296,3,659.2,10.24,37.9,1695,20.18,1742,713.0,2,104.57,102,84,5,3
462,0,57.75,25.4,8.87,1343,16.58,1205,1063.0,1,84.57,126,81,8,0
1591,1,1591.0,16.33,0.8,834,6.78,1463,1421.0,0,169.96,99,123,1,1
1593,1,796.5,12.08,8.28,595,4.88,816,623.0,0,51.33,209,122,2,0
2456,2,350.86,16.81,32.66,1081,10.7,816,83.0,1,102.53,28,101,7,1
2933,2,733.25,4.72,16.42,911,4.58,1692,1563.0,0,135.5,48,199,4,3
3154,3,450.57,6.92,48.57,844,4.28,1995,777.0,0,142.73,154,197,7,3
3615,3,1807.5,16.53,21.69,1335,7.42,559,83.0,1,94.19,10,180,2,3
3563,3,3563.0,6.7,5.7,1883,21.64,915,203.0,2,52.07,170,87,1,3
1440,1,180.0,21.91,5.76,1128,7.67,1226,938.0,1,85.76,255,147,8,1
1907,1,953.5,29.05,9.15,826,7.06,1183,1077.0,0,99.99,210,117,2,1
324,0,324.0,91.26,0.75,1650,18.54,881,773.0,2,78.14,140,89,1,0
1404,1,351.0,33.99,5.62,1162,11.17,866,332.0,1,84.31,30,104,4,1
2738,2,684.5,2.88,27.38,1517,8.98,1645,570.0,2,91.63,288,169,4,2
2722,2,907.33,21.75,4.08,963,6.17,821,742.0,0,85.12,72,156,3,2
2294,2,286.75,5.13,18.35,1837,17.83,1539,1420.0,2,232.67,56,103,8,3
1424,1,1424.0,20.13,3.99,1028,5.33,1923,1801.0,1,138.67,72,193,1,1
1133,1,141.62,45.59,19.94,1831,9.69,1790,1693.0,2,164.25,42,189,8,1
555,0,92.5,90.34,6.66,571,5.65,1536,31.0,0,76.82,190,101,6,0
3785,3,630.83,2.37,52.23,1770,9.67,1373,1098.0,2,125.57,130,183,6,3
3675,3,525.0,15.99,33.44,970,11.55,1786,1765.0,0,193.15,72,84,7,3
435,0,87.0,72.41,1.09,642,7.47,1775,887.0,0,198.43,18,86,5,0
3183,3,397.88,3.43,48.38,622,3.22,1964,760.0,0,350.99,30,193,8,2
3495,3,1747.5,1.71,12.58,600,3.02,1032,486.0,0,63.37,68,199,2,2
1853,1,617.67,29.85,3.34,1412,16.42,660,2.0,1,41.25,150,86,3,1
2648,2,662.0,5.96,8.47,733,5.31,1787,202.0,0,138.34,72,138,4,2
2647,2,378.14,7.08,55.59,1070,6.69,1614,90.0,1,107.77,182,160,7,2
702,0,87.75,38.19,3.93,875,5.99,853,469.0,0,48.67,285,146,8,0
1836,1,918.0,2.64,2.57,1994,10.55,1546,86.0,2,119.11,132,189,2,2
3894,3,778.8,4.61,19.47,823,4.52,1350,1180.0,0,128.07,130,182,5,3
2944,2,1472.0,10.08,2.94,1908,17.19,1046,140.0,2,52.77,323,111,2,3
3424,3,428.0,12.78,13.7,790,8.88,1437,1100.0,0,129.26,143,89,8,3
2678,2,2678.0,14.73,4.82,1330,7.51,892,194.0,1,91.29,36,177,1,2
2424,2,303.0,6.08,9.7,1660,16.6,569,440.0,2,55.33,60,100,8,2
2671,2,445.17,7.38,35.26,1776,21.66,1803,1563.0,2,149.14,150,82,6,3
3078,3,3078.0,8.69,1.54,1611,8.1,1011,163.0,2,64.0,30,199,1,2
2304,2,768.0,6.38,3.46,1410,15.33,1311,192.0,1,69.74,72,92,3,2
1146,1,573.0,36.91,3.67,1772,11.14,1405,837.0,2,233.63,6,159,2,1
2335,2,333.57,16.38,21.25,1280,11.85,588,356.0,1,98.2,24,108,7,1
1422,1,203.14,15.45,8.96,1712,11.05,663,155.0,2,113.48,30,155,7,1
2096,2,262.0,25.62,11.74,1562,11.16,1776,1032.0,2,128.38,45,140,8,2
1303,1,217.17,13.12,14.85,891,5.82,1435,40.0,0,79.75,272,153,6,0
1115,1,557.5,30.28,2.68,1957,12.96,1727,1194.0,2,123.5,32,151,2,1
456,0,91.2,77.02,1.37,1110,5.78,1262,1179.0,1,132.85,96,192,5,0
3396,3,424.5,12.59,38.04,875,8.41,969,902.0,0,88.26,28,104,8,3
2750,2,1375.0,10.05,6.6,1211,9.32,963,58.0,1,137.82,6,130,2,2
941,0,235.25,53.0,1.88,769,6.87,1780,1385.0,0,140.96,120,112,4,0
2278,2,379.67,0.86,39.64,671,7.06,1617,614.0,0,123.55,52,95,6,2
2273,2,568.25,11.21,4.55,1872,10.88,1088,672.0,2,142.09,32,172,4,2
2355,2,471.0,5.83,27.08,1076,5.63,1718,1088.0,1,112.97,272,191,5,2
2328,2,2328.0,21.07,4.42,1325,9.08,695,499.0,1,47.53,170,146,1,2
2638,2,1319.0,10.46,11.61,911,5.01,763,157.0,0,86.55,32,182,2,1
558,0,93.0,35.66,2.34,1273,7.15,1399,485.0,1,164.52,40,178,6,0
1345,1,336.25,27.59,2.69,1062,8.56,817,571.0,1,58.63,96,124,4,0
425,0,212.5,23.3,1.27,1317,8.55,542,431.0,1,86.56,42,154,2,0
2192,2,548.0,7.14,25.43,940,8.17,1090,499.0,0,74.92,195,115,4,1
3397,3,566.17,4.1,40.76,729,5.4,1055,563.0,0,59.79,285,135,6,2
1208,1,172.57,2.34,20.29,1494,16.06,1003,944.0,1,91.82,182,93,7,1
267,0,133.5,74.85,0.85,1546,12.47,1491,1138.0,2,144.28,120,124,2,0
3518,3,879.5,9.62,9.85,1253,11.09,647,161.0,1,83.34,21,113,4,3
3122,3,390.25,5.08,12.49,895,5.46,1575,126.0,0,197.5,42,164,8,2
1050,1,131.25,38.21,15.96,793,6.4,1196,15.0,0,99.67,99,124,8,0
3358,3,1679.0,16.57,12.09,1628,11.97,1713,500.0,2,99.14,187,136,2,3
2929,2,366.12,14.19,63.27,625,4.53,1771,203.0,0,162.05,40,138,8,2
624,0,78.0,16.92,7.49,1110,7.25,1950,961.0,1,217.39,63,153,8,0
1598,1,1598.0,29.51,2.72,999,7.57,1970,608.0,0,257.71,42,132,1,1
2052,2,410.4,11.41,5.13,1856,11.97,1155,277.0,2,65.99,102,155,5,2
1249,1,208.17,11.37,19.48,1715,14.29,1849,114.0,2,108.97,32,120,6,1
412,0,206.0,107.5,1.57,1897,12.32,738,630.0,2,53.91,187,154,2,0
595,0,297.5,27.9,2.86,1202,9.85,1742,404.0,1,89.41,114,122,2,0
263,0,37.57,53.25,3.13,1171,7.01,755,248.0,1,113.53,30,167,7,0
2577,2,322.12,8.41,41.23,964,11.21,1234,225.0,0,69.69,272,86,8,2
639,0,159.75,63.53,6.13,1973,10.22,851,699.0,2,157.32,36,193,4,0
3206,3,3206.0,0.62,1.92,1992,14.13,895,649.0,2,100.5,90,141,1,3
1550,1,310.0,16.11,20.15,546,3.43,1658,416.0,0,213.67,14,159,5,1
1646,1,823.0,18.16,1.65,1093,6.39,1420,1310.0,1,148.61,72,171,2,1
1930,1,482.5,17.63,15.44,1880,9.4,1983,930.0,2,121.68,119,200,4,2
3695,3,1847.5,2.97,8.13,1765,20.29,1175,835.0,2,205.92,30,87,2,3
3235,3,404.38,11.05,12.94,1640,18.85,1806,664.0,2,274.89,6,87,8,3
2334,2,389.0,2.94,7.0,1830,9.58,1583,460.0,2,183.16,56,191,6,2
1998,1,499.5,30.23,4.8,826,4.42,1615,778.0,0,99.59,68,187,4,1
2258,2,2258.0,3.04,4.97,1864,13.13,1545,225.0,2,141.94,10,142,1,2
1869,1,267.0,21.82,7.85,586,4.84,1118,785.0,0,105.08,24,121,7,1
1825,1,608.33,15.94,16.42,1206,9.5,1713,1581.0,1,291.38,7,127,3,2
3946,3,789.2,1.26,9.86,832,5.04,1944,9.0,0,149.54,60,165,5,3
436,0,62.29,15.22,8.55,848,8.23,1294,7.0,0,117.64,60,103,7,0
2678,2,446.33,19.52,46.6,1851,16.53,1175,174.0,2,169.69,36,112,6,2
3887,3,3887.0,15.14,1.94,1166,14.58,638,437.0,1,85.92,48,80,1,3
1813,1,453.25,18.71,15.23,1776,10.33,623,278.0,2,40.13,208,172,4,1
817,0,408.5,30.07,1.96,1254,9.36,1372,1288.0,1,125.46,14,134,2,0
3614,3,3614.0,6.61,5.78,1494,14.79,1190,979.0,1,96.31,180,101,1,3
2013,2,251.62,18.88,35.43,984,8.27,1931,56.0,0,160.98,77,119,8,1
543,0,108.6,7.93,2.17,1179,7.66,1429,913.0,1,188.42,56,154,5,0
3400,3,425.0,7.89,51.68,513,2.95,710,282.0,0,44.94,96,174,8,2
2623,2,437.17,6.39,7.87,557,6.26,710,322.0,0,43.31,272,89,6,1
2700,2,675.0,12.06,18.36,744,7.09,1963,1252.0,0,232.83,27,105,4,2
1400,1,700.0,14.31,2.24,1129,9.73,1702,1128.0,1,170.15,66,116,2,1
3127,3,625.4,18.39,35.96,1148,6.75,688,606.0,1,83.35,70,170,5,2
2803,2,560.6,15.51,37.84,1793,10.25,1459,655.0,2,79.96,171,175,5,3
2518,2,503.6,5.86,28.96,1310,8.73,970,954.0,1,71.61,306,150,5,2
3564,3,594.0,1.68,25.66,1604,8.4,1042,68.0,2,130.53,14,191,6,3
2515,2,2515.0,14.48,4.02,1676,11.56,1197,134.0,2,80.3,112,145,1,2
3654,3,1218.0,10.9,30.69,1001,8.56,1836,922.0,1,146.75,117,117,3,3
3930,3,491.25,6.09,84.89,1086,8.04,1976,1874.0,1,151.3,17,135,8,3
3476,3,496.57,11.16,12.17,1986,22.31,599,251.0,2,54.12,88,89,7,3
3242,3,3242.0,12.55,2.59,634,3.3,1853,1362.0,0,121.04,198,192,1,3
2666,2,444.33,19.23,12.8,502,6.12,1159,281.0,0,198.76,20,82,6,2
1695,1,211.88,27.35,14.92,1641,16.92,1994,224.0,2,143.32,78,97,8,2
3510,3,1170.0,4.25,14.74,623,3.3,844,778.0,0,76.53,56,189,3,2
3438,3,429.75,4.92,30.25,962,5.98,1424,546.0,0,101.67,42,161,8,3
2033,2,508.25,19.66,21.96,1057,10.9,891,397.0,1,57.38,144,97,4,1
1017,1,1017.0,56.72,1.53,1862,10.23,1046,386.0,2,92.91,33,182,1,1
1686,1,843.0,21.76,10.12,555,2.88,1970,214.0,0,220.18,8,193,2,1
862,0,172.4,61.58,11.64,1000,7.41,833,461.0,1,119.01,42,135,5,0
957,0,191.4,10.63,2.39,841,10.38,675,125.0,0,98.07,30,81,5,0
3494,3,873.5,4.56,40.53,865,9.72,1009,335.0,0,75.94,39,89,4,3
3083,3,770.75,18.0,32.06,999,6.05,1641,342.0,0,186.25,32,165,4,2
1656,1,276.0,17.47,11.92,1232,9.4,761,625.0,1,109.42,32,131,6,1
313,0,156.5,83.81,1.44,1194,7.24,509,494.0,1,44.33,15,165,2,0
3282,3,410.25,6.05,13.13,612,3.42,1487,1145.0,0,110.4,32,179,8,3
3629,3,604.83,12.9,63.14,1362,7.32,1042,600.0,1,60.12,323,186,6,3
1687,1,843.5,25.18,5.74,1469,8.69,711,484.0,1,53.76,75,169,2,1
1149,1,287.25,22.91,3.68,986,5.42,679,199.0,0,78.62,56,182,4,0
3899,3,1299.67,15.87,32.75,1843,17.72,832,21.0,2,138.71,20,104,3,3
1783,1,891.5,2.17,1.78,1561,11.65,1811,885.0,2,143.98,156,134,2,2
1629,1,325.8,27.8,4.07,1695,8.97,1208,308.0,2,138.52,48,189,5,1
2528,2,2528.0,3.11,6.57,667,3.61,1947,1015.0,0,182.97,88,185,1,2
3256,3,465.14,0.61,45.58,1768,20.09,1814,1303.0,2,223.35,54,88,7,3
2341,2,292.62,17.18,52.44,1269,7.05,1036,406.0,1,101.16,90,180,8,2
2785,2,2785.0,20.21,7.8,1109,7.34,833,124.0,1,52.64,150,151,1,2
3761,3,1253.67,3.71,5.64,936,5.71,1677,150.0,0,120.26,13,164,3,3
1513,1,252.17,3.17,18.16,1713,8.61,1963,108.0,2,122.87,90,199,6,1
2240,2,1120.0,19.67,7.62,1175,7.04,557,90.0,1,51.29,60,167,2,1
820,0,205.0,5.55,3.28,1940,10.0,1809,588.0,2,95.11,342,194,4,1
1875,1,937.5,30.55,1.88,855,5.38,1196,1028.0,0,92.77,128,159,2,1
920,0,306.67,33.05,1.38,771,4.91,1247,776.0,0,86.4,32,157,3,0
3615,3,903.75,17.35,36.15,645,3.71,584,278.0,0,34.04,144,174,4,2
1412,1,201.71,4.73,17.79,1307,14.85,1103,897.0,1,83.63,144,88,7,1
361,0,361.0,11.05,1.05,1948,14.32,700,651.0,2,136.56,6,136,1,0
1540,1,385.0,31.17,3.7,1509,18.63,1684,1010.0,2,151.05,96,81,4,1
1077,1,538.5,9.55,6.03,626,5.74,1759,737.0,0,272.45,6,109,2,0
3610,3,722.0,11.03,36.1,1190,12.8,1646,1399.0,1,154.3,91,93,5,3
512,0,85.33,95.0,6.45,1727,10.93,1288,376.0,2,223.63,10,158,6,0
3024,3,378.0,20.31,72.58,1670,14.65,1330,1117.0,2,248.12,36,114,8,3
1610,1,1610.0,16.15,0.8,1150,8.58,1947,234.0,1,163.42,66,134,1,1
2201,2,2201.0,7.11,6.38,1208,6.9,1028,691.0,1,68.81,272,175,1,1
3338,3,476.86,12.5,30.38,1812,11.19,1550,380.0,2,83.99,234,162,7,3
3473,3,868.25,17.47,20.84,770,3.93,1483,603.0,0,200.11,21,196,4,3
2203,2,275.38,4.44,22.91,1559,13.68,681,117.0,2,86.37,35,114,8,1
940,0,235.0,12.77,1.88,1902,12.27,877,766.0,2,77.63,140,155,4,1
1155,1,144.38,3.26,23.1,1751,11.99,1952,1499.0,2,123.06,266,146,8,1
3872,3,968.0,5.15,27.88,1416,15.23,1578,1175.0,1,178.86,20,93,4,3
1882,1,313.67,31.48,5.65,1288,11.2,1503,988.0,1,105.8,96,115,6,2
1798,1,224.75,8.62,41.71,1003,8.43,1905,190.0,1,112.61,112,119,8,1
2598,2,433.0,6.83,7.79,1715,17.86,1375,674.0,2,85.07,34,96,6,3
1567,1,1567.0,28.22,0.78,1967,9.88,1374,518.0,2,91.78,30,199,1,1
1491,1,1491.0,1.29,1.49,962,7.7,1916,1618.0,0,147.52,32,125,1,1
2003,2,1001.5,20.43,6.01,1487,12.39,989,857.0,1,100.67,48,120,2,2
3905,3,976.25,13.8,24.99,1569,8.26,665,371.0,2,108.78,12,190,4,3
291,0,58.2,148.37,4.36,1146,10.32,583,73.0,1,29.38,171,111,5,0
1693,1,211.62,5.13,20.32,1379,11.69,755,98.0,1,63.44,44,118,8,1
1788,1,447.0,13.54,13.59,1504,9.89,1853,395.0,2,135.33,143,152,4,1
3322,3,553.67,7.77,23.92,1945,17.37,1540,1064.0,2,98.52,126,112,6,3
1751,1,291.83,17.68,29.42,1630,20.38,1726,712.0,2,143.62,120,80,6,2
1641,1,1641.0,13.51,4.43,1125,9.62,939,774.0,1,81.13,112,117,1,1
2854,2,407.71,17.66,13.98,614,3.45,1040,1012.0,0,131.92,70,178,7,2
3115,3,778.75,5.41,12.46,854,8.46,1148,730.0,0,170.06,42,101,4,2
3259,3,3259.0,13.71,5.54,1470,12.15,1090,777.0,1,121.69,10,121,1,3
1612,1,201.5,29.27,6.45,1826,10.62,1633,973.0,2,105.61,153,172,8,2
2319,2,579.75,15.65,4.64,807,6.35,829,245.0,0,144.07,20,127,4,1
1258,1,251.6,5.27,17.61,1996,14.46,1083,937.0,2,79.56,238,138,5,1
1543,1,308.6,25.52,15.43,1083,6.85,1164,937.0,1,78.65,54,158,5,1
3991,3,1995.5,12.26,3.99,1035,5.81,1171,574.0,1,100.32,48,178,2,3
3555,3,3555.0,17.36,5.69,1521,10.64,1630,678.0,2,294.23,10,143,1,3
3411,3,852.75,1.46,38.2,1314,15.1,512,82.0,1,28.81,272,87,4,3
524,0,65.5,39.23,7.96,535,2.82,1775,398.0,0,181.91,27,190,8,0
3541,3,590.17,9.84,40.37,673,4.74,1570,1096.0,0,100.77,306,142,6,3
1998,1,333.0,1.95,19.18,1219,7.21,1698,1419.0,1,221.29,18,169,6,2
3437,3,687.4,9.55,8.59,1606,8.03,770,157.0,2,65.49,11,200,5,3
1637,1,818.5,10.01,1.64,1603,14.06,1207,430.0,2,71.18,51,114,2,1
3064,3,3064.0,16.82,1.53,1958,12.8,1848,1524.0,2,299.42,42,153,1,3
2855,2,1427.5,4.16,2.86,695,3.55,1829,1649.0,0,144.86,208,196,2,2
1393,1,1393.0,36.29,0.84,1441,13.59,954,254.0,1,98.72,36,106,1,1
1633,1,233.29,19.47,25.15,1470,10.65,1988,1790.0,1,140.8,72,138,7,2
2392,2,598.0,19.7,10.52,1890,14.88,1832,1438.0,2,211.72,40,127,4,3
3284,3,1642.0,7.86,13.79,1152,14.05,1673,1304.0,1,132.57,30,82,2,3
464,0,77.33,36.16,2.51,1619,13.84,1180,813.0,2,179.12,35,117,6,0
1234,1,176.29,34.48,15.55,1002,5.57,1007,948.0,1,69.15,247,180,7,0
292,0,97.33,93.47,0.44,742,5.34,1288,1161.0,0,192.67,48,139,3,0
2521,2,840.33,12.88,15.88,1306,7.51,1258,867.0,1,218.26,30,174,3,2
2658,2,531.6,7.42,38.54,1424,7.91,1199,181.0,1,75.79,90,180,5,2
587,0,146.75,40.1,3.29,942,10.35,1532,754.0,0,243.93,18,91,4,0
2190,2,547.5,0.89,23.65,1934,16.39,1127,242.0,2,60.67,18,118,4,2
879,0,219.75,36.52,4.92,1290,11.73,742,405.0,1,49.73,32,110,4,0
1743,1,1743.0,29.96,3.66,930,11.62,1763,1569.0,0,295.01,7,80,1,2
1181,1,295.25,16.76,2.36,1699,10.89,1099,105.0,2,64.94,96,156,4,1
3330,3,475.71,8.65,11.66,1849,10.22,1986,978.0,2,147.58,56,181,7,3
3564,3,445.5,11.73,14.26,1922,12.56,1882,725.0,2,155.14,12,153,8,3
562,0,140.5,86.31,2.25,548,3.75,1657,657.0,0,99.03,238,146,4,0
1659,1,414.75,27.32,3.32,916,11.17,1393,1147.0,0,150.37,110,82,4,1
1816,1,227.0,7.47,7.26,1783,9.74,1566,910.0,2,139.32,84,183,8,2
1338,1,267.6,34.83,9.37,1083,6.94,503,295.0,1,34.3,128,156,5,0
2992,2,374.0,2.32,67.02,1698,12.96,508,26.0,2,31.79,45,131,8,2
315,0,39.38,17.17,2.02,1969,23.16,764,332.0,2,49.0,112,85,8,0
3249,3,464.14,0.61,43.21,869,4.41,533,519.0,0,37.2,114,197,7,2
3242,3,810.5,1.53,35.01,1337,6.68,1029,161.0,1,94.68,10,200,4,2
2725,2,681.25,10.14,8.72,637,3.28,1289,1080.0,0,105.1,150,194,4,2
586,0,146.5,40.16,1.41,833,5.74,1290,649.0,0,72.2,152,145,4,0
2454,2,818.0,3.61,17.67,1248,14.02,1686,71.0,1,168.75,72,89,3,2
804,0,201.0,33.89,2.89,1174,7.99,1244,744.0,1,80.53,238,147,4,0
2460,2,351.43,17.58,39.61,1831,12.37,1113,437.0,2,108.7,50,148,7,2
1295,1,1295.0,19.79,3.37,1002,6.86,1111,115.0,1,58.79,270,146,1,0
2625,2,525.0,3.0,26.25,1010,7.27,957,547.0,1,68.89,165,139,5,2
1999,1,999.5,10.23,2.0,1117,6.31,1035,495.0,1,71.7,135,177,2,1
2698,2,1349.0,5.48,14.57,990,6.47,1717,1466.0,0,188.14,88,153,2,2
3742,3,623.67,6.93,31.43,1564,12.12,1115,117.0,2,80.08,39,129,6,3
1193,1,238.6,16.6,16.7,1065,6.74,1722,760.0,1,110.72,208,158,5,1
3511,3,501.57,6.8,27.03,1982,15.36,1873,764.0,2,118.99,224,129,7,3
885,0,442.5,20.74,1.95,1607,8.37,1005,776.0,2,105.81,11,192,2,0
1044,1,208.8,4.47,15.66,1066,6.38,1504,53.0,1,167.21,56,167,5,0
2548,2,509.6,6.57,6.37,681,3.51,1702,371.0,0,248.85,6,194,5,2
2940,2,1470.0,6.39,12.35,1163,8.81,818,728.0,1,78.22,78,132,2,2
3966,3,793.2,2.77,15.86,1285,6.46,1896,1791.0,1,144.9,255,199,5,3
3484,3,435.5,13.71,13.94,753,6.22,1316,606.0,0,120.74,110,121,8,3
1246,1,1246.0,3.8,3.24,1779,19.77,1717,1225.0,2,162.25,24,90,1,1
2757,2,919.0,18.62,15.71,987,11.89,736,419.0,0,47.05,204,83,3,2
2378,2,792.67,9.91,6.42,511,3.76,1264,367.0,0,69.27,54,136,3,1
1794,1,299.0,6.48,19.38,1044,10.04,1263,1230.0,1,92.79,126,104,6,1
3933,3,491.62,8.12,15.73,1855,9.92,1161,267.0,2,148.91,42,187,8,3
1637,1,272.83,15.31,13.75,946,5.09,891,273.0,0,116.49,21,186,6,0
783,0,97.88,24.29,11.9,657,5.97,1905,705.0,0,290.18,6,110,8,0
3094,3,618.8,13.46,24.75,1673,9.19,679,214.0,2,54.76,48,182,5,2
1774,1,221.75,15.28,7.1,731,5.62,1032,424.0,0,85.82,96,130,8,1
256,0,36.57,168.57,1.43,926,5.75,793,84.0,0,41.97,126,161,7,0
1365,1,682.5,36.29,1.36,1261,14.66,1429,605.0,1,155.18,27,86,2,1
2339,2,779.67,18.87,7.72,618,3.29,1586,1175.0,0,98.69,38,188,3,2
2049,2,1024.5,27.13,9.43,936,7.26,938,657.0,0,88.09,96,129,2,1
3241,3,648.2,8.58,14.58,1485,9.4,1023,371.0,1,72.55,154,158,5,3
867,0,216.75,22.18,1.73,1339,16.74,1441,833.0,1,184.94,24,80,4,0
2175,2,435.0,22.48,14.14,508,6.2,1195,102.0,0,79.96,56,82,5,1
3497,3,1748.5,12.52,3.5,1938,16.02,1935,1299.0,2,122.66,180,121,2,3
609,0,152.25,14.39,3.17,995,9.57,1889,258.0,0,158.88,33,104,4,0
3285,3,547.5,13.0,33.51,1086,9.78,1150,56.0,1,95.95,55,111,6,2
3684,3,3684.0,9.47,8.47,1322,8.42,708,443.0,1,52.2,120,157,1,3
3586,3,597.67,15.82,40.88,1864,10.3,1793,1279.0,2,110.12,171,181,6,3
2322,2,580.5,10.98,4.64,1944,21.13,712,313.0,2,38.89,152,92,4,2
354,0,177.0,125.64,0.42,581,3.23,565,523.0,0,69.99,40,180,2,0
3204,3,801.0,8.36,8.97,1020,7.97,1482,919.0,1,91.78,18,128,4,3
1400,1,466.67,29.99,5.46,1936,13.93,1021,570.0,2,64.96,119,139,3,1
2308,2,288.5,9.77,31.39,1329,6.71,682,380.0,1,65.06,110,198,8,1
1082,1,135.25,39.77,4.33,808,7.7,529,119.0,0,33.89,75,105,8,0
3104,3,1552.0,12.77,7.45,994,6.06,839,296.0,0,49.43,119,164,2,2
2847,2,1423.5,7.64,11.39,1811,22.09,614,358.0,2,71.07,18,82,2,2
2256,2,282.0,19.1,45.12,765,8.69,1851,1364.0,0,328.47,6,88,8,2
1113,1,159.0,13.48,17.92,993,9.37,1639,424.0,0,112.86,14,106,7,0
3210,3,535.0,9.89,30.82,1136,7.57,1030,961.0,1,128.06,30,150,6,3
3990,3,665.0,5.76,11.97,719,6.36,1727,431.0,0,118.66,126,113,6,3
984,0,140.57,59.38,4.13,733,6.98,1739,950.0,0,110.09,68,105,7,0
3117,3,389.62,2.54,67.33,1946,15.82,1849,647.0,2,279.85,36,123,8,3
1622,1,231.71,28.5,18.17,1230,11.08,1963,1942.125,1,145.34,306,111,7,2
2967,2,989.0,21.35,8.9,1577,15.02,1432,116.0,2,179.59,21,105,3,3
1037,1,345.67,10.78,4.36,1514,10.97,538,306.0,2,38.68,45,138,3,0
2908,2,363.5,2.38,58.16,579,6.51,1517,808.0,0,132.21,48,89,8,2
1167,1,583.5,24.2,7.0,574,4.56,1334,94.0,0,222.88,15,126,2,0
2715,2,339.38,6.91,47.78,1072,9.4,877,380.0,1,59.74,135,114,8,2
1734,1,247.71,8.92,15.78,843,7.08,732,593.0,0,52.34,136,119,7,1
2259,2,753.0,4.77,10.17,1492,17.55,1746,1684.0,1,161.72,168,85,3,3
2921,2,973.67,5.42,25.41,1807,14.46,1415,1221.0,2,207.66,40,125,3,3
1244,1,414.67,35.75,2.61,909,6.23,1643,410.0,0,112.89,140,146,3,0
3132,3,1044.0,20.26,12.21,1876,19.14,1211,600.0,2,75.08,102,98,3,3
2488,2,497.6,9.09,29.86,1436,13.55,1411,189.0,1,158.18,32,106,5,2
1052,1,175.33,25.72,3.16,1251,9.41,591,308.0,1,55.54,99,133,6,0
2927,2,1463.5,9.46,2.93,636,4.18,742,148.0,0,47.29,90,152,2,2
2090,2,522.5,12.14,5.85,1354,9.96,918,297.0,1,160.81,5,136,4,1
2131,2,532.75,15.59,4.26,930,4.89,1726,1050.0,0,252.54,14,190,4,2
3362,3,3362.0,13.89,3.36,1830,15.64,1882,1191.0,2,159.09,130,117,1,3
1053,1,263.25,20.38,2.11,1424,17.8,1663,1399.0,1,144.88,154,80,4,1
1799,1,224.88,27.47,12.95,583,6.62,1794,1658.0,0,143.7,144,88,8,1
3124,3,624.8,17.14,7.81,648,5.94,1817,1153.0,0,358.66,30,109,5,3
1672,1,836.0,6.35,1.67,1203,11.04,510,35.0,1,28.4,221,109,2,0
1552,1,388.0,9.28,13.66,1777,17.77,874,553.0,2,94.02,80,100,4,1
1938,1,323.0,32.12,32.56,1299,15.65,908,46.0,1,45.46,152,83,6,1
3202,3,1601.0,14.56,12.17,1494,11.58,1177,207.0,1,85.36,13,129,2,3
1302,1,1302.0,38.64,0.91,527,4.12,1924,67.0,0,137.51,91,128,1,0
2296,2,574.0,27.32,25.72,793,4.43,1006,818.0,0,99.74,72,179,4,1
575,0,82.14,12.09,2.01,873,5.74,1411,1257.0,0,118.11,120,152,7,0
2359,2,393.17,4.99,15.57,722,7.76,1371,138.0,0,98.42,78,93,6,1
3314,3,662.8,5.99,24.86,1250,7.49,1020,11.0,1,145.72,30,167,5,2
440,0,146.67,113.27,2.24,1358,9.24,1635,889.0,1,124.07,140,147,3,0
2002,2,333.67,5.35,22.82,1035,5.98,1709,831.0,1,105.57,136,173,6,1
3167,3,527.83,5.01,15.2,1289,8.01,1854,713.0,1,132.42,112,161,6,3
3480,3,1740.0,10.58,15.31,1445,17.62,1393,527.0,1,82.74,272,82,2,3
595,0,297.5,69.01,2.74,1702,15.91,1643,1284.0,2,189.56,60,107,2,1
2466,2,493.2,0.8,6.16,534,6.28,1220,911.0,0,253.77,15,85,5,2
1337,1,222.83,42.68,14.44,628,7.22,1534,1047.0,0,142.87,84,87,6,1
1462,1,1462.0,34.69,2.05,713,7.28,1477,123.0,0,74.11,342,98,1,0
503,0,62.88,98.1,2.01,1207,10.78,681,406.0,1,99.11,21,112,8,0
2066,2,295.14,14.17,30.37,683,3.47,1135,927.0,0,146.55,54,197,7,1
708,0,141.6,34.12,9.2,594,3.03,528,407.0,0,37.04,85,196,5,0
2029,2,289.86,26.42,28.41,537,5.21,1430,1041.0,0,160.8,50,103,7,1
308,0,61.6,94.81,0.77,1565,12.93,1364,781.0,2,78.59,323,121,5,0
552,0,138.0,9.39,1.99,1052,5.39,1839,1191.0,1,313.0,6,195,4,0
2082,2,1041.0,29.53,6.66,713,8.01,1760,103.0,0,110.19,150,89,2,1
3314,3,662.8,4.8,8.28,1766,12.52,1227,125.0,2,123.34,63,141,5,3
3996,3,999.0,4.75,27.17,584,2.93,1343,919.0,0,125.18,108,199,4,3
1795,1,448.75,2.7,10.77,1541,14.14,1656,536.0,2,217.57,21,109,4,1
594,0,118.8,74.99,7.13,837,8.05,1831,638.0,0,114.06,96,104,5,0
2473,2,494.6,23.06,6.18,935,6.03,1087,639.0,0,114.63,40,155,5,2
690,0,138.0,40.06,2.41,665,3.59,1804,496.0,0,311.82,10,185,5,0
3845,3,1922.5,8.82,18.46,680,4.33,1418,686.0,0,98.45,15,157,2,3
2004,2,286.29,8.26,21.04,877,4.5,1985,1064.0,0,187.68,88,195,7,1
2083,2,416.6,24.83,15.62,1493,14.64,1414,240.0,1,71.71,285,102,5,2
2661,2,443.5,9.63,9.58,1762,21.23,704,525.0,2,87.82,63,83,6,2
1903,1,634.33,29.11,10.28,842,6.79,730,348.0,0,89.86,32,124,3,1
2466,2,2466.0,22.33,5.18,925,4.72,1520,1262.0,0,219.51,48,196,1,2
3779,3,3779.0,0.53,7.94,1692,15.96,1904,1899.0,2,268.91,27,106,1,3
3904,3,1301.33,1.28,25.77,1576,11.34,789,258.0,2,138.35,5,139,3,3
265,0,44.17,133.78,2.7,1065,6.57,1948,1188.0,1,253.52,48,162,6,0
1417,1,1417.0,40.44,2.27,958,4.79,751,730.0,0,95.21,40,200,1,0
1769,1,252.71,14.23,9.91,623,3.16,1238,484.0,0,120.84,10,197,7,1
2948,2,2948.0,5.71,4.13,897,5.25,1852,547.0,0,148.55,36,171,1,2
2572,2,857.33,15.7,11.57,1110,7.3,1455,800.0,1,97.67,80,152,3,2
3267,3,466.71,6.38,50.31,616,4.11,513,347.0,0,34.41,153,150,7,2
1459,1,364.75,24.27,7.0,1680,10.0,1231,679.0,2,87.87,45,168,4,1
1633,1,204.12,7.08,16.98,1715,18.24,1676,1224.0,2,129.71,150,94,8,2
2052,2,513.0,21.39,4.92,983,7.56,1205,948.0,0,255.53,15,130,4,1
1086,1,271.5,12.06,3.91,720,4.36,1234,366.0,0,85.81,98,165,4,0
2402,2,1201.0,9.81,2.88,1660,9.82,1777,223.0,2,137.76,120,169,2,2
3376,3,1688.0,12.36,10.13,1564,14.48,1962,1619.0,2,317.97,42,108,2,3
1507,1,215.29,33.09,8.44,592,5.75,970,332.0,0,170.87,30,103,7,0
641,0,213.67,60.61,3.46,969,6.13,909,167.0,0,92.42,9,158,3,0
3451,3,3451.0,10.09,1.73,1356,10.35,951,782.0,1,205.2,10,131,1,3
1607,1,229.57,8.39,11.25,504,2.67,1129,881.0,0,89.5,90,189,7,0
3521,3,3521.0,1.7,1.76,1546,15.31,1317,91.0,2,82.51,165,101,1,3
1241,1,620.5,5.34,7.2,689,4.69,722,487.0,0,87.09,54,147,2,0
881,0,125.86,16.66,3.7,1685,12.3,1429,120.0,2,204.86,18,137,7,0
2563,2,366.14,23.82,17.94,1792,10.54,1913,1626.0,2,132.14,252,170,7,3
3033,3,1011.0,19.92,10.92,1786,14.52,865,74.0,2,57.88,154,123,3,3
769,0,109.86,69.33,3.23,1944,14.73,1079,634.0,2,62.57,247,132,7,0
3454,3,863.5,14.11,34.54,1077,8.22,1079,334.0,1,62.75,187,131,4,3
819,0,204.75,66.68,5.9,648,3.32,1811,931.0,0,185.12,30,195,4,0
435,0,72.5,3.81,1.3,1702,9.2,1351,921.0,2,125.77,108,185,6,0
586,0,83.71,44.63,11.9,1571,10.47,956,805.0,2,113.62,90,150,7,0
650,0,108.33,25.86,4.29,856,6.85,1931,1057.0,0,122.3,102,125,6,0
3038,3,759.5,4.57,31.6,1786,15.53,912,616.0,2,57.92,108,115,4,3
3736,3,747.2,16.01,13.08,914,4.62,840,740.0,0,74.63,112,198,5,3
2948,2,2948.0,3.02,8.25,1615,13.8,678,542.0,2,96.45,24,117,1,2
739,0,105.57,23.12,7.24,649,3.42,1551,344.0,0,83.62,18,190,7,0
686,0,343.0,32.47,3.43,1646,8.23,1608,211.0,2,180.2,48,200,2,0
841,0,420.5,7.6,3.2,1189,7.25,615,79.0,1,44.29,130,164,2,0
1183,1,147.88,23.1,25.55,1043,12.57,893,887.0,1,209.78,15,83,8,0
3943,3,1314.33,4.81,7.1,1920,14.66,1152,670.0,2,95.19,78,131,3,3
1037,1,148.14,48.53,20.33,1220,11.19,1249,383.0,1,186.63,24,109,7,0
2633,2,658.25,19.84,5.27,1748,15.33,1109,718.0,2,77.71,96,114,4,2
3911,3,1303.67,11.23,30.51,907,5.67,896,144.0,0,64.82,78,160,3,3
1958,1,279.71,9.94,31.52,1193,7.55,1904,1442.0,1,298.55,35,158,7,2
3297,3,412.12,6.63,13.19,1766,14.48,1318,291.0,2,168.72,35,122,8,3
3141,3,1047.0,7.58,9.42,1278,7.52,1775,1352.0,1,318.75,12,170,3,3
3351,3,558.5,5.04,34.18,1234,7.09,725,209.0,1,58.04,108,174,6,2
2355,2,336.43,22.92,24.73,1961,19.61,1888,861.0,2,138.34,98,100,7,3
1308,1,436.0,2.18,11.38,1745,16.62,1629,426.0,2,280.63,30,105,3,1
991,0,198.2,25.29,2.97,1442,11.35,642,266.0,1,46.33,112,127,5,0
3248,3,406.0,11.92,75.35,1083,6.26,542,523.0,1,83.69,48,173,8,2
1519,1,379.75,3.16,5.47,868,6.34,1311,40.0,0,93.69,78,137,4,0
493,0,82.17,91.15,4.73,864,9.82,1436,262.0,0,76.83,162,88,6,0
1747,1,291.17,1.11,12.58,1142,10.02,769,623.0,1,123.71,42,114,6,1
2517,2,629.25,25.02,5.03,608,6.47,1351,4.0,0,79.47,128,94,4,1
1389,1,1389.0,36.39,2.5,983,5.26,1176,1001.0,0,85.8,136,187,1,1
2522,2,504.4,0.78,20.18,1720,9.15,896,334.0,2,86.93,50,188,5,2
1885,1,377.0,13.91,11.31,1802,15.53,963,453.0,2,96.75,90,116,5,2
704,0,100.57,20.32,10.35,591,3.02,1726,952.0,0,131.41,70,196,7,0
953,0,158.83,9.7,15.44,1205,7.39,1870,321.0,1,99.86,198,163,6,0
3206,3,3206.0,8.67,5.45,1369,12.68,1469,1451.0,1,121.46,240,108,1,3
928,0,928.0,41.74,0.84,713,7.59,1123,1048.0,0,118.16,120,94,1,0
2177,2,544.25,0.9,20.03,1082,10.71,724,398.0,1,63.55,24,101,4,1
2610,2,870.0,19.63,16.44,1719,9.19,520,417.0,2,60.6,10,187,3,2
489,0,69.86,20.78,8.22,1544,8.3,844,470.0,2,96.6,36,186,7,0
3839,3,479.88,2.08,70.64,1090,8.52,1670,1217.0,1,114.8,51,128,8,3
1861,1,1861.0,7.82,5.21,1991,11.0,1037,298.0,2,119.89,40,181,1,1
299,0,149.5,142.86,1.73,1367,7.77,642,36.0,1,91.86,12,176,2,0
340,0,170.0,74.07,0.34,1179,6.48,1451,85.0,1,85.5,80,182,2,0
3606,3,721.2,4.14,48.68,721,7.07,1255,655.0,0,128.69,60,102,5,3
799,0,199.75,70.43,5.75,1549,17.02,990,167.0,2,125.5,21,91,4,0
2367,2,394.5,19.08,29.82,1349,10.07,623,212.0,1,54.84,77,134,6,1
445,0,148.33,56.12,1.34,1799,14.63,1386,617.0,2,137.92,80,123,3,0
3927,3,3927.0,2.8,1.96,1075,8.81,1769,271.0,1,198.85,24,122,1,3
3756,3,751.2,16.72,16.9,684,4.36,1738,159.0,0,96.96,85,157,5,3
770,0,192.5,42.26,1.54,1837,11.34,872,786.0,2,78.26,14,162,4,0
1641,1,1641.0,12.33,3.12,1619,11.73,562,46.0,2,70.48,14,138,1,1
2343,2,292.88,5.44,26.24,965,4.9,1275,645.0,0,79.38,204,197,8,2
2787,2,696.75,3.19,16.72,730,5.98,1677,1371.0,0,196.92,80,122,4,2
2495,2,499.0,18.53,17.46,1361,8.05,1382,881.0,1,182.1,56,169,5,2
3208,3,641.6,13.92,25.66,1494,9.46,790,449.0,1,75.72,99,158,5,3
1234,1,176.29,13.79,6.91,1027,7.03,534,338.0,1,79.0,28,146,7,0
1069,1,133.62,33.22,6.84,1807,18.63,1814,1332.0,2,281.31,42,97,8,1
3568,3,713.6,3.07,42.82,709,5.45,1531,119.0,0,90.33,224,130,5,3
3585,3,717.0,12.5,25.1,689,6.69,823,256.0,0,78.35,10,103,5,3
1974,1,493.5,0.99,3.95,955,6.16,1254,428.0,0,88.34,14,155,4,1
2419,2,806.33,14.21,13.79,1872,16.86,1879,1546.0,2,152.08,75,111,3,3
340,0,170.0,30.09,0.82,1259,12.98,1989,1210.0,1,129.34,221,97,2,0
2282,2,285.25,17.61,21.91,695,4.11,1211,789.0,0,240.89,10,169,8,1
298,0,74.5,161.12,1.43,1969,14.92,756,390.0,2,77.33,10,132,4,0
968,0,484.0,37.31,4.84,759,4.69,1317,110.0,0,188.8,12,162,2,0
2391,2,797.0,7.39,7.17,936,6.12,1686,1330.0,0,165.19,72,153,3,2
1534,1,767.0,38.8,6.44,1176,7.0,1455,674.0,1,229.08,12,168,2,1
696,0,99.43,12.83,13.15,1802,17.84,590,253.0,2,42.8,98,101,7,0
2782,2,397.43,8.17,19.47,772,7.96,1805,317.0,0,229.08,42,97,7,2
755,0,377.5,53.74,3.62,1318,9.69,661,183.0,1,36.1,54,136,2,0
3746,3,624.33,4.26,11.24,591,6.57,1603,892.0,0,305.74,30,90,6,3
2651,2,2651.0,15.25,6.63,569,4.59,605,388.0,0,39.93,119,124,1,1
1341,1,167.62,31.92,10.73,764,6.16,539,52.0,0,27.08,19,124,8,0
2651,2,883.67,13.76,16.7,1056,10.46,979,914.0,1,83.71,75,101,3,2
1824,1,364.8,6.38,14.59,1982,24.78,593,287.0,2,47.06,39,80,5,1
1905,1,317.5,7.14,5.72,1830,11.44,1353,773.0,2,91.66,48,160,6,2
1456,1,208.0,26.28,5.1,1122,7.19,1163,675.0,1,134.47,27,156,7,1
3155,3,450.71,19.8,15.46,1023,6.69,1985,367.0,1,168.22,110,153,7,3
773,0,257.67,38.6,5.57,1283,13.8,980,510.0,1,61.38,119,93,3,0
1829,1,261.29,18.56,20.48,1602,16.18,1800,1325.0,2,117.64,306,99,7,2
3883,3,485.38,8.22,40.38,732,4.49,1836,1661.0,0,190.45,24,163,8,3
1675,1,1675.0,19.01,1.51,1854,9.51,718,665.0,2,65.24,168,195,1,1
1601,1,533.67,18.03,7.68,718,7.72,997,662.0,0,108.8,90,93,3,1
1958,1,244.75,0.99,31.33,897,5.82,994,565.5,0,142.95,35,154,8,1
2376,2,594.0,3.31,16.16,1405,13.13,1036,284.0,1,53.71,114,107,4,2
1647,1,823.5,12.29,1.98,798,7.25,1951,661.0,0,158.46,24,110,2,1
3548,3,709.6,11.22,47.9,1035,6.59,1912,757.0,1,137.09,56,157,5,3
2694,2,673.5,13.55,6.47,1396,10.42,1177,560.0,1,68.6,54,134,4,2
2195,2,2195.0,21.84,1.1,1749,9.83,775,470.0,2,151.06,20,178,1,2
2506,2,501.2,1.57,31.32,1588,10.73,822,146.0,2,139.14,15,148,5,2
2073,2,518.25,7.53,4.15,1600,17.02,1710,1315.0,2,215.72,45,94,4,2
3767,3,627.83,5.56,49.72,1522,9.4,1696,533.0,2,111.11,135,162,6,3
1150,1,191.67,5.72,17.25,1279,12.18,1633,560.0,1,215.79,14,105,6,1
841,0,140.17,6.51,14.63,719,7.05,1141,405.0,0,121.07,9,102,6,0
1675,1,335.0,4.03,4.19,544,4.22,610,227.0,0,46.49,52,129,5,0
1301,1,162.62,15.32,30.18,1007,5.44,831,479.0,1,106.57,48,185,8,0
1817,1,302.83,17.07,13.08,590,4.18,509,227.0,0,50.67,60,141,6,0
2321,2,386.83,2.54,6.96,1788,12.68,1022,149.0,2,129.1,35,141,6,2
1974,1,282.0,12.33,19.35,748,6.8,709,88.0,0,39.69,85,110,7,1
3433,3,490.43,18.54,21.63,757,4.82,819,114.0,0,118.13,30,157,7,2
1205,1,401.67,21.15,5.78,1561,8.97,874,662.0,2,84.34,84,174,3,1
872,0,124.57,24.17,17.09,1327,14.91,1721,441.0,1,222.08,35,89,7,0
2052,2,256.5,8.56,24.62,797,9.84,1466,888.0,0,171.4,27,81,8,1
3654,3,3654.0,17.45,9.14,727,3.77,711,664.0,0,97.28,9,193,1,3
1503,1,375.75,22.96,16.23,686,3.54,745,64.0,0,67.98,60,194,4,0
3104,3,620.8,7.66,32.59,1515,8.61,1247,747.0,2,207.66,30,176,5,3
343,0,68.6,39.08,0.86,555,3.4,1010,956.0,0,69.53,266,163,5,0
3430,3,686.0,1.45,10.29,1589,14.19,1397,776.0,2,199.76,35,112,5,3
2470,2,617.5,17.91,25.69,1976,14.53,1933,652.0,2,170.0,11,136,4,3
1396,1,232.67,16.4,8.38,1884,12.64,1179,1168.0,2,103.72,120,149,6,1
2668,2,444.67,9.98,32.02,1063,12.36,582,201.0,1,47.36,60,86,6,2
1457,1,291.4,40.06,4.37,672,3.46,1127,724.0,0,89.3,140,194,5,0
2452,2,350.29,6.41,8.58,635,5.77,1299,599.0,0,71.52,323,110,7,2
1871,1,623.67,28.54,10.66,1906,16.87,629,3.0,2,44.93,65,113,3,1
1112,1,278.0,33.73,3.11,1753,9.18,1983,1652.0,2,286.77,16,191,4,1
967,0,120.88,2.87,10.83,659,7.75,657,190.0,0,62.17,10,85,8,0
2498,2,1249.0,5.51,6.0,1583,10.7,1673,1171.0,2,145.86,78,148,2,2
387,0,64.5,87.88,6.73,1783,17.14,1979,1081.0,2,150.33,70,104,6,1
635,0,317.5,29.16,1.27,1667,12.08,1396,1211.0,2,102.67,119,138,2,0
2711,2,338.88,2.18,28.19,640,4.48,1353,976.0,0,104.27,105,143,8,2
2023,2,404.6,13.97,18.21,1913,17.23,742,675.0,2,55.73,221,111,5,2
2215,2,316.43,11.05,17.06,538,3.3,537,455.0,0,70.38,27,163,7,1
824,0,137.33,50.85,3.96,1191,13.38,807,42.0,1,40.4,342,89,6,0
3851,3,3851.0,2.33,11.55,816,6.97,1651,1196.0,0,185.33,30,117,1,3
2156,2,1078.0,14.96,2.16,915,4.6,986,503.0,0,138.36,21,199,2,1
2885,2,360.62,9.25,18.46,1157,13.15,1798,1694.0,1,274.48,32,88,8,3
495,0,70.71,17.14,1.73,1201,12.13,558,306.0,1,39.77,90,99,7,0
2358,2,1179.0,7.49,5.19,1379,10.69,885,838.0,1,110.8,50,129,2,2
1744,1,348.8,29.39,19.18,1483,8.78,651,291.0,1,101.87,18,169,5,1
1832,1,610.67,4.76,6.6,1614,10.02,1219,173.0,2,76.95,120,161,3,1
2016,2,252.0,1.93,16.13,930,6.46,1289,1017.0,0,117.28,130,144,8,1
1300,1,433.33,4.38,10.14,1454,7.31,1018,698.0,1,112.21,60,199,3,1
2313,2,385.5,17.38,22.2,1784,10.88,1437,610.0,2,104.07,14,164,6,2
3248,3,649.6,10.39,29.23,1262,8.47,737,223.0,1,55.0,39,149,5,2
2216,2,316.57,16.34,34.13,797,5.53,1167,206.0,0,118.5,45,144,7,1
3142,3,628.4,18.62,32.99,1829,20.1,1919,1457.0,2,141.73,96,91,5,3
1850,1,925.0,30.42,3.33,1139,7.07,999,742.0,1,124.44,36,161,2,1
1424,1,356.0,8.72,5.7,618,7.72,724,591.0,0,58.41,180,80,4,0
1620,1,1620.0,33.89,4.7,1547,13.57,957,347.0,2,101.8,18,114,1,1
2592,2,864.0,5.7,21.77,586,7.06,854,241.0,0,68.26,96,83,3,1
296,0,296.0,92.53,0.71,1617,19.02,1426,743.0,2,267.99,15,85,1,0
3579,3,447.38,12.24,57.26,1882,16.65,743,4.0,2,37.15,152,113,8,3
1180,1,393.33,16.77,10.27,674,3.4,1809,576.0,0,271.21,18,198,3,0
3962,3,792.4,4.53,9.9,1467,12.02,1099,888.0,1,88.31,165,122,5,3
3978,3,3978.0,12.55,8.75,858,10.21,1416,528.0,0,83.96,272,84,1,3
668,0,111.33,2.66,2.0,794,7.49,1890,1222.0,0,160.76,52,106,6,0
2032,2,508.0,18.71,21.13,1965,10.51,1965,915.0,2,180.63,110,187,4,2
3057,3,382.12,11.67,22.01,1911,17.69,1632,868.0,2,184.85,9,108,8,3
869,0,173.8,48.49,3.91,1512,10.43,670,336.0,2,39.45,180,145,5,0
3919,3,653.17,11.46,47.03,510,3.04,754,483.0,0,44.77,76,168,6,3
